Price,Close,High,Low,Open,Volume
Ticker,BTC-USD,BTC-USD,BTC-USD,BTC-USD,BTC-USD
Datetime,,,,,
2025-09-27 00:00:00+00:00,109675.7578125,109702.3671875,109649.578125,109702.3671875,535609344
2025-09-27 00:15:00+00:00,109643.578125,109703.78125,109574.734375,109664.734375,64864256
2025-09-27 00:30:00+00:00,109564.4296875,109650.8671875,109546.03125,109650.8671875,867098624
2025-09-27 00:45:00+00:00,109644.4765625,109650.0,109547.2734375,109555.9140625,608100352
2025-09-27 01:00:00+00:00,109569.234375,109703.34375,109569.234375,109691.515625,0
2025-09-27 01:15:00+00:00,109518.0390625,109595.0078125,109500.84375,109595.0078125,23404544
2025-09-27 01:30:00+00:00,109442.84375,109554.203125,109437.296875,109528.6171875,42852352
2025-09-27 01:45:00+00:00,109475.515625,109479.0,109418.6953125,109418.6953125,75542528
2025-09-27 02:00:00+00:00,109490.8046875,109529.1171875,109476.4609375,109499.6328125,789532672
2025-09-27 02:15:00+00:00,109411.8203125,109514.3203125,109399.9765625,109501.484375,0
2025-09-27 02:30:00+00:00,109500.140625,109512.6796875,109400.890625,109403.2890625,961675264
2025-09-27 02:45:00+00:00,109468.6484375,109507.4140625,109461.2109375,109506.96875,121008128
2025-09-27 03:00:00+00:00,109503.7109375,109548.6875,109479.5546875,109479.5546875,64532480
2025-09-27 03:15:00+00:00,109623.015625,109632.1484375,109508.2109375,109508.2109375,46960640
2025-09-27 03:30:00+00:00,109734.5390625,109772.25,109618.9453125,109620.4609375,1126928384
2025-09-27 03:45:00+00:00,109595.734375,109700.8203125,109595.734375,109700.8203125,968916992
2025-09-27 04:00:00+00:00,109608.3046875,109665.8203125,109595.3125,109597.8203125,1608822784
2025-09-27 04:15:00+00:00,109660.9140625,109671.7578125,109601.8984375,109618.203125,766468096
2025-09-27 04:30:00+00:00,109677.3515625,109758.765625,109676.5859375,109751.7890625,1056014336
2025-09-27 04:45:00+00:00,109707.859375,109731.375,109673.046875,109680.5546875,30593024
2025-09-27 05:00:00+00:00,109684.46875,109709.4453125,109661.7578125,109709.3125,0
2025-09-27 05:15:00+00:00,109683.4375,109706.0078125,109659.5859375,109679.859375,0
2025-09-27 05:30:00+00:00,109717.4609375,109729.46875,109665.90625,109665.90625,0
2025-09-27 05:45:00+00:00,109690.2265625,109731.0859375,109676.59375,109716.4375,33603584
2025-09-27 06:00:00+00:00,109649.984375,109675.4453125,109635.7578125,109658.1875,0
2025-09-27 06:15:00+00:00,109597.609375,109656.640625,109575.734375,109651.8046875,0
2025-09-27 06:30:00+00:00,109574.359375,109606.078125,109565.640625,109601.84375,870952960
2025-09-27 06:45:00+00:00,109595.2578125,109596.4140625,109563.7578125,109580.734375,0
2025-09-27 07:00:00+00:00,109610.03125,109620.6953125,109587.6328125,109599.28125,0
2025-09-27 07:15:00+00:00,109560.03125,109625.1640625,109560.03125,109608.515625,0
2025-09-27 07:30:00+00:00,109469.59375,109548.5625,109468.765625,109548.5625,0
2025-09-27 07:45:00+00:00,109453.53125,109454.28125,109393.5625,109454.28125,0
2025-09-27 08:00:00+00:00,109349.46875,109444.7265625,109320.9296875,109444.7265625,20566016
2025-09-27 08:15:00+00:00,109385.0390625,109386.65625,109339.1171875,109353.2890625,965140480
2025-09-27 08:30:00+00:00,109369.0859375,109390.3828125,109367.796875,109390.3046875,68079616
2025-09-27 08:45:00+00:00,109328.6875,109382.0546875,109316.0234375,109366.90625,160583680
2025-09-27 09:00:00+00:00,109229.765625,109340.8671875,109226.9609375,109323.671875,355069952
2025-09-27 09:15:00+00:00,109160.3515625,109236.6875,109160.3515625,109227.921875,856600576
2025-09-27 09:30:00+00:00,109330.28125,109338.234375,109186.578125,109186.578125,1111539712
2025-09-27 09:45:00+00:00,109358.0546875,109391.921875,109317.5078125,109330.65625,116883456
2025-09-27 10:00:00+00:00,109348.2734375,109363.359375,109322.7890625,109355.65625,797794304
2025-09-27 10:15:00+00:00,109343.1875,109348.2890625,109328.9375,109340.34375,18198528
2025-09-27 10:30:00+00:00,109411.0078125,109488.015625,109337.5546875,109338.9375,0
2025-09-27 10:45:00+00:00,109492.4765625,109504.015625,109449.7734375,109449.7734375,683270144
2025-09-27 11:00:00+00:00,109405.4296875,109486.046875,109405.4296875,109479.359375,789463040
2025-09-27 11:15:00+00:00,109382.296875,109405.7109375,109354.390625,109404.03125,0
2025-09-27 11:30:00+00:00,109361.59375,109387.171875,109359.046875,109375.671875,31043584
2025-09-27 11:45:00+00:00,109351.46875,109355.7265625,109331.9921875,109355.7265625,0
2025-09-27 12:00:00+00:00,109322.5078125,109350.15625,109322.5078125,109350.15625,761712640
2025-09-27 12:15:00+00:00,109306.875,109339.8515625,109302.890625,109339.8515625,0
2025-09-27 12:30:00+00:00,109470.2578125,109470.2578125,109289.09375,109322.140625,0
2025-09-27 12:45:00+00:00,109491.625,109491.625,109410.5625,109463.8046875,719396864
2025-09-27 13:00:00+00:00,109399.5703125,109456.3515625,109388.015625,109456.3515625,727162880
2025-09-27 13:15:00+00:00,109421.296875,109429.4609375,109381.9609375,109383.2421875,13623296
2025-09-27 13:30:00+00:00,109400.375,109421.2890625,109388.6171875,109412.171875,0
2025-09-27 13:45:00+00:00,109390.0546875,109406.4140625,109380.6015625,109404.84375,0
2025-09-27 14:00:00+00:00,109401.6328125,109413.671875,109372.265625,109372.265625,2318336
2025-09-27 14:15:00+00:00,109369.765625,109378.625,109368.7109375,109369.234375,0
2025-09-27 14:30:00+00:00,109366.9140625,109390.546875,109366.9140625,109375.75,0
2025-09-27 14:45:00+00:00,109331.796875,109357.625,109314.875,109347.0546875,572248064
2025-09-27 15:00:00+00:00,109273.2109375,109329.203125,109273.2109375,109329.203125,0
2025-09-27 15:15:00+00:00,109312.1015625,109351.7109375,109277.265625,109277.265625,926210048
2025-09-27 15:30:00+00:00,109406.328125,109406.328125,109301.4296875,109301.4296875,35915776
2025-09-27 15:45:00+00:00,109434.171875,109462.671875,109386.5703125,109386.5703125,93454336
2025-09-27 16:00:00+00:00,109393.7109375,109423.984375,109386.5859375,109418.5703125,647012352
2025-09-27 16:15:00+00:00,109421.046875,109445.1640625,109391.9921875,109391.9921875,93779968
2025-09-27 16:30:00+00:00,109438.7265625,109440.6171875,109423.65625,109423.65625,853159936
2025-09-27 16:45:00+00:00,109427.1796875,109438.046875,109397.171875,109438.046875,107026432
2025-09-27 17:00:00+00:00,109385.6875,109417.265625,109378.59375,109416.078125,1045133312
2025-09-27 17:15:00+00:00,109343.2578125,109383.375,109306.4375,109383.375,0
2025-09-27 17:30:00+00:00,109393.7265625,109393.7265625,109356.8125,109356.8125,475791360
2025-09-27 17:45:00+00:00,109423.7109375,109423.7109375,109340.3828125,109388.4375,984184832
2025-09-27 18:00:00+00:00,109449.2890625,109468.7890625,109404.171875,109433.75,0
2025-09-27 18:15:00+00:00,109444.65625,109468.5,109429.640625,109438.46875,0
2025-09-27 18:30:00+00:00,109438.078125,109449.125,109425.8359375,109449.125,0
2025-09-27 18:45:00+00:00,109476.515625,109476.515625,109432.109375,109432.109375,0
2025-09-27 19:00:00+00:00,109466.859375,109474.0,109454.9765625,109462.8828125,0
2025-09-27 19:15:00+00:00,109456.2578125,109476.5859375,109444.4296875,109473.6953125,781928448
2025-09-27 19:30:00+00:00,109434.7421875,109467.8984375,109433.328125,109467.8984375,0
2025-09-27 19:45:00+00:00,109464.71875,109471.9375,109433.0859375,109433.0859375,0
2025-09-27 20:00:00+00:00,109448.4140625,109473.125,109440.359375,109473.125,0
2025-09-27 20:15:00+00:00,109414.390625,109437.1796875,109407.6796875,109437.1796875,0
2025-09-27 20:30:00+00:00,109447.46875,109471.875,109411.953125,109411.953125,0
2025-09-27 20:45:00+00:00,109446.0625,109446.0625,109434.84375,109440.734375,2600960
2025-09-27 21:00:00+00:00,109443.296875,109450.9296875,109440.53125,109440.53125,39925760
2025-09-27 21:15:00+00:00,109462.5546875,109462.5546875,109435.0625,109448.375,0
2025-09-27 21:30:00+00:00,109513.890625,109516.171875,109460.0,109465.921875,124928
2025-09-27 21:45:00+00:00,109492.390625,109514.3359375,109492.390625,109494.78125,614400
2025-09-27 22:00:00+00:00,109611.3984375,109633.28125,109495.9375,109495.9375,17065984
2025-09-27 22:15:00+00:00,109746.5390625,109746.5390625,109627.390625,109627.390625,35198976
2025-09-27 22:30:00+00:00,109665.0625,109749.3359375,109633.875,109749.3359375,985909248
2025-09-27 22:45:00+00:00,109649.1875,109657.828125,109596.0546875,109656.84375,995307520
2025-09-27 23:00:00+00:00,109645.078125,109680.1875,109628.7421875,109643.1015625,0
2025-09-27 23:15:00+00:00,109592.8203125,109645.625,109510.5703125,109645.625,869576704
2025-09-27 23:30:00+00:00,109628.53125,109648.5,109596.015625,109596.015625,96884736
2025-09-27 23:45:00+00:00,109663.03125,109709.1484375,109644.8671875,109644.8671875,138260480
2025-09-28 00:00:00+00:00,109611.7890625,109718.3359375,109611.7890625,109687.5703125,662265856
2025-09-28 00:15:00+00:00,109776.6953125,109782.390625,109626.4453125,109626.4453125,574404608
2025-09-28 00:30:00+00:00,109752.0,109807.171875,109639.8125,109807.171875,149946368
2025-09-28 00:45:00+00:00,109678.78125,109701.7578125,109626.765625,109701.7578125,202280960
2025-09-28 01:00:00+00:00,109570.15625,109688.4921875,109566.0859375,109661.9375,48789504
2025-09-28 01:15:00+00:00,109548.3046875,109584.234375,109538.5546875,109545.40625,1085255680
2025-09-28 01:30:00+00:00,109464.28125,109574.734375,109464.28125,109559.828125,872474624
2025-09-28 01:45:00+00:00,109411.453125,109453.9453125,109408.75,109453.9453125,149553152
2025-09-28 02:00:00+00:00,109420.78125,109475.1015625,109406.2109375,109417.7578125,833273856
2025-09-28 02:15:00+00:00,109510.15625,109523.4140625,109414.4375,109414.4375,135161856
2025-09-28 02:30:00+00:00,109529.96875,109563.828125,109521.3359375,109521.3359375,1003974656
2025-09-28 02:45:00+00:00,109493.9921875,109510.09375,109473.75,109503.09375,70475776
2025-09-28 03:00:00+00:00,109545.5703125,109554.7421875,109489.7890625,109489.7890625,96153600
2025-09-28 03:15:00+00:00,109521.7109375,109538.84375,109509.125,109537.6953125,40349696
2025-09-28 03:30:00+00:00,109475.4453125,109525.609375,109470.484375,109525.609375,899391488
2025-09-28 03:45:00+00:00,109487.4765625,109487.4765625,109468.5,109475.3046875,0
2025-09-28 04:00:00+00:00,109500.796875,109500.796875,109475.5703125,109484.078125,56989696
2025-09-28 04:15:00+00:00,109465.71875,109507.7734375,109465.6328125,109503.734375,105320448
2025-09-28 04:30:00+00:00,109433.828125,109448.1015625,109419.0078125,109448.1015625,0
2025-09-28 04:45:00+00:00,109421.5859375,109436.375,109420.7109375,109429.7421875,70678528
2025-09-28 05:00:00+00:00,109409.4296875,109442.015625,109409.4296875,109417.09375,25487360
2025-09-28 05:15:00+00:00,109433.0859375,109456.5234375,109406.0703125,109406.0703125,108910592
2025-09-28 05:30:00+00:00,109411.3046875,109439.46875,109411.3046875,109439.46875,29917184
2025-09-28 05:45:00+00:00,109401.234375,109404.8984375,109389.5703125,109404.8984375,3903488
2025-09-28 06:00:00+00:00,109422.984375,109429.578125,109387.1171875,109387.1171875,0
2025-09-28 06:15:00+00:00,109369.15625,109430.8203125,109369.15625,109418.359375,79009792
2025-09-28 06:30:00+00:00,109446.59375,109448.46875,109338.0703125,109356.640625,869076992
2025-09-28 06:45:00+00:00,109449.2109375,109460.21875,109432.859375,109447.6328125,106031104
2025-09-28 07:00:00+00:00,109425.640625,109462.9375,109404.40625,109446.8984375,60997632
2025-09-28 07:15:00+00:00,109500.28125,109500.28125,109418.84375,109418.84375,165926912
2025-09-28 07:30:00+00:00,109487.5078125,109542.8125,109487.5078125,109502.875,37539840
2025-09-28 07:45:00+00:00,109539.3828125,109560.71875,109498.3671875,109507.8984375,69392384
2025-09-28 08:00:00+00:00,109539.4765625,109599.5546875,109539.46875,109581.1328125,0
2025-09-28 08:15:00+00:00,109567.875,109567.875,109515.9453125,109542.96875,0
2025-09-28 08:30:00+00:00,109580.234375,109580.234375,109539.609375,109539.609375,902025216
2025-09-28 08:45:00+00:00,109563.2734375,109591.65625,109557.78125,109567.2890625,21288960
2025-09-28 09:00:00+00:00,109451.0,109575.5859375,109451.0,109575.5859375,43223040
2025-09-28 09:15:00+00:00,109436.578125,109473.0546875,109424.2890625,109445.734375,68857856
2025-09-28 09:30:00+00:00,109566.046875,109566.046875,109500.078125,109500.078125,747876352
2025-09-28 09:45:00+00:00,109549.2109375,109564.5078125,109535.4453125,109559.015625,0
2025-09-28 10:00:00+00:00,109487.4375,109552.2109375,109452.4453125,109552.2109375,78403584
2025-09-28 10:15:00+00:00,109477.1328125,109523.484375,109463.7890625,109490.109375,913362944
2025-09-28 10:30:00+00:00,109427.890625,109480.859375,109427.890625,109480.5859375,904067072
2025-09-28 10:45:00+00:00,109400.2734375,109426.53125,109397.203125,109426.53125,27353088
2025-09-28 11:00:00+00:00,109374.9296875,109426.15625,109355.265625,109400.7421875,869525504
2025-09-28 11:15:00+00:00,109303.03125,109377.9921875,109298.015625,109366.875,145567744
2025-09-28 11:30:00+00:00,109334.375,109382.2578125,109324.8515625,109381.375,819032064
2025-09-28 11:45:00+00:00,109434.8125,109434.8125,109300.640625,109328.0078125,132292608
2025-09-28 12:00:00+00:00,109447.0703125,109467.4296875,109414.2890625,109418.65625,72810496
2025-09-28 12:15:00+00:00,109454.0390625,109471.78125,109418.5859375,109457.28125,946692096
2025-09-28 12:30:00+00:00,109326.265625,109462.0078125,109326.265625,109462.0078125,39213056
2025-09-28 12:45:00+00:00,109365.7421875,109365.7421875,109240.3125,109270.0390625,935790592
2025-09-28 13:00:00+00:00,109438.6953125,109438.6953125,109341.203125,109341.203125,764989440
2025-09-28 13:15:00+00:00,109479.515625,109516.84375,109437.0859375,109437.0859375,32430080
2025-09-28 13:30:00+00:00,109617.3515625,109617.5546875,109505.4140625,109505.4140625,939632640
2025-09-28 13:45:00+00:00,109671.0234375,109687.21875,109610.9296875,109618.7109375,159932416
2025-09-28 14:00:00+00:00,109573.8515625,109664.28125,109565.421875,109659.5,1470697472
2025-09-28 14:15:00+00:00,109706.828125,109717.7109375,109566.546875,109566.546875,89956352
2025-09-28 14:30:00+00:00,109693.359375,109741.234375,109669.6796875,109741.234375,9918464
2025-09-28 14:45:00+00:00,109876.0703125,109876.0703125,109692.6640625,109692.6640625,255016960
2025-09-28 15:00:00+00:00,109774.625,109916.046875,109758.203125,109880.734375,1103388672
2025-09-28 15:15:00+00:00,109877.828125,109879.7421875,109766.2421875,109766.2421875,86833152
2025-09-28 15:30:00+00:00,109898.5625,109913.7265625,109843.546875,109911.296875,910884864
2025-09-28 15:45:00+00:00,110062.9609375,110062.9609375,109935.6953125,109935.6953125,132476928
2025-09-28 16:00:00+00:00,110230.9140625,110392.28125,110064.65625,110064.65625,760719360
2025-09-28 16:15:00+00:00,110192.578125,110233.8515625,110084.3671875,110176.1015625,191496192
2025-09-28 16:30:00+00:00,110190.6484375,110190.6484375,110035.0546875,110180.6875,1155205120
2025-09-28 16:45:00+00:00,110223.2109375,110230.9765625,110175.4140625,110182.984375,97572864
2025-09-28 17:00:00+00:00,110342.9375,110342.9375,110242.796875,110242.796875,218542080
2025-09-28 17:15:00+00:00,110217.921875,110346.390625,110188.8203125,110346.390625,1835692032
2025-09-28 17:30:00+00:00,110371.265625,110376.109375,110212.34375,110215.8046875,1014280192
2025-09-28 17:45:00+00:00,110252.1015625,110379.0703125,110232.796875,110377.8671875,50231296
2025-09-28 18:00:00+00:00,110128.7890625,110246.8984375,110111.1796875,110235.0546875,0
2025-09-28 18:15:00+00:00,110158.640625,110191.140625,110136.984375,110136.984375,205699072
2025-09-28 18:30:00+00:00,110210.2109375,110213.9375,110163.3671875,110167.5546875,1042411520
2025-09-28 18:45:00+00:00,110293.828125,110293.828125,110211.6171875,110218.484375,4638720
2025-09-28 19:00:00+00:00,110173.59375,110354.7890625,110173.59375,110301.8984375,60127232
2025-09-28 19:15:00+00:00,110355.34375,110355.34375,110146.8046875,110146.8046875,265394176
2025-09-28 19:30:00+00:00,110323.3203125,110385.5234375,110316.9921875,110385.5234375,433104896
2025-09-28 19:45:00+00:00,110351.71875,110393.2109375,110333.7265625,110354.703125,653512704
2025-09-28 20:00:00+00:00,110399.6875,110399.6875,110338.28125,110366.7578125,251248640
2025-09-28 20:15:00+00:00,110669.578125,110669.578125,110416.2265625,110417.8828125,409042944
2025-09-28 20:30:00+00:00,110970.25,110970.25,110637.4609375,110637.4609375,574502912
2025-09-28 20:45:00+00:00,110843.125,110974.6171875,110816.40625,110952.0625,407068672
2025-09-28 21:00:00+00:00,110890.3125,110906.9375,110835.0703125,110835.0703125,1042032640
2025-09-28 21:15:00+00:00,110776.0625,110907.671875,110754.2578125,110907.671875,243402752
2025-09-28 21:30:00+00:00,110736.15625,110747.0390625,110670.2578125,110747.0390625,152952832
2025-09-28 21:45:00+00:00,110774.453125,110778.84375,110720.7109375,110720.7109375,861739008
2025-09-28 22:00:00+00:00,111420.2890625,111510.09375,110958.984375,110958.984375,649957376
2025-09-28 22:15:00+00:00,111715.578125,111744.703125,111518.0859375,111518.0859375,925206528
2025-09-28 22:30:00+00:00,111915.2890625,111942.3203125,111749.28125,111749.28125,2435624960
2025-09-28 22:45:00+00:00,111936.53125,112013.0546875,111906.96875,111913.4296875,81668096
2025-09-28 23:00:00+00:00,112091.6640625,112364.7890625,111952.4921875,111952.4921875,2237900800
2025-09-28 23:15:00+00:00,112158.1875,112228.2109375,112059.875,112059.875,676868096
2025-09-28 23:30:00+00:00,112257.78125,112257.78125,112092.328125,112110.2421875,1094694912
2025-09-28 23:45:00+00:00,112116.046875,112280.3046875,112108.0859375,112280.3046875,1150703616
2025-09-29 00:00:00+00:00,112140.359375,112276.8828125,112109.734375,112201.1640625,1197737984
2025-09-29 00:15:00+00:00,112249.578125,112325.0234375,112045.8984375,112143.8359375,1065627648
2025-09-29 00:30:00+00:00,112066.4140625,112291.125,112065.0859375,112253.4140625,1267777536
2025-09-29 00:45:00+00:00,112276.5625,112294.9609375,112091.671875,112091.671875,119615488
2025-09-29 01:00:00+00:00,112289.4765625,112345.6953125,112195.21875,112284.9609375,120729600
2025-09-29 01:15:00+00:00,112195.046875,112300.703125,112195.046875,112282.8984375,1062488064
2025-09-29 01:30:00+00:00,112082.8515625,112108.875,112076.671875,112077.4765625,380456960
2025-09-29 01:45:00+00:00,111834.0078125,112076.203125,111783.0625,112076.203125,631670784
2025-09-29 02:00:00+00:00,111849.6875,111884.4375,111821.90625,111884.4375,431173632
2025-09-29 02:15:00+00:00,111965.5859375,111987.15625,111816.734375,111843.6875,1188974592
2025-09-29 02:30:00+00:00,111715.921875,111943.8671875,111701.8046875,111943.8671875,933801984
2025-09-29 02:45:00+00:00,111779.390625,111779.390625,111670.484375,111674.625,1238056960
2025-09-29 03:00:00+00:00,111658.3359375,111775.0,111648.3359375,111775.0,75837440
2025-09-29 03:15:00+00:00,111757.7578125,111757.7578125,111645.9296875,111645.9296875,1113595904
2025-09-29 03:30:00+00:00,111763.875,111777.6796875,111749.9453125,111777.0546875,763166720
2025-09-29 03:45:00+00:00,111856.875,111882.6015625,111746.1171875,111750.34375,321511424
2025-09-29 04:00:00+00:00,111839.2578125,111890.765625,111839.2578125,111881.34375,1903955968
2025-09-29 04:15:00+00:00,111833.9921875,111851.9375,111799.546875,111812.4140625,36753408
2025-09-29 04:30:00+00:00,111901.2578125,111911.34375,111842.609375,111842.609375,952193024
2025-09-29 04:45:00+00:00,111868.34375,111927.453125,111863.3203125,111882.3671875,929603584
2025-09-29 05:00:00+00:00,111738.6015625,111857.734375,111686.0859375,111857.734375,538996736
2025-09-29 05:15:00+00:00,111669.4375,111709.4921875,111651.6640625,111709.4921875,400883712
2025-09-29 05:30:00+00:00,111755.8828125,111755.8828125,111661.265625,111688.65625,1068175360
2025-09-29 05:45:00+00:00,111776.296875,111789.640625,111745.28125,111767.7578125,33382400
2025-09-29 06:00:00+00:00,111764.484375,111803.5859375,111732.59375,111789.5859375,1188732928
2025-09-29 06:15:00+00:00,111824.09375,111843.71875,111756.8125,111756.8125,1135427584
2025-09-29 06:30:00+00:00,111821.3203125,111857.3203125,111811.0,111834.5703125,903925760
2025-09-29 06:45:00+00:00,111697.1171875,111809.3515625,111674.0234375,111809.3515625,171397120
2025-09-29 07:00:00+00:00,111755.515625,111755.515625,111654.9765625,111681.8828125,340840448
2025-09-29 07:15:00+00:00,111618.1328125,111697.9296875,111608.578125,111697.9296875,524836864
2025-09-29 07:30:00+00:00,111789.0234375,111805.703125,111665.453125,111665.453125,1373696000
2025-09-29 07:45:00+00:00,111864.265625,111870.6640625,111749.5859375,111766.5390625,174600192
2025-09-29 08:00:00+00:00,112017.8515625,112114.8984375,111880.7578125,111880.7578125,1513365504
2025-09-29 08:15:00+00:00,112240.359375,112240.359375,112016.875,112016.875,598126592
2025-09-29 08:30:00+00:00,112273.046875,112273.046875,112175.8515625,112228.3671875,457674752
2025-09-29 08:45:00+00:00,112147.2578125,112372.40625,112147.2578125,112285.625,1338236928
2025-09-29 09:00:00+00:00,112111.5703125,112165.0625,112111.5703125,112124.9453125,1468911616
2025-09-29 09:15:00+00:00,112166.578125,112166.578125,112045.28125,112099.5859375,1194782720
2025-09-29 09:30:00+00:00,112101.0859375,112204.25,112101.0859375,112181.8828125,1038381056
2025-09-29 09:45:00+00:00,112127.2265625,112145.1015625,112092.9453125,112092.9453125,100675584
2025-09-29 10:00:00+00:00,112174.6875,112174.6875,112112.5546875,112134.5703125,97542144
2025-09-29 10:15:00+00:00,112246.6015625,112246.6015625,112147.9921875,112171.390625,180568064
2025-09-29 10:30:00+00:00,112065.171875,112257.7265625,112065.171875,112229.5703125,143544320
2025-09-29 10:45:00+00:00,112168.34375,112185.5625,112084.609375,112084.609375,1228894208
2025-09-29 11:00:00+00:00,112007.0625,112141.5,111998.1953125,112138.640625,104931328
2025-09-29 11:15:00+00:00,112019.7890625,112070.2890625,111966.0078125,112001.0546875,338264064
2025-09-29 11:30:00+00:00,112081.3671875,112098.703125,111992.375,111992.375,192077824
2025-09-29 11:45:00+00:00,112139.6484375,112139.6484375,112089.2421875,112104.6484375,84586496
2025-09-29 12:00:00+00:00,112157.375,112157.375,112091.0546875,112128.0234375,944398336
2025-09-29 12:15:00+00:00,112381.078125,112381.078125,112143.5,112190.7578125,258322432
2025-09-29 12:30:00+00:00,112154.6953125,112401.78125,112117.921875,112401.78125,689201152
2025-09-29 12:45:00+00:00,112039.7421875,112248.796875,112022.21875,112149.6640625,1442443264
2025-09-29 13:00:00+00:00,112087.796875,112093.1328125,111969.1171875,112054.6640625,2016792576
2025-09-29 13:15:00+00:00,112224.7578125,112327.953125,112147.1953125,112147.1953125,349253632
2025-09-29 13:30:00+00:00,113024.2734375,113024.2734375,112165.078125,112171.9296875,1622204416
2025-09-29 13:45:00+00:00,113375.4453125,113480.6484375,113160.2421875,113280.21875,2502430720
2025-09-29 14:00:00+00:00,113764.140625,113780.984375,113281.65625,113290.5390625,1420222464
2025-09-29 14:15:00+00:00,113984.234375,113984.234375,113690.9296875,113949.1953125,1184718848
2025-09-29 14:30:00+00:00,114159.265625,114159.265625,113776.5703125,113824.890625,998678528
2025-09-29 14:45:00+00:00,114174.5703125,114284.34375,114136.28125,114148.0703125,2079219712
2025-09-29 15:00:00+00:00,114014.0234375,114153.0859375,114011.71875,114093.703125,181153792
2025-09-29 15:15:00+00:00,113848.109375,114046.9375,113848.109375,114002.578125,1320050688
2025-09-29 15:30:00+00:00,113992.671875,114031.703125,113882.0234375,113882.0234375,1197731840
2025-09-29 15:45:00+00:00,113873.5390625,113987.5546875,113787.96875,113987.5546875,312610816
2025-09-29 16:00:00+00:00,114059.4921875,114059.4921875,113862.5625,113862.5625,961851392
2025-09-29 16:15:00+00:00,113933.671875,114051.0078125,113887.6953125,114051.0078125,79773696
2025-09-29 16:30:00+00:00,113952.28125,114080.484375,113926.9609375,113926.9609375,1318481920
2025-09-29 16:45:00+00:00,113686.0625,113904.625,113686.0625,113859.28125,309186560
2025-09-29 17:00:00+00:00,113917.421875,113917.421875,113550.125,113676.6796875,561520640
2025-09-29 17:15:00+00:00,113900.4375,113939.6875,113718.2734375,113869.5546875,2016657408
2025-09-29 17:30:00+00:00,114002.984375,114010.4296875,113858.703125,113943.84375,3510272
2025-09-29 17:45:00+00:00,114140.9296875,114193.15625,113990.765625,113997.21875,546975744
2025-09-29 18:00:00+00:00,114126.359375,114189.5,114002.265625,114119.4296875,1131487232
2025-09-29 18:15:00+00:00,114018.3046875,114089.515625,113937.6796875,114089.515625,362287104
2025-09-29 18:30:00+00:00,114015.0,114053.796875,113999.8671875,113999.8671875,230383616
2025-09-29 18:45:00+00:00,114104.7421875,114107.3984375,114074.0390625,114084.2265625,111554560
2025-09-29 19:00:00+00:00,114060.5625,114131.6875,114050.2578125,114088.0390625,1128873984
2025-09-29 19:15:00+00:00,114066.9453125,114108.625,113960.75,113960.75,200597504
2025-09-29 19:30:00+00:00,114186.6484375,114186.6484375,113982.9921875,114059.3828125,1203908608
2025-09-29 19:45:00+00:00,114370.828125,114370.828125,114225.828125,114225.828125,0
2025-09-29 20:00:00+00:00,114416.59375,114416.59375,114200.4609375,114300.7109375,1345609728
2025-09-29 20:15:00+00:00,114351.2265625,114432.859375,114299.4375,114432.859375,450625536
2025-09-29 20:30:00+00:00,114409.1484375,114417.421875,114331.65625,114358.2578125,1646174208
2025-09-29 20:45:00+00:00,114317.078125,114459.59375,114317.078125,114459.59375,892452864
2025-09-29 21:00:00+00:00,114372.890625,114405.8125,114315.6640625,114330.546875,981225472
2025-09-29 21:15:00+00:00,114216.765625,114287.375,114216.765625,114287.375,99975168
2025-09-29 21:30:00+00:00,114227.6328125,114227.6328125,114156.671875,114201.203125,914857984
2025-09-29 21:45:00+00:00,114278.234375,114328.4609375,114245.40625,114261.125,63426560
2025-09-29 22:00:00+00:00,114171.578125,114257.03125,114171.578125,114255.1953125,0
2025-09-29 22:15:00+00:00,114164.25,114173.2421875,114104.1171875,114173.2421875,761139200
2025-09-29 22:30:00+00:00,114091.40625,114151.6953125,114091.40625,114150.09375,0
2025-09-29 22:45:00+00:00,114224.6015625,114245.1640625,114091.0234375,114091.0234375,151920640
2025-09-29 23:00:00+00:00,114301.9921875,114403.6484375,114223.3359375,114223.3359375,620027904
2025-09-29 23:15:00+00:00,114384.2421875,114405.1796875,114280.6796875,114307.6328125,671584256
2025-09-29 23:30:00+00:00,114293.2578125,114358.640625,114293.2578125,114358.640625,914604032
2025-09-29 23:45:00+00:00,114379.546875,114379.546875,114291.390625,114291.390625,0
2025-09-30 00:00:00+00:00,114494.3671875,114499.9296875,114301.21875,114389.28125,89542656
2025-09-30 00:15:00+00:00,114203.953125,114416.59375,114142.3984375,114416.59375,116477952
2025-09-30 00:30:00+00:00,114467.203125,114467.203125,114225.2421875,114225.2421875,1007923200
2025-09-30 00:45:00+00:00,114610.3828125,114788.0703125,114397.765625,114444.3125,1104961536
2025-09-30 01:00:00+00:00,114705.8671875,114705.8671875,114453.703125,114566.8984375,551968768
2025-09-30 01:15:00+00:00,114741.2421875,114800.2578125,114573.109375,114787.7578125,1181954048
2025-09-30 01:30:00+00:00,114496.5859375,114663.78125,114481.6953125,114663.78125,988434432
2025-09-30 01:45:00+00:00,114420.625,114513.578125,114372.21875,114513.578125,53248000
2025-09-30 02:00:00+00:00,114458.109375,114655.03125,114458.0703125,114577.9296875,888119296
2025-09-30 02:15:00+00:00,114549.2734375,114594.84375,114442.0078125,114472.8671875,76845056
2025-09-30 02:30:00+00:00,114564.25,114605.6328125,114526.6171875,114542.5,0
2025-09-30 02:45:00+00:00,114504.9453125,114653.640625,114478.4453125,114549.296875,14434304
2025-09-30 03:00:00+00:00,114450.1796875,114573.0859375,114450.1796875,114512.90625,135868416
2025-09-30 03:15:00+00:00,114394.0859375,114458.4375,114376.03125,114450.0234375,844144640
2025-09-30 03:30:00+00:00,114419.5,114426.6328125,114379.46875,114400.796875,37666816
2025-09-30 03:45:00+00:00,114430.6875,114475.75,114414.671875,114475.75,2930569216
2025-09-30 04:00:00+00:00,114371.40625,114435.53125,114371.40625,114435.53125,0
2025-09-30 04:15:00+00:00,114268.6796875,114412.453125,114268.6796875,114401.2890625,973664256
2025-09-30 04:30:00+00:00,114255.0390625,114282.78125,114238.4609375,114261.125,1127182336
2025-09-30 04:45:00+00:00,114164.015625,114273.65625,114164.015625,114248.65625,100233216
2025-09-30 05:00:00+00:00,114157.375,114258.078125,114114.4375,114133.90625,1123934208
2025-09-30 05:15:00+00:00,114017.8359375,114177.9453125,114006.640625,114173.0078125,948838400
2025-09-30 05:30:00+00:00,114031.7421875,114054.09375,113988.921875,114003.0234375,304623616
2025-09-30 05:45:00+00:00,113944.125,114024.0625,113920.015625,114024.0625,466583552
2025-09-30 06:00:00+00:00,114041.8828125,114041.8828125,113885.8359375,113949.0,1114669056
2025-09-30 06:15:00+00:00,113990.4140625,114057.8203125,113919.4140625,114020.828125,1144135680
2025-09-30 06:30:00+00:00,114077.03125,114086.140625,113957.65625,113987.0625,981925888
2025-09-30 06:45:00+00:00,113953.8515625,114066.7109375,113953.8515625,114066.7109375,1036255232
2025-09-30 07:00:00+00:00,113970.203125,113970.203125,113914.765625,113936.1796875,79101952
2025-09-30 07:15:00+00:00,114017.4921875,114017.4921875,113935.8671875,113987.65625,0
2025-09-30 07:30:00+00:00,113682.1640625,113982.6328125,113682.1640625,113982.6328125,1225568256
2025-09-30 07:45:00+00:00,113774.921875,113827.8671875,113678.671875,113705.34375,624533504
2025-09-30 08:00:00+00:00,113683.7265625,113772.375,113683.7265625,113764.7890625,1141067776
2025-09-30 08:15:00+00:00,113630.390625,113755.1171875,113609.921875,113754.6171875,31932416
2025-09-30 08:30:00+00:00,113529.6953125,113659.6328125,113488.1640625,113628.3515625,187850752
2025-09-30 08:45:00+00:00,113535.9609375,113572.4765625,113484.1484375,113528.0390625,0
2025-09-30 09:00:00+00:00,113278.1484375,113519.671875,113278.1484375,113497.40625,115625984
2025-09-30 09:15:00+00:00,113303.3046875,113344.5625,113285.7265625,113298.8515625,1063165952
2025-09-30 09:30:00+00:00,113015.9140625,113333.203125,113015.9140625,113287.3359375,878063616
2025-09-30 09:45:00+00:00,112874.5859375,113025.5234375,112874.5859375,113025.5234375,556457984
2025-09-30 10:00:00+00:00,112953.109375,113049.484375,112740.5625,112822.703125,1647538176
2025-09-30 10:15:00+00:00,112905.46875,112978.4375,112820.9296875,112923.671875,268382208
2025-09-30 10:30:00+00:00,112937.609375,112944.953125,112816.2578125,112894.953125,1366446080
2025-09-30 10:45:00+00:00,112983.8125,113082.15625,112937.546875,112939.2890625,1253974016
2025-09-30 11:00:00+00:00,112917.328125,113015.96875,112917.328125,112986.0625,1522343936
2025-09-30 11:15:00+00:00,112939.2734375,112996.9453125,112860.828125,112912.7734375,88006656
2025-09-30 11:30:00+00:00,113066.5625,113080.2421875,112949.03125,112951.4765625,104570880
2025-09-30 11:45:00+00:00,113131.5625,113156.796875,113024.4296875,113059.7421875,337641472
2025-09-30 12:00:00+00:00,113116.8671875,113150.96875,113060.078125,113100.8828125,939610112
2025-09-30 12:15:00+00:00,113098.1796875,113124.7890625,113074.015625,113091.421875,5095424
2025-09-30 12:30:00+00:00,113250.7578125,113253.0390625,113136.5,113136.5,0
2025-09-30 12:45:00+00:00,113091.8046875,113277.03125,113091.8046875,113275.3984375,778170368
2025-09-30 13:00:00+00:00,113095.5859375,113124.34375,112943.25,113054.09375,109338624
2025-09-30 13:15:00+00:00,113321.8828125,113332.234375,113087.9921875,113087.9921875,1164619776
2025-09-30 13:30:00+00:00,113492.96875,113492.96875,113269.390625,113344.5234375,183713792
2025-09-30 13:45:00+00:00,113417.4609375,113664.046875,113297.8984375,113527.5859375,958537728
2025-09-30 14:00:00+00:00,113252.5234375,113399.6015625,113021.703125,113399.6015625,248311808
2025-09-30 14:15:00+00:00,113087.2421875,113292.21875,113060.5234375,113183.5234375,1128288256
2025-09-30 14:30:00+00:00,113236.8125,113289.0859375,113114.296875,113135.8203125,744574976
2025-09-30 14:45:00+00:00,113648.6796875,113648.6796875,113236.21875,113276.8203125,0
2025-09-30 15:00:00+00:00,113192.875,113641.2265625,113186.296875,113641.2265625,839864320
2025-09-30 15:15:00+00:00,113010.2421875,113286.265625,113010.2421875,113236.890625,6021120
2025-09-30 15:30:00+00:00,113086.2578125,113271.203125,113031.875,113031.875,314978304
2025-09-30 15:45:00+00:00,113146.1015625,113195.296875,113042.0546875,113079.09375,55193600
2025-09-30 16:00:00+00:00,113095.4453125,113191.0859375,113095.4453125,113143.59375,638156800
2025-09-30 16:15:00+00:00,113068.140625,113240.734375,113068.140625,113086.8671875,780877824
2025-09-30 16:30:00+00:00,112871.75,113094.8984375,112852.046875,113078.4453125,168579072
2025-09-30 16:45:00+00:00,112817.1953125,112960.5546875,112817.1953125,112938.5234375,0
2025-09-30 17:00:00+00:00,113083.4609375,113179.125,112842.8359375,112842.8359375,0
2025-09-30 17:15:00+00:00,113220.625,113294.59375,113139.03125,113139.03125,576520192
2025-09-30 17:30:00+00:00,113505.59375,113515.265625,113244.6484375,113263.125,1099403264
2025-09-30 17:45:00+00:00,113311.8046875,113408.3203125,113296.3671875,113321.8203125,310304768
2025-09-30 18:00:00+00:00,113519.6328125,113519.6328125,113247.296875,113299.984375,681848832
2025-09-30 18:15:00+00:00,113491.0390625,113548.1640625,113397.265625,113548.1640625,280420352
2025-09-30 18:30:00+00:00,113460.65625,113499.5703125,113387.7578125,113487.3984375,18497536
2025-09-30 18:45:00+00:00,113722.0234375,113722.0234375,113477.421875,113477.421875,213463040
2025-09-30 19:00:00+00:00,113820.8359375,113906.84375,113720.9765625,113720.9765625,432586752
2025-09-30 19:15:00+00:00,113952.7109375,113993.5859375,113830.0859375,113887.0625,256536576
2025-09-30 19:30:00+00:00,114266.453125,114266.453125,113958.8828125,113958.8828125,607985664
2025-09-30 19:45:00+00:00,114451.2109375,114540.09375,114248.125,114250.0859375,362958848
2025-09-30 20:00:00+00:00,114206.328125,114458.9140625,114152.0078125,114394.5390625,1048264704
2025-09-30 20:15:00+00:00,114419.8203125,114465.796875,114185.5625,114185.5625,701370368
2025-09-30 20:30:00+00:00,114344.984375,114405.2421875,114344.984375,114390.953125,0
2025-09-30 20:45:00+00:00,114633.03125,114679.6328125,114343.9765625,114343.9765625,292671488
2025-09-30 21:00:00+00:00,114566.2421875,114739.0234375,114566.2421875,114630.1015625,1153060864
2025-09-30 21:15:00+00:00,114397.4765625,114522.3046875,114397.4765625,114428.71875,1070710784
2025-09-30 21:30:00+00:00,114366.640625,114499.1640625,114252.3671875,114337.421875,1187508224
2025-09-30 21:45:00+00:00,114262.84375,114396.71875,114262.84375,114396.71875,156459008
2025-09-30 22:00:00+00:00,114188.5625,114364.609375,114161.2109375,114181.265625,0
2025-09-30 22:15:00+00:00,114001.8671875,114184.0390625,114001.8671875,114163.671875,190566400
2025-09-30 22:30:00+00:00,113926.7578125,114048.9375,113909.0,114014.578125,45854720
2025-09-30 22:45:00+00:00,113965.3984375,113999.859375,113941.4453125,113941.4453125,0
2025-09-30 23:00:00+00:00,113833.5078125,113961.25,113808.9765625,113959.515625,874180608
2025-09-30 23:15:00+00:00,114015.7265625,114015.7265625,113803.8203125,113818.921875,717520896
2025-09-30 23:30:00+00:00,113987.4375,113996.6796875,113890.3671875,113996.6796875,0
2025-09-30 23:45:00+00:00,114043.4453125,114043.4453125,113968.7734375,113986.7578125,97439744
2025-10-01 00:00:00+00:00,114156.1328125,114275.8984375,114078.0078125,114078.0078125,456941568
2025-10-01 00:15:00+00:00,114038.9140625,114179.9453125,114016.109375,114176.40625,578965504
2025-10-01 00:30:00+00:00,114026.2890625,114218.625,114026.2890625,114037.703125,114274304
2025-10-01 00:45:00+00:00,114231.078125,114244.328125,113984.9375,113984.9375,528994304
2025-10-01 01:00:00+00:00,114340.765625,114349.9921875,114185.015625,114212.734375,0
2025-10-01 01:15:00+00:00,114353.046875,114375.3203125,114259.2421875,114345.1796875,0
2025-10-01 01:30:00+00:00,114443.8828125,114443.8828125,114237.9375,114340.234375,771043328
2025-10-01 01:45:00+00:00,114526.3671875,114526.3671875,114399.2578125,114409.1328125,98172928
2025-10-01 02:00:00+00:00,114514.3828125,114523.1484375,114476.9765625,114523.1484375,884244480
2025-10-01 02:15:00+00:00,114466.203125,114508.046875,114462.484375,114508.046875,0
2025-10-01 02:30:00+00:00,114377.9375,114454.9921875,114365.75,114419.5546875,254623744
2025-10-01 02:45:00+00:00,114293.078125,114385.2421875,114293.078125,114349.765625,54325248
2025-10-01 03:00:00+00:00,114383.96875,114383.96875,114239.453125,114282.90625,986836992
2025-10-01 03:15:00+00:00,114482.6640625,114503.6484375,114377.4609375,114417.5390625,155500544
2025-10-01 03:30:00+00:00,114372.5625,114525.421875,114372.5625,114471.78125,361476096
2025-10-01 03:45:00+00:00,114211.859375,114349.59375,114162.640625,114349.59375,140963840
2025-10-01 04:00:00+00:00,114362.3671875,114408.1328125,114210.1484375,114210.84375,755687424
2025-10-01 04:15:00+00:00,114492.515625,114519.375,114351.0078125,114351.0078125,205103104
2025-10-01 04:30:00+00:00,114579.0703125,114660.0390625,114554.0703125,114554.0703125,1075675136
2025-10-01 04:45:00+00:00,114316.125,114582.9609375,114316.125,114566.6484375,987996160
2025-10-01 05:00:00+00:00,114687.1640625,114714.203125,114296.5390625,114302.6484375,29802496
2025-10-01 05:15:00+00:00,114584.921875,114683.859375,114572.5078125,114625.0625,1242050560
2025-10-01 05:30:00+00:00,114589.40625,114622.6796875,114579.4921875,114592.453125,784240640
2025-10-01 05:45:00+00:00,114574.90625,114637.3984375,114573.359375,114591.8984375,0
2025-10-01 06:00:00+00:00,114546.1171875,114597.515625,114530.7890625,114581.3984375,0
2025-10-01 06:15:00+00:00,114420.296875,114602.4375,114399.578125,114590.5859375,689299456
2025-10-01 06:30:00+00:00,114475.359375,114521.5546875,114395.453125,114418.4375,897544192
2025-10-01 06:45:00+00:00,114292.453125,114509.9765625,114259.5546875,114509.9765625,157003776
2025-10-01 07:00:00+00:00,114405.515625,114408.6953125,114289.4296875,114289.4296875,666001408
2025-10-01 07:15:00+00:00,114564.203125,114564.203125,114396.59375,114396.59375,961327104
2025-10-01 07:30:00+00:00,114576.296875,114593.734375,114491.4609375,114568.6171875,938029056
2025-10-01 07:45:00+00:00,114596.953125,114599.5703125,114540.7109375,114570.6953125,0
2025-10-01 08:00:00+00:00,114579.7890625,114584.78125,114533.5078125,114584.78125,608620544
2025-10-01 08:15:00+00:00,115015.3671875,115015.3671875,114591.1875,114591.1875,259117056
2025-10-01 08:30:00+00:00,115580.3359375,115580.3359375,115096.25,115096.25,1776599040
2025-10-01 08:45:00+00:00,116106.1015625,116327.1796875,115644.6015625,115644.6015625,2799198208
2025-10-01 09:00:00+00:00,116324.765625,116324.765625,116025.015625,116126.6015625,3237429248
2025-10-01 09:15:00+00:00,116286.828125,116304.2890625,116219.5390625,116301.375,699392000
2025-10-01 09:30:00+00:00,116485.515625,116528.75,116241.296875,116273.2109375,1939693568
2025-10-01 09:45:00+00:00,116436.1953125,116465.3125,116374.171875,116380.7734375,0
2025-10-01 10:00:00+00:00,116368.9453125,116567.4140625,116368.9453125,116453.3359375,672448512
2025-10-01 10:15:00+00:00,116327.796875,116420.09375,116324.28125,116324.28125,0
2025-10-01 10:30:00+00:00,116261.796875,116360.5625,116256.3671875,116295.3515625,836685824
2025-10-01 10:45:00+00:00,116283.2421875,116367.921875,116267.53125,116315.4453125,769298432
2025-10-01 11:00:00+00:00,116411.4140625,116438.3125,116311.859375,116311.859375,774209536
2025-10-01 11:15:00+00:00,116418.28125,116441.734375,116407.5546875,116426.765625,869539840
2025-10-01 11:30:00+00:00,116555.3046875,116555.3046875,116369.375,116388.8203125,5984256
2025-10-01 11:45:00+00:00,116769.90625,116776.359375,116560.96875,116591.984375,1079726080
2025-10-01 12:00:00+00:00,116707.0,116876.3984375,116681.140625,116816.34375,1195925504
2025-10-01 12:15:00+00:00,116747.8671875,116889.3515625,116721.3046875,116726.2578125,1339523072
2025-10-01 12:30:00+00:00,116509.484375,116721.6796875,116509.484375,116721.6796875,49885184
2025-10-01 12:45:00+00:00,116450.671875,116531.3828125,116415.578125,116514.703125,326361088
2025-10-01 13:00:00+00:00,116588.8125,116593.96875,116431.71875,116431.71875,1567580160
2025-10-01 13:15:00+00:00,116631.5234375,116648.5234375,116576.9140625,116581.3046875,151126016
2025-10-01 13:30:00+00:00,116565.2421875,116699.3046875,116477.171875,116674.53125,279371776
2025-10-01 13:45:00+00:00,116831.515625,116831.515625,116501.9609375,116564.9765625,361086976
2025-10-01 14:00:00+00:00,117125.15625,117198.328125,116821.5546875,116821.5546875,1476558848
2025-10-01 14:15:00+00:00,117257.4921875,117325.4375,117149.40625,117189.21875,553414656
2025-10-01 14:30:00+00:00,117396.3984375,117419.9296875,117171.890625,117190.140625,1343479808
2025-10-01 14:45:00+00:00,117355.796875,117391.65625,117161.984375,117391.65625,1606590464
2025-10-01 15:00:00+00:00,117257.3125,117388.4296875,117191.1171875,117377.9765625,2112208896
2025-10-01 15:15:00+00:00,117547.9375,117547.9375,117279.578125,117294.21875,869941248
2025-10-01 15:30:00+00:00,117552.8515625,117573.8828125,117427.2421875,117573.8828125,313212928
2025-10-01 15:45:00+00:00,117421.9140625,117593.390625,117415.8203125,117593.390625,911949824
2025-10-01 16:00:00+00:00,117809.109375,117809.109375,117441.7265625,117476.3984375,1236566016
2025-10-01 16:15:00+00:00,117926.5078125,117926.5078125,117779.5859375,117822.40625,683524096
2025-10-01 16:30:00+00:00,118004.9375,118139.828125,117899.6328125,117944.6796875,2257149952
2025-10-01 16:45:00+00:00,117665.84375,118013.609375,117633.1953125,117965.21875,685301760
2025-10-01 17:00:00+00:00,117484.265625,117727.7421875,117484.265625,117630.5,900734976
2025-10-01 17:15:00+00:00,117557.5234375,117629.421875,117355.171875,117414.6640625,416268288
2025-10-01 17:30:00+00:00,117288.828125,117532.1328125,117255.375,117469.8203125,898965504
2025-10-01 17:45:00+00:00,116906.65625,117230.9765625,116837.90625,117224.40625,783704064
2025-10-01 18:00:00+00:00,117140.90625,117140.90625,116864.21875,116886.8984375,784834560
2025-10-01 18:15:00+00:00,117095.7421875,117129.0390625,116932.515625,117129.0390625,2139488256
2025-10-01 18:30:00+00:00,117201.421875,117226.1875,117095.875,117095.875,66011136
2025-10-01 18:45:00+00:00,117282.7890625,117371.90625,117160.4921875,117160.4921875,151248896
2025-10-01 19:00:00+00:00,117445.0625,117469.234375,117279.765625,117279.765625,744398848
2025-10-01 19:15:00+00:00,117505.390625,117531.078125,117452.0078125,117452.0078125,0
2025-10-01 19:30:00+00:00,117618.40625,117645.6875,117439.1796875,117519.2890625,898605056
2025-10-01 19:45:00+00:00,117455.1640625,117642.9375,117410.6796875,117592.1640625,881344512
2025-10-01 20:00:00+00:00,117248.5625,117490.703125,117248.5625,117490.703125,24420352
2025-10-01 20:15:00+00:00,117422.734375,117422.734375,117266.5390625,117266.5390625,679731200
2025-10-01 20:30:00+00:00,117397.0546875,117469.3515625,117397.0546875,117450.0703125,41508864
2025-10-01 20:45:00+00:00,117583.6875,117583.6875,117379.6796875,117426.5234375,889528320
2025-10-01 21:00:00+00:00,117573.8359375,117613.3515625,117552.9921875,117604.8203125,787906560
2025-10-01 21:15:00+00:00,117552.5546875,117617.84375,117508.984375,117617.40625,854200320
2025-10-01 21:30:00+00:00,117433.40625,117562.1796875,117418.1484375,117562.1796875,0
2025-10-01 21:45:00+00:00,117577.515625,117577.515625,117430.359375,117430.359375,1007804416
2025-10-01 22:00:00+00:00,117940.171875,118062.125,117613.203125,117613.203125,687104000
2025-10-01 22:15:00+00:00,117888.4296875,117953.8046875,117855.5546875,117912.515625,158162944
2025-10-01 22:30:00+00:00,117739.3125,117875.5625,117736.1484375,117857.7421875,992567296
2025-10-01 22:45:00+00:00,117870.0078125,117927.234375,117734.8671875,117734.8671875,265207808
2025-10-01 23:00:00+00:00,117931.2578125,117937.8125,117781.84375,117787.1171875,278138880
2025-10-01 23:15:00+00:00,118352.75,118478.2265625,118000.609375,118000.609375,1239310336
2025-10-01 23:30:00+00:00,118406.2734375,118420.2421875,118192.5,118420.2421875,1430929408
2025-10-01 23:45:00+00:00,118535.65625,118535.65625,118405.0,118405.0,290144256
2025-10-02 00:00:00+00:00,119265.09375,119451.0703125,118625.8046875,118625.8046875,1773387776
2025-10-02 00:15:00+00:00,119073.96875,119231.3359375,119017.8984375,119231.3359375,1437990912
2025-10-02 00:30:00+00:00,118682.375,119006.4609375,118682.375,119006.4609375,576282624
2025-10-02 00:45:00+00:00,118566.0703125,118701.953125,118566.0703125,118671.4140625,474144768
2025-10-02 01:00:00+00:00,118707.4375,118715.953125,118498.1171875,118498.1171875,945897472
2025-10-02 01:15:00+00:00,118548.5234375,118741.125,118520.2890625,118736.640625,793018368
2025-10-02 01:30:00+00:00,118777.5703125,118777.5703125,118552.09375,118552.09375,989790208
2025-10-02 01:45:00+00:00,118744.546875,118893.0703125,118744.546875,118850.328125,1055236096
2025-10-02 02:00:00+00:00,118658.515625,118694.9375,118593.453125,118694.9375,157704192
2025-10-02 02:15:00+00:00,118667.53125,118781.0,118667.53125,118723.359375,405708800
2025-10-02 02:30:00+00:00,118765.3125,118765.3125,118568.3828125,118601.609375,342474752
2025-10-02 02:45:00+00:00,118752.8671875,118791.7578125,118745.0703125,118745.0703125,247128064
2025-10-02 03:00:00+00:00,119015.046875,119015.046875,118777.1875,118777.1875,916365312
2025-10-02 03:15:00+00:00,119009.7890625,119051.4765625,118877.140625,118939.953125,422191104
2025-10-02 03:30:00+00:00,118932.5234375,119036.3671875,118881.0546875,119036.3671875,361029632
2025-10-02 03:45:00+00:00,118801.8203125,119038.6796875,118774.5,119038.6796875,0
2025-10-02 04:00:00+00:00,118945.1484375,118945.1796875,118771.03125,118791.1875,953761792
2025-10-02 04:15:00+00:00,118640.515625,118950.3203125,118640.515625,118950.3203125,52297728
2025-10-02 04:30:00+00:00,118551.5859375,118636.8359375,118551.5859375,118626.375,0
2025-10-02 04:45:00+00:00,118662.765625,118701.234375,118595.9765625,118595.9765625,864419840
2025-10-02 05:00:00+00:00,118606.375,118735.9609375,118606.375,118732.9609375,791904256
2025-10-02 05:15:00+00:00,118642.859375,118642.859375,118507.265625,118608.5078125,886530048
2025-10-02 05:30:00+00:00,118590.328125,118642.421875,118511.6015625,118642.421875,1207934976
2025-10-02 05:45:00+00:00,118427.1015625,118534.15625,118423.4375,118534.15625,123256832
2025-10-02 06:00:00+00:00,118495.234375,118552.3125,118413.171875,118438.984375,53411840
2025-10-02 06:15:00+00:00,118500.1484375,118500.8359375,118489.4140625,118489.4140625,914759680
2025-10-02 06:30:00+00:00,118703.8515625,118703.8515625,118559.015625,118559.015625,1532682240
2025-10-02 06:45:00+00:00,118690.75,118690.75,118598.359375,118689.796875,91193344
2025-10-02 07:00:00+00:00,118726.984375,118726.984375,118661.09375,118702.0625,888938496
2025-10-02 07:15:00+00:00,118583.125,118718.6015625,118561.4921875,118718.6015625,22863872
2025-10-02 07:30:00+00:00,118540.609375,118560.34375,118517.53125,118554.390625,70049792
2025-10-02 07:45:00+00:00,118562.671875,118575.3359375,118533.0390625,118546.8984375,160251904
2025-10-02 08:00:00+00:00,118455.9765625,118607.8515625,118455.9765625,118607.8515625,793141248
2025-10-02 08:15:00+00:00,118602.546875,118602.546875,118432.34375,118432.34375,0
2025-10-02 08:30:00+00:00,118679.421875,118697.34375,118665.0234375,118681.015625,0
2025-10-02 08:45:00+00:00,118702.5625,118702.5625,118677.265625,118677.34375,0
2025-10-02 09:00:00+00:00,118667.8046875,118691.8046875,118640.2265625,118691.8046875,207290368
2025-10-02 09:15:00+00:00,118708.453125,118716.296875,118660.0703125,118662.1953125,0
2025-10-02 09:30:00+00:00,118675.8046875,118730.7734375,118669.453125,118710.8515625,0
2025-10-02 09:45:00+00:00,118854.3203125,118854.3203125,118726.53125,118726.53125,981643264
2025-10-02 10:00:00+00:00,118775.4921875,118899.6953125,118744.3203125,118899.6953125,765562880
2025-10-02 10:15:00+00:00,118721.6015625,118806.875,118721.6015625,118785.2890625,0
2025-10-02 10:30:00+00:00,118791.828125,118797.6015625,118721.40625,118721.40625,1036177408
2025-10-02 10:45:00+00:00,118675.5,118808.875,118675.5,118787.828125,60022784
2025-10-02 11:00:00+00:00,118619.3203125,118714.0546875,118609.5234375,118675.984375,915181568
2025-10-02 11:15:00+00:00,118746.6015625,118746.6015625,118632.3359375,118636.890625,0
2025-10-02 11:30:00+00:00,118773.953125,118773.953125,118740.3828125,118740.3828125,0
2025-10-02 11:45:00+00:00,118811.609375,118912.0078125,118798.90625,118798.90625,863481856
2025-10-02 12:00:00+00:00,118917.734375,118938.9765625,118817.09375,118820.9296875,57647104
2025-10-02 12:15:00+00:00,119179.7734375,119179.7734375,118915.0,118937.09375,896090112
2025-10-02 12:30:00+00:00,119310.109375,119310.109375,119107.90625,119148.625,1321156608
2025-10-02 12:45:00+00:00,119415.09375,119426.890625,119260.3828125,119280.109375,362475520
2025-10-02 13:00:00+00:00,119212.0078125,119442.015625,119212.0078125,119442.015625,918429696
2025-10-02 13:15:00+00:00,119228.515625,119289.375,119006.1953125,119185.109375,610766848
2025-10-02 13:30:00+00:00,119449.28125,119475.8359375,119230.75,119233.328125,194363392
2025-10-02 13:45:00+00:00,119727.5859375,119812.5859375,119540.0703125,119540.0703125,1205510144
2025-10-02 14:00:00+00:00,119412.59375,119663.328125,119409.09375,119658.4609375,1972514816
2025-10-02 14:15:00+00:00,119733.3515625,119754.4296875,119460.109375,119460.109375,791080960
2025-10-02 14:30:00+00:00,119140.1640625,119779.9453125,119140.1640625,119779.9453125,1102008320
2025-10-02 14:45:00+00:00,118924.140625,119124.4921875,118849.7421875,119095.5703125,568590336
2025-10-02 15:00:00+00:00,119232.875,119232.875,118635.75,118882.28125,1301716992
2025-10-02 15:15:00+00:00,119528.796875,119590.453125,119132.421875,119257.0859375,95309824
2025-10-02 15:30:00+00:00,119624.71875,119624.71875,119310.5078125,119500.671875,181104640
2025-10-02 15:45:00+00:00,119966.578125,119966.578125,119666.1015625,119666.1015625,2264563712
2025-10-02 16:00:00+00:00,120230.53125,120309.65625,119866.578125,119974.15625,226725888
2025-10-02 16:15:00+00:00,120029.265625,120219.546875,120029.265625,120165.703125,1380474880
2025-10-02 16:30:00+00:00,119837.1875,120128.7734375,119817.703125,120061.375,973651968
2025-10-02 16:45:00+00:00,119748.1015625,119948.9140625,119697.8828125,119857.2890625,1967353856
2025-10-02 17:00:00+00:00,119775.0234375,119788.40625,119662.8671875,119788.40625,858955776
2025-10-02 17:15:00+00:00,119574.9296875,119850.90625,119494.0390625,119850.90625,197697536
2025-10-02 17:30:00+00:00,119653.8828125,119695.5234375,119502.84375,119529.5078125,142786560
2025-10-02 17:45:00+00:00,119992.9296875,119992.9296875,119642.421875,119642.421875,760864768
2025-10-02 18:00:00+00:00,120254.5078125,120254.5078125,119999.7734375,119999.7734375,87302144
2025-10-02 18:15:00+00:00,120201.28125,120248.7890625,120058.2421875,120230.03125,973500416
2025-10-02 18:30:00+00:00,120134.4453125,120232.3125,120100.4609375,120232.3125,1298001920
2025-10-02 18:45:00+00:00,120618.375,120683.9609375,120143.5859375,120143.5859375,329072640
2025-10-02 19:00:00+00:00,121035.8515625,121035.8515625,120574.3828125,120574.3828125,1690353664
2025-10-02 19:15:00+00:00,120806.1171875,121047.34375,120793.9921875,121047.34375,1110056960
2025-10-02 19:30:00+00:00,120899.9765625,121014.6171875,120847.0859375,120847.0859375,1232158720
2025-10-02 19:45:00+00:00,120844.0546875,120844.0546875,120663.4453125,120749.53125,89808896
2025-10-02 20:00:00+00:00,120828.5078125,120965.375,120828.5078125,120897.1953125,256540672
2025-10-02 20:15:00+00:00,120636.953125,120758.515625,120597.390625,120687.2109375,278020096
2025-10-02 20:30:00+00:00,120613.75,120620.84375,120406.9609375,120620.84375,1342455808
2025-10-02 20:45:00+00:00,120645.6953125,120645.6953125,120524.859375,120568.4609375,165650432
2025-10-02 21:00:00+00:00,120768.7734375,120768.7734375,120628.4921875,120638.1015625,921542656
2025-10-02 21:15:00+00:00,120549.1953125,120777.25,120549.1953125,120777.25,1267720192
2025-10-02 21:30:00+00:00,120307.6796875,120517.765625,120291.9453125,120517.765625,242229248
2025-10-02 21:45:00+00:00,120259.8671875,120402.8828125,120254.6484375,120327.8046875,1146167296
2025-10-02 22:00:00+00:00,120312.6796875,120440.6328125,120220.578125,120220.578125,645390336
2025-10-02 22:15:00+00:00,120331.1171875,120406.0390625,120331.1171875,120406.0390625,100868096
2025-10-02 22:30:00+00:00,120237.9375,120439.0859375,120237.9375,120377.2109375,94076928
2025-10-02 22:45:00+00:00,120275.875,120275.875,120160.0390625,120263.1953125,1051951104
2025-10-02 23:00:00+00:00,120511.015625,120511.015625,120298.4140625,120298.4140625,67059712
2025-10-02 23:15:00+00:00,120604.2890625,120672.1328125,120497.140625,120520.3125,0
2025-10-02 23:30:00+00:00,120407.203125,120644.734375,120407.203125,120603.59375,0
2025-10-02 23:45:00+00:00,120653.765625,120653.765625,120380.2421875,120400.734375,120504320
2025-10-03 00:00:00+00:00,120380.640625,120606.3203125,120348.0390625,120606.3203125,417726464
2025-10-03 00:15:00+00:00,120357.453125,120360.4140625,120224.671875,120255.84375,0
2025-10-03 00:30:00+00:00,120272.21875,120353.328125,120272.21875,120353.328125,0
2025-10-03 00:45:00+00:00,120217.2265625,120307.09375,120207.5703125,120279.2265625,0
2025-10-03 01:00:00+00:00,120324.9453125,120324.9453125,120196.78125,120214.0390625,0
2025-10-03 01:15:00+00:00,120185.5,120327.53125,120127.0,120300.9765625,106094592
2025-10-03 01:30:00+00:00,120199.96875,120231.53125,120171.6171875,120189.515625,944271360
2025-10-03 01:45:00+00:00,119953.234375,120197.9453125,119953.234375,120197.9453125,15732736
2025-10-03 02:00:00+00:00,120145.6484375,120159.0625,119965.9375,119965.9375,1013280768
2025-10-03 02:15:00+00:00,120091.8828125,120225.453125,120086.265625,120165.0,36040704
2025-10-03 02:30:00+00:00,120131.7578125,120142.078125,120045.484375,120064.2421875,93724672
2025-10-03 02:45:00+00:00,120279.6640625,120308.0859375,120122.5625,120151.109375,41701376
2025-10-03 03:00:00+00:00,120431.1953125,120485.921875,120265.796875,120265.796875,899874816
2025-10-03 03:15:00+00:00,120287.5,120451.8671875,120287.5,120407.15625,18612224
2025-10-03 03:30:00+00:00,120445.796875,120446.75,120259.953125,120286.640625,1032294400
2025-10-03 03:45:00+00:00,120325.453125,120440.375,120325.453125,120440.375,116039680
2025-10-03 04:00:00+00:00,120331.4375,120359.5234375,120276.1640625,120312.9765625,623198208
2025-10-03 04:15:00+00:00,120295.796875,120355.21875,120295.796875,120328.453125,41238528
2025-10-03 04:30:00+00:00,120127.328125,120243.859375,120111.4375,120243.859375,5140480
2025-10-03 04:45:00+00:00,120129.5703125,120219.7109375,120122.5,120135.0546875,8712192
2025-10-03 05:00:00+00:00,120044.5546875,120158.2421875,120044.390625,120158.2421875,801488896
2025-10-03 05:15:00+00:00,120116.8203125,120116.8203125,120055.3046875,120077.640625,1073254400
2025-10-03 05:30:00+00:00,119942.6796875,120106.0703125,119940.9453125,120104.515625,845950976
2025-10-03 05:45:00+00:00,120000.765625,120000.765625,119879.5625,119936.921875,156073984
2025-10-03 06:00:00+00:00,120100.8671875,120100.8671875,119895.8828125,119998.4453125,1284530176
2025-10-03 06:15:00+00:00,120050.46875,120105.34375,120049.0,120099.828125,962674688
2025-10-03 06:30:00+00:00,120006.7109375,120079.03125,120006.7109375,120064.578125,0
2025-10-03 06:45:00+00:00,119943.84375,120004.0234375,119874.96875,119989.4453125,884297728
2025-10-03 07:00:00+00:00,119942.84375,120060.828125,119883.1796875,120002.0703125,1813868544
2025-10-03 07:15:00+00:00,119896.0625,119958.3046875,119896.0625,119943.84375,146358272
2025-10-03 07:30:00+00:00,119731.375,119897.9140625,119731.375,119876.171875,1198653440
2025-10-03 07:45:00+00:00,119745.015625,119805.3046875,119745.015625,119754.0078125,1477042176
2025-10-03 08:00:00+00:00,119634.296875,119775.8359375,119634.296875,119750.390625,1121361920
2025-10-03 08:15:00+00:00,119680.15625,119680.15625,119350.9609375,119556.21875,1527865344
2025-10-03 08:30:00+00:00,119962.1875,119981.0625,119728.3046875,119728.3046875,370782208
2025-10-03 08:45:00+00:00,120075.640625,120075.640625,119954.0625,119961.46875,982679552
2025-10-03 09:00:00+00:00,120196.890625,120238.546875,120113.7421875,120113.7421875,1214717952
2025-10-03 09:15:00+00:00,120411.375,120411.375,120105.375,120133.2109375,1517273088
2025-10-03 09:30:00+00:00,120268.75,120398.46875,120264.140625,120398.46875,593133568
2025-10-03 09:45:00+00:00,120380.140625,120380.140625,120268.75,120268.75,102481920
2025-10-03 10:00:00+00:00,120419.125,120419.125,120367.4375,120397.5390625,817668096
2025-10-03 10:15:00+00:00,120530.0390625,120530.0390625,120421.234375,120421.234375,1783185408
2025-10-03 10:30:00+00:00,120584.1328125,120585.265625,120439.7890625,120542.578125,1030823936
2025-10-03 10:45:00+00:00,120544.9921875,120580.5,120506.140625,120578.3515625,1088086016
2025-10-03 11:00:00+00:00,120395.234375,120530.7578125,120395.234375,120527.875,795959296
2025-10-03 11:15:00+00:00,120383.546875,120441.3984375,120258.8359375,120382.40625,372514816
2025-10-03 11:30:00+00:00,120420.796875,120420.796875,120299.859375,120369.875,1831796736
2025-10-03 11:45:00+00:00,120438.4375,120520.296875,120406.984375,120420.0546875,2149015552
2025-10-03 12:00:00+00:00,120443.0234375,120465.453125,120372.9140625,120434.2890625,2288435200
2025-10-03 12:15:00+00:00,120395.359375,120449.8984375,120350.9375,120445.421875,56762368
2025-10-03 12:30:00+00:00,120363.9921875,120383.9453125,120211.0234375,120352.1875,0
2025-10-03 12:45:00+00:00,120455.8359375,120463.90625,120350.546875,120377.921875,31899648
2025-10-03 13:00:00+00:00,120349.1328125,120446.515625,120291.875,120446.515625,570974208
2025-10-03 13:15:00+00:00,120616.59375,120616.59375,120339.84375,120367.296875,970153984
2025-10-03 13:30:00+00:00,120279.9140625,120611.2421875,120279.9140625,120611.2421875,207380480
2025-10-03 13:45:00+00:00,120504.5703125,120607.4609375,120366.6875,120366.6875,684843008
2025-10-03 14:00:00+00:00,120373.421875,120483.21875,120267.3828125,120483.21875,27525120
2025-10-03 14:15:00+00:00,120510.3828125,120510.3828125,120028.78125,120219.40625,461037568
2025-10-03 14:30:00+00:00,120713.7265625,120772.59375,120448.7578125,120523.9921875,197459968
2025-10-03 14:45:00+00:00,120970.359375,121033.4375,120723.8828125,120723.8828125,17252352
2025-10-03 15:00:00+00:00,120855.671875,120963.0625,120762.8671875,120963.0625,757899264
2025-10-03 15:15:00+00:00,121365.3359375,121515.9921875,120931.8828125,120931.8828125,1909342208
2025-10-03 15:30:00+00:00,121800.234375,121832.546875,121377.8828125,121377.8828125,572489728
2025-10-03 15:45:00+00:00,122234.078125,122234.078125,121786.53125,121786.53125,454672384
2025-10-03 16:00:00+00:00,123300.2890625,123300.2890625,122564.96875,122564.96875,9867399168
2025-10-03 16:15:00+00:00,123831.8203125,123831.8203125,123134.140625,123226.453125,2108252160
2025-10-03 16:30:00+00:00,123829.4140625,123919.5546875,123716.890625,123751.9609375,1990631424
2025-10-03 16:45:00+00:00,122793.1484375,123813.25,122793.1484375,123805.859375,2383028224
2025-10-03 17:00:00+00:00,123054.1640625,123075.9140625,121899.5625,122287.2421875,2776555520
2025-10-03 17:15:00+00:00,122640.6953125,123083.09375,122419.046875,123083.09375,1445421056
2025-10-03 17:30:00+00:00,122688.4921875,123012.46875,122490.015625,122587.3671875,1359060992
2025-10-03 17:45:00+00:00,122149.4140625,122537.609375,121782.328125,122537.609375,2112135168
2025-10-03 18:00:00+00:00,122062.4140625,122151.765625,121576.0546875,122137.765625,1109704704
2025-10-03 18:15:00+00:00,122595.8515625,122620.84375,122068.0703125,122068.0703125,614785024
2025-10-03 18:30:00+00:00,122672.71875,122749.3359375,122324.34375,122571.0546875,463159296
2025-10-03 18:45:00+00:00,122480.96875,122732.15625,122440.0625,122683.5,1341767680
2025-10-03 19:00:00+00:00,122518.046875,122610.3984375,122460.4375,122598.40625,1841995776
2025-10-03 19:15:00+00:00,122801.0390625,122801.0390625,122501.484375,122501.484375,566009856
2025-10-03 19:30:00+00:00,122823.7734375,122973.546875,122734.2734375,122859.5625,189906944
2025-10-03 19:45:00+00:00,122724.0078125,122830.1953125,122686.2734375,122830.1953125,0
2025-10-03 20:00:00+00:00,122130.8671875,122736.21875,122130.8671875,122736.21875,302260224
2025-10-03 20:15:00+00:00,122170.0703125,122297.484375,122150.2265625,122150.2265625,25436160
2025-10-03 20:30:00+00:00,122639.0078125,122639.0078125,122197.28125,122197.28125,900898816
2025-10-03 20:45:00+00:00,122598.0078125,122794.953125,122596.546875,122674.296875,972595200
2025-10-03 21:00:00+00:00,122490.6953125,122506.390625,122455.1953125,122476.40625,81690624
2025-10-03 21:15:00+00:00,122397.5,122509.9609375,122368.1796875,122509.9609375,0
2025-10-03 21:30:00+00:00,122207.671875,122379.9609375,122158.1171875,122379.9609375,797900800
2025-10-03 21:45:00+00:00,122443.59375,122443.59375,122088.40625,122214.9453125,1083015168
2025-10-03 22:00:00+00:00,122487.5078125,122507.1015625,122382.5,122382.5,0
2025-10-03 22:15:00+00:00,122558.5234375,122576.0390625,122512.5234375,122512.5234375,47652864
2025-10-03 22:30:00+00:00,122670.265625,122716.5078125,122546.765625,122546.765625,852164608
2025-10-03 22:45:00+00:00,122528.6796875,122672.8984375,122522.6171875,122662.703125,816840704
2025-10-03 23:00:00+00:00,122368.3984375,122523.1015625,122368.3984375,122519.796875,35348480
2025-10-03 23:15:00+00:00,122379.4921875,122424.8046875,122356.453125,122377.625,0
2025-10-03 23:30:00+00:00,122396.3515625,122396.3515625,122257.828125,122357.9140625,756047872
2025-10-03 23:45:00+00:00,122250.8203125,122361.6171875,122250.8203125,122361.6171875,9543680
2025-10-04 00:00:00+00:00,122276.5390625,122292.1171875,122233.4140625,122276.53125,789438464
2025-10-04 00:15:00+00:00,122279.8984375,122330.890625,122255.5,122255.5,884801536
2025-10-04 00:30:00+00:00,122106.2265625,122272.5,122085.890625,122272.5,869040128
2025-10-04 00:45:00+00:00,122158.265625,122158.265625,122066.9375,122105.7734375,54714368
2025-10-04 01:00:00+00:00,122107.8359375,122167.875,122107.8359375,122167.875,844341248
2025-10-04 01:15:00+00:00,122053.9609375,122152.265625,122053.9609375,122141.078125,825655296
2025-10-04 01:30:00+00:00,121970.8984375,122072.0859375,121961.7578125,122057.828125,66043904
2025-10-04 01:45:00+00:00,121837.8359375,121952.671875,121788.078125,121939.5546875,115982336
2025-10-04 02:00:00+00:00,121975.515625,122106.8515625,121907.25,121907.25,681803776
2025-10-04 02:15:00+00:00,121854.484375,121915.6640625,121788.84375,121915.296875,963633152
2025-10-04 02:30:00+00:00,121828.2109375,121868.421875,121790.65625,121860.0859375,11124736
2025-10-04 02:45:00+00:00,121937.171875,121985.9609375,121820.609375,121823.515625,40402944
2025-10-04 03:00:00+00:00,121936.9453125,121949.09375,121905.6328125,121925.515625,0
2025-10-04 03:15:00+00:00,122113.71875,122113.71875,121940.9140625,121940.9140625,675094528
2025-10-04 03:30:00+00:00,122167.3515625,122167.3515625,122106.96875,122126.8984375,0
2025-10-04 03:45:00+00:00,122326.6328125,122326.6328125,122131.46875,122165.65625,913457152
2025-10-04 04:00:00+00:00,122352.6875,122385.109375,122339.2421875,122344.59375,1046577152
2025-10-04 04:15:00+00:00,122421.3125,122444.0625,122335.6640625,122354.046875,998596608
2025-10-04 04:30:00+00:00,122502.265625,122517.34375,122367.875,122367.875,108806144
2025-10-04 04:45:00+00:00,122574.53125,122584.6484375,122523.53125,122523.53125,53362688
2025-10-04 05:00:00+00:00,122709.9765625,122709.9765625,122511.3828125,122570.2421875,875913216
2025-10-04 05:15:00+00:00,122807.6171875,122829.984375,122699.234375,122717.8828125,90570752
2025-10-04 05:30:00+00:00,122613.8359375,122788.7421875,122613.8359375,122754.5625,1030750208
2025-10-04 05:45:00+00:00,122581.0,122667.6875,122522.8203125,122563.078125,49487872
2025-10-04 06:00:00+00:00,122474.0078125,122601.6328125,122474.0078125,122582.421875,0
2025-10-04 06:15:00+00:00,122577.0859375,122664.9921875,122495.9453125,122500.640625,911507456
2025-10-04 06:30:00+00:00,122579.9375,122622.7578125,122579.9375,122588.5625,120324096
2025-10-04 06:45:00+00:00,122524.1640625,122580.9765625,122505.28125,122576.734375,747806720
2025-10-04 07:00:00+00:00,122469.6953125,122523.6015625,122426.9921875,122523.6015625,0
2025-10-04 07:15:00+00:00,122390.03125,122461.5625,122371.453125,122450.3203125,0
2025-10-04 07:30:00+00:00,122371.6953125,122417.8828125,122343.828125,122387.4921875,786169856
2025-10-04 07:45:00+00:00,122353.90625,122369.265625,122306.890625,122369.265625,0
2025-10-04 08:00:00+00:00,122584.9453125,122584.9453125,122347.9609375,122347.9609375,421183488
2025-10-04 08:15:00+00:00,122519.5859375,122547.015625,122434.4453125,122540.0078125,94887936
2025-10-04 08:30:00+00:00,122284.2265625,122497.9921875,122273.203125,122497.9921875,0
2025-10-04 08:45:00+00:00,122336.65625,122349.2734375,122258.3984375,122258.3984375,0
2025-10-04 09:00:00+00:00,122453.859375,122468.3203125,122316.796875,122327.984375,242696192
2025-10-04 09:15:00+00:00,122451.9140625,122500.4140625,122433.8203125,122447.140625,0
2025-10-04 09:30:00+00:00,122400.9921875,122439.8046875,122376.9453125,122439.8046875,631709696
2025-10-04 09:45:00+00:00,122262.796875,122391.0703125,122253.8359375,122391.0703125,20488192
2025-10-04 10:00:00+00:00,122263.125,122344.8671875,122259.9453125,122279.8984375,645562368
2025-10-04 10:15:00+00:00,122356.78125,122356.78125,122291.8984375,122291.8984375,672153600
2025-10-04 10:30:00+00:00,122296.3046875,122371.640625,122267.734375,122362.640625,791035904
2025-10-04 10:45:00+00:00,122176.375,122303.9375,122170.953125,122303.9375,0
2025-10-04 11:00:00+00:00,122124.4921875,122263.140625,122124.4921875,122166.28125,636207104
2025-10-04 11:15:00+00:00,122149.6484375,122149.6484375,122041.546875,122097.0703125,92487680
2025-10-04 11:30:00+00:00,122142.859375,122178.3515625,122104.390625,122152.03125,2286182400
2025-10-04 11:45:00+00:00,122057.734375,122136.953125,122057.734375,122123.375,0
2025-10-04 12:00:00+00:00,122149.3359375,122149.3359375,122041.1875,122041.1875,1433591808
2025-10-04 12:15:00+00:00,122112.9140625,122152.375,122099.0,122146.09375,0
2025-10-04 12:30:00+00:00,122090.1171875,122117.8046875,122071.4453125,122111.734375,0
2025-10-04 12:45:00+00:00,122061.3984375,122086.515625,122021.5234375,122078.0390625,743579648
2025-10-04 13:00:00+00:00,122449.4296875,122491.0703125,122064.1171875,122064.1171875,191905792
2025-10-04 13:15:00+00:00,122401.734375,122485.90625,122394.3984375,122485.90625,44974080
2025-10-04 13:30:00+00:00,122491.34375,122498.4375,122387.0859375,122387.0859375,0
2025-10-04 13:45:00+00:00,122448.3984375,122483.296875,122447.921875,122464.1640625,658989056
2025-10-04 14:00:00+00:00,122416.3984375,122467.734375,122376.3203125,122467.734375,0
2025-10-04 14:15:00+00:00,122372.5,122498.4296875,122372.5,122433.359375,0
2025-10-04 14:30:00+00:00,122302.3828125,122379.234375,122302.3828125,122379.234375,0
2025-10-04 14:45:00+00:00,122067.3671875,122316.546875,122067.3671875,122281.8984375,0
2025-10-04 15:00:00+00:00,122030.4453125,122134.6171875,121972.96875,121972.96875,0
2025-10-04 15:15:00+00:00,121808.1640625,121989.15625,121808.1640625,121977.96875,0
2025-10-04 15:30:00+00:00,121949.8203125,121949.8203125,121769.1875,121783.84375,0
2025-10-04 15:45:00+00:00,121813.265625,122017.625,121813.265625,121942.6953125,423972864
2025-10-04 16:00:00+00:00,121891.1484375,121987.2109375,121827.3515625,121827.3515625,0
2025-10-04 16:15:00+00:00,121702.5625,121747.1796875,121687.8984375,121706.078125,0
2025-10-04 16:30:00+00:00,121865.1015625,121887.5078125,121695.0,121695.0,15155200
2025-10-04 16:45:00+00:00,121737.0546875,121887.6953125,121699.640625,121887.6953125,339963904
2025-10-04 17:00:00+00:00,121863.296875,121889.9140625,121718.15625,121718.15625,0
2025-10-04 17:15:00+00:00,121896.984375,121896.984375,121811.84375,121820.828125,0
2025-10-04 17:30:00+00:00,121774.8671875,121897.3984375,121748.8984375,121897.3984375,688947200
2025-10-04 17:45:00+00:00,121755.78125,121766.4375,121738.3828125,121766.4375,0
2025-10-04 18:00:00+00:00,121799.0625,121871.296875,121784.4375,121790.671875,0
2025-10-04 18:15:00+00:00,121786.3515625,121825.546875,121759.9296875,121795.453125,0
2025-10-04 18:30:00+00:00,121704.25,121792.3828125,121663.578125,121791.53125,0
2025-10-04 18:45:00+00:00,121626.8515625,121704.1171875,121591.8984375,121704.1171875,0
2025-10-04 19:00:00+00:00,121811.1171875,121811.1171875,121643.5390625,121654.3046875,632348672
2025-10-04 19:15:00+00:00,121903.28125,121903.28125,121789.2265625,121832.1640625,0
2025-10-04 19:30:00+00:00,121952.4765625,121955.1015625,121883.890625,121883.890625,615350272
2025-10-04 19:45:00+00:00,121952.3515625,121952.3828125,121923.84375,121936.4453125,670343168
2025-10-04 20:00:00+00:00,121971.6953125,122027.5390625,121967.171875,121981.8828125,556720128
2025-10-04 20:15:00+00:00,122072.0234375,122077.7734375,121979.4296875,121980.03125,669208576
2025-10-04 20:30:00+00:00,122088.203125,122091.0390625,122057.421875,122091.0390625,0
2025-10-04 20:45:00+00:00,121952.6484375,122095.4921875,121952.6484375,122083.5,0
2025-10-04 21:00:00+00:00,122003.859375,122013.109375,121934.0078125,121934.0078125,7749632
2025-10-04 21:15:00+00:00,122324.921875,122324.921875,122139.8671875,122139.8671875,107790336
2025-10-04 21:30:00+00:00,122306.1796875,122350.8515625,122300.890625,122333.390625,0
2025-10-04 21:45:00+00:00,122238.0234375,122312.671875,122224.7890625,122312.671875,720027648
2025-10-04 22:00:00+00:00,122218.9765625,122247.7265625,122205.9765625,122234.0625,609792000
2025-10-04 22:15:00+00:00,122268.1640625,122268.1640625,122219.2265625,122235.03125,730013696
2025-10-04 22:30:00+00:00,122318.59375,122348.5390625,122271.5078125,122271.5078125,30269440
2025-10-04 22:45:00+00:00,122312.625,122373.234375,122275.3359375,122328.578125,8712192
2025-10-04 23:00:00+00:00,122288.8984375,122321.765625,122288.8984375,122304.953125,0
2025-10-04 23:15:00+00:00,122250.71875,122283.4375,122249.2578125,122271.9453125,727674880
2025-10-04 23:30:00+00:00,122359.140625,122359.4375,122290.7890625,122290.7890625,0
2025-10-04 23:45:00+00:00,122416.4921875,122418.1875,122380.1484375,122387.71875,13635584
2025-10-05 00:00:00+00:00,122301.875,122443.71875,122301.875,122443.71875,0
2025-10-05 00:15:00+00:00,122444.0703125,122445.890625,122293.1484375,122293.1484375,0
2025-10-05 00:30:00+00:00,122311.6875,122455.2265625,122311.6875,122455.2265625,0
2025-10-05 00:45:00+00:00,122215.484375,122323.84375,122206.15625,122319.625,118345728
2025-10-05 01:00:00+00:00,122323.375,122331.6953125,122212.3671875,122214.203125,822857728
2025-10-05 01:15:00+00:00,122288.234375,122360.0859375,122220.6640625,122360.0859375,877465600
2025-10-05 01:30:00+00:00,122425.0078125,122426.390625,122286.46875,122290.09375,0
2025-10-05 01:45:00+00:00,122402.8515625,122422.6875,122383.4296875,122422.6875,604123136
2025-10-05 02:00:00+00:00,122428.5234375,122433.25,122396.8203125,122403.3515625,582565888
2025-10-05 02:15:00+00:00,122639.1484375,122639.1484375,122423.4140625,122423.4140625,160796672
2025-10-05 02:30:00+00:00,123618.828125,124278.71875,122770.7578125,122770.7578125,3077537792
2025-10-05 02:45:00+00:00,124008.8984375,124008.8984375,123627.734375,123647.5625,1452523520
2025-10-05 03:00:00+00:00,123848.3359375,124113.8828125,123848.3359375,124113.8828125,968593408
2025-10-05 03:15:00+00:00,123756.5078125,123756.5078125,123384.9453125,123697.953125,1860878336
2025-10-05 03:30:00+00:00,123997.828125,124077.140625,123799.2734375,123799.2734375,467398656
2025-10-05 03:45:00+00:00,123789.421875,124099.484375,123789.421875,124040.390625,1013002240
2025-10-05 04:00:00+00:00,123909.046875,124070.1640625,123836.546875,123836.546875,1122459648
2025-10-05 04:15:00+00:00,124090.546875,124090.546875,123928.203125,123928.203125,72273920
2025-10-05 04:30:00+00:00,124400.8515625,124400.8515625,124066.28125,124075.1796875,74448896
2025-10-05 04:45:00+00:00,125223.9296875,125559.2109375,124324.34375,124324.34375,5461635072
2025-10-05 05:00:00+00:00,125223.3203125,125359.0625,124912.828125,125188.15625,1863258112
2025-10-05 05:15:00+00:00,125324.96875,125324.96875,124962.6484375,125180.1484375,1800626176
2025-10-05 05:30:00+00:00,125147.75,125366.90625,125147.75,125366.90625,1930285056
2025-10-05 05:45:00+00:00,124992.8359375,125154.234375,124964.1640625,125154.234375,604037120
2025-10-05 06:00:00+00:00,125015.28125,125188.3359375,125015.28125,125100.59375,272154624
2025-10-05 06:15:00+00:00,124957.75,125071.7421875,124825.84375,125071.7421875,1327398912
2025-10-05 06:30:00+00:00,124946.625,124987.6640625,124863.1953125,124987.4375,1228480512
2025-10-05 06:45:00+00:00,125024.953125,125133.28125,125001.34375,125038.25,632442880
2025-10-05 07:00:00+00:00,125015.6640625,125027.3203125,124916.75,125007.7265625,1090416640
2025-10-05 07:15:00+00:00,124883.90625,125102.1640625,124883.90625,125009.1484375,1228775424
2025-10-05 07:30:00+00:00,124697.984375,124808.90625,124681.921875,124808.90625,1673322496
2025-10-05 07:45:00+00:00,124878.234375,124897.9375,124693.484375,124701.0078125,136040448
2025-10-05 08:00:00+00:00,124685.5390625,124782.1640625,124602.578125,124742.640625,867631104
2025-10-05 08:15:00+00:00,124735.96875,124792.8984375,124647.2734375,124647.2734375,767934464
2025-10-05 08:30:00+00:00,124686.7265625,124729.703125,124628.078125,124677.6640625,77746176
2025-10-05 08:45:00+00:00,124599.2421875,124698.8671875,124593.765625,124698.8671875,25710592
2025-10-05 09:00:00+00:00,124501.078125,124617.6015625,124501.078125,124597.6953125,2103562240
2025-10-05 09:15:00+00:00,124359.984375,124392.6796875,124284.71875,124364.3984375,1128140800
2025-10-05 09:30:00+00:00,123162.5546875,124006.03125,123129.6015625,124006.03125,1946558464
2025-10-05 09:45:00+00:00,123131.9375,123216.234375,122902.7265625,122902.7265625,1849081856
2025-10-05 10:00:00+00:00,122880.90625,123048.140625,122630.2265625,123048.140625,1097072640
2025-10-05 10:15:00+00:00,123020.671875,123100.4453125,122867.1015625,122871.40625,1582481408
2025-10-05 10:30:00+00:00,122851.21875,123021.03125,122739.625,123021.03125,291471360
2025-10-05 10:45:00+00:00,123087.03125,123103.4921875,122907.265625,122907.265625,1120219136
2025-10-05 11:00:00+00:00,122982.8984375,123225.7109375,122982.8984375,123074.9765625,444829696
2025-10-05 11:15:00+00:00,123393.046875,123412.46875,122969.8203125,122969.8203125,372113408
2025-10-05 11:30:00+00:00,123334.0546875,123361.0703125,123238.7109375,123361.0703125,331022336
2025-10-05 11:45:00+00:00,123516.5234375,123518.1171875,123382.0390625,123388.625,217067520
2025-10-05 12:00:00+00:00,123157.2734375,123490.3203125,123014.1171875,123490.3203125,1048068096
2025-10-05 12:15:00+00:00,123177.9140625,123250.5546875,123152.765625,123157.140625,1166979072
2025-10-05 12:30:00+00:00,123070.9296875,123174.7109375,123007.171875,123148.546875,104439808
2025-10-05 12:45:00+00:00,123180.234375,123238.546875,123079.3125,123079.3125,8217907200
2025-10-05 13:00:00+00:00,123303.0234375,123303.0234375,123123.015625,123123.015625,0
2025-10-05 13:15:00+00:00,123306.234375,123306.234375,123226.65625,123296.78125,146608128
2025-10-05 13:30:00+00:00,123317.1015625,123366.1484375,123258.75,123261.2265625,1467453440
2025-10-05 13:45:00+00:00,123187.90625,123300.8828125,123171.8125,123300.8828125,281534464
2025-10-05 14:00:00+00:00,123321.2421875,123352.453125,123261.7734375,123261.7734375,175341568
2025-10-05 14:15:00+00:00,123230.140625,123313.0703125,123176.875,123313.0703125,312152064
2025-10-05 14:30:00+00:00,122856.1171875,123251.0,122856.1171875,123234.0625,946642944
2025-10-05 14:45:00+00:00,123051.3671875,123060.515625,122901.9375,122901.9375,805679104
2025-10-05 15:00:00+00:00,122944.015625,123056.0703125,122885.0625,123056.0703125,0
2025-10-05 15:15:00+00:00,122959.328125,123023.8046875,122959.328125,122968.5390625,842489856
2025-10-05 15:30:00+00:00,122793.4296875,122933.6953125,122740.53125,122926.5,0
2025-10-05 15:45:00+00:00,122849.703125,122880.1640625,122791.09375,122791.09375,68329472
2025-10-05 16:00:00+00:00,123097.375,123124.6328125,122840.3515625,122840.3515625,0
2025-10-05 16:15:00+00:00,123037.2109375,123094.5546875,123027.359375,123094.5546875,697184256
2025-10-05 16:30:00+00:00,123083.046875,123103.765625,122988.4921875,123000.875,769777664
2025-10-05 16:45:00+00:00,123270.2734375,123270.2734375,122460.3671875,123063.0859375,1383264256
2025-10-05 17:00:00+00:00,123276.65625,123464.453125,123266.203125,123317.109375,691453952
2025-10-05 17:15:00+00:00,123218.625,123350.0859375,123213.578125,123272.546875,235397120
2025-10-05 17:30:00+00:00,123053.0703125,123225.1484375,123003.8359375,123225.1484375,58597376
2025-10-05 17:45:00+00:00,123070.9296875,123156.34375,123063.8515625,123146.96875,293322752
2025-10-05 18:00:00+00:00,122976.96875,123147.71875,122961.359375,123125.765625,994123776
2025-10-05 18:15:00+00:00,123073.609375,123077.4375,123003.0859375,123044.390625,163520512
2025-10-05 18:30:00+00:00,123038.546875,123199.375,123033.7265625,123081.578125,1933402112
2025-10-05 18:45:00+00:00,123016.453125,123094.4765625,123015.640625,123031.3671875,873316352
2025-10-05 19:00:00+00:00,122684.671875,123038.359375,122684.671875,123038.359375,33873920
2025-10-05 19:15:00+00:00,122931.109375,122954.8828125,122759.4609375,122796.8984375,1319034880
2025-10-05 19:30:00+00:00,122796.375,122903.703125,122758.46875,122870.578125,645898240
2025-10-05 19:45:00+00:00,122587.2421875,122774.046875,122587.2421875,122774.046875,1315512320
2025-10-05 20:00:00+00:00,122764.453125,122764.453125,122549.6484375,122549.6484375,859840512
2025-10-05 20:15:00+00:00,122718.640625,122772.7578125,122718.640625,122740.3203125,421126144
2025-10-05 20:30:00+00:00,122943.8828125,123042.125,122729.6484375,122729.6484375,603152384
2025-10-05 20:45:00+00:00,122835.984375,122971.8125,122835.984375,122953.1875,975691776
2025-10-05 21:00:00+00:00,122579.140625,122762.3125,122573.2109375,122758.71875,345513984
2025-10-05 21:15:00+00:00,122717.5234375,122793.1796875,122606.1640625,122606.1640625,820224000
2025-10-05 21:30:00+00:00,122678.0546875,122715.2734375,122574.484375,122715.2734375,4915200
2025-10-05 21:45:00+00:00,122743.8671875,122778.4921875,122689.1015625,122698.109375,329482240
2025-10-05 22:00:00+00:00,122978.8359375,123091.6171875,122880.515625,122880.515625,1051222016
2025-10-05 22:15:00+00:00,123237.328125,123305.3125,122965.4765625,122965.4765625,111779840
2025-10-05 22:30:00+00:00,123149.578125,123208.6640625,123099.25,123208.6640625,2197413888
2025-10-05 22:45:00+00:00,123266.453125,123266.453125,123124.6796875,123175.7265625,33636352
2025-10-05 23:00:00+00:00,123449.640625,123474.6171875,123255.8046875,123255.8046875,423370752
2025-10-05 23:15:00+00:00,123403.2734375,123511.6015625,123403.2734375,123472.046875,368844800
2025-10-05 23:30:00+00:00,123536.203125,123551.046875,123471.8046875,123471.8046875,1344405504
2025-10-05 23:45:00+00:00,123507.8203125,123549.8359375,123490.0859375,123536.15625,55869440
2025-10-06 00:00:00+00:00,123532.546875,123532.546875,123335.6796875,123508.1484375,1101561856
2025-10-06 00:15:00+00:00,123632.2890625,124301.5,123554.25,123554.25,1854955520
2025-10-06 00:30:00+00:00,123712.96875,123839.25,123558.78125,123838.4921875,880328704
2025-10-06 00:45:00+00:00,123375.171875,123716.3125,123199.578125,123716.3125,936083456
2025-10-06 01:00:00+00:00,123589.5078125,123592.5078125,123298.265625,123311.78125,642973696
2025-10-06 01:15:00+00:00,123949.46875,124001.1171875,123436.03125,123535.171875,184016896
2025-10-06 01:30:00+00:00,123842.3203125,124195.1640625,123842.3203125,123883.0,1512947712
2025-10-06 01:45:00+00:00,124084.796875,124084.796875,123862.875,123899.2109375,150126592
2025-10-06 02:00:00+00:00,123913.7578125,124110.828125,123895.5390625,124104.90625,96157696
2025-10-06 02:15:00+00:00,123948.8359375,124023.4375,123900.0078125,123912.3515625,1017888768
2025-10-06 02:30:00+00:00,123869.9140625,123929.78125,123585.0,123908.5625,1433804800
2025-10-06 02:45:00+00:00,124048.40625,124184.0625,123883.6171875,123884.234375,270409728
2025-10-06 03:00:00+00:00,124046.453125,124137.5234375,123997.2734375,124137.5234375,0
2025-10-06 03:15:00+00:00,123993.703125,124061.8984375,123915.2578125,124053.4296875,753123328
2025-10-06 03:30:00+00:00,123931.5703125,123989.9921875,123907.6484375,123975.7578125,695836672
2025-10-06 03:45:00+00:00,123893.6484375,123951.40625,123809.0234375,123937.0859375,0
2025-10-06 04:00:00+00:00,123876.234375,123883.5625,123805.8671875,123883.109375,0
2025-10-06 04:15:00+00:00,123981.09375,124004.390625,123880.515625,123880.515625,0
2025-10-06 04:30:00+00:00,123724.9140625,123997.96875,123693.328125,123993.03125,0
2025-10-06 04:45:00+00:00,123663.5234375,123776.9140625,123661.171875,123756.75,0
2025-10-06 05:00:00+00:00,123408.6875,123622.90625,123408.6875,123622.90625,0
2025-10-06 05:15:00+00:00,123611.8828125,123611.8828125,123369.671875,123369.671875,0
2025-10-06 05:30:00+00:00,123500.5546875,123563.34375,123487.1171875,123563.34375,611524608
2025-10-06 05:45:00+00:00,123609.3125,123713.609375,123531.0859375,123532.7734375,216715264
2025-10-06 06:00:00+00:00,123794.1015625,123821.6796875,123604.9765625,123604.9765625,0
2025-10-06 06:15:00+00:00,123794.4140625,123833.8828125,123692.8515625,123833.8828125,0
2025-10-06 06:30:00+00:00,124056.6953125,124093.8125,123856.28125,123856.28125,130539520
2025-10-06 06:45:00+00:00,123954.8046875,124025.671875,123866.7578125,124008.671875,808013824
2025-10-06 07:00:00+00:00,123881.3828125,123979.328125,123845.4609375,123945.109375,0
2025-10-06 07:15:00+00:00,123858.2109375,123985.578125,123858.2109375,123985.578125,779141120
2025-10-06 07:30:00+00:00,123436.375,123871.109375,123436.375,123871.109375,163880960
2025-10-06 07:45:00+00:00,123395.75,123453.7265625,123370.2109375,123450.8125,405217280
2025-10-06 08:00:00+00:00,123659.1875,123688.8046875,123412.109375,123412.109375,694484992
2025-10-06 08:15:00+00:00,123756.65625,123760.8671875,123618.2578125,123662.296875,61194240
2025-10-06 08:30:00+00:00,123818.8515625,123865.984375,123762.890625,123762.890625,359845888
2025-10-06 08:45:00+00:00,123857.8984375,123860.9375,123723.3671875,123733.046875,68096000
2025-10-06 09:00:00+00:00,123970.8515625,124031.28125,123873.9921875,123873.9921875,576647168
2025-10-06 09:15:00+00:00,123933.0234375,123983.4296875,123900.671875,123983.4296875,784670720
2025-10-06 09:30:00+00:00,123867.03125,123929.3515625,123864.1875,123929.3515625,0
2025-10-06 09:45:00+00:00,123976.078125,124039.984375,123830.75,123830.75,0
2025-10-06 10:00:00+00:00,124001.8203125,124057.3125,123954.9921875,123997.4609375,595689472
2025-10-06 10:15:00+00:00,124111.8671875,124111.8671875,123963.90625,123992.65625,801447936
2025-10-06 10:30:00+00:00,124091.125,124109.03125,124066.765625,124081.5625,753348608
2025-10-06 10:45:00+00:00,124029.578125,124173.4453125,124029.578125,124091.2265625,0
2025-10-06 11:00:00+00:00,123855.421875,124009.8125,123849.0546875,124009.8125,0
2025-10-06 11:15:00+00:00,124099.328125,124099.328125,123823.4453125,123823.4453125,758005760
2025-10-06 11:30:00+00:00,124329.7421875,124498.140625,124182.9609375,124498.140625,589660160
2025-10-06 11:45:00+00:00,124266.9375,124402.4140625,124231.8125,124336.4296875,1321443328
2025-10-06 12:00:00+00:00,124510.0546875,124510.0546875,124257.1015625,124267.609375,374308864
2025-10-06 12:15:00+00:00,124542.0,124688.4765625,124492.4609375,124492.4609375,1015042048
2025-10-06 12:30:00+00:00,124297.3359375,124485.1640625,124297.3359375,124441.2578125,1054994432
2025-10-06 12:45:00+00:00,124585.828125,124585.828125,124327.5,124327.5,226566144
2025-10-06 13:00:00+00:00,124664.03125,124803.5,124578.2890625,124589.21875,164827136
2025-10-06 13:15:00+00:00,124893.3203125,124893.3203125,124611.8203125,124685.015625,141807616
2025-10-06 13:30:00+00:00,124645.5859375,124916.3046875,124607.1328125,124870.65625,1924321280
2025-10-06 13:45:00+00:00,124994.21875,124994.21875,124484.65625,124614.2109375,746807296
2025-10-06 14:00:00+00:00,125159.25,125284.359375,124997.3125,125095.40625,1471430656
2025-10-06 14:15:00+00:00,124912.390625,125131.796875,124683.0625,124978.46875,2087456768
2025-10-06 14:30:00+00:00,124841.65625,125059.7734375,124724.78125,124914.265625,370323456
2025-10-06 14:45:00+00:00,124505.8828125,124868.984375,124493.3203125,124825.1171875,26849280
2025-10-06 15:00:00+00:00,124735.71875,124761.0390625,124516.6796875,124516.6796875,2558324736
2025-10-06 15:15:00+00:00,125197.0625,125384.8671875,124749.25,124749.25,640417792
2025-10-06 15:30:00+00:00,125108.8125,125241.28125,125068.5703125,125191.3046875,1373917184
2025-10-06 15:45:00+00:00,125106.9140625,125243.4296875,125059.7421875,125120.6484375,1174511616
2025-10-06 16:00:00+00:00,124926.296875,125095.25,124865.4140625,125033.015625,152408064
2025-10-06 16:15:00+00:00,124901.765625,125028.1484375,124901.765625,124911.8046875,1060876288
2025-10-06 16:30:00+00:00,125249.90625,125249.90625,124927.671875,124927.671875,1141420032
2025-10-06 16:45:00+00:00,125369.234375,125371.5859375,125181.0234375,125272.65625,900055040
2025-10-06 17:00:00+00:00,125381.9375,125600.5078125,125381.9375,125490.3515625,2040840192
2025-10-06 17:15:00+00:00,125716.2890625,125792.4140625,125448.625,125448.625,797995008
2025-10-06 17:30:00+00:00,125205.28125,125691.40625,125205.28125,125691.40625,1396023296
2025-10-06 17:45:00+00:00,125412.2734375,125503.6484375,125229.1484375,125229.1484375,1317871616
2025-10-06 18:00:00+00:00,125288.2734375,125323.4140625,125141.015625,125223.234375,1290756096
2025-10-06 18:15:00+00:00,125264.953125,125384.65625,125225.765625,125324.765625,472854528
2025-10-06 18:30:00+00:00,125422.4375,125439.5078125,125260.9140625,125260.9140625,0
2025-10-06 18:45:00+00:00,126149.0234375,126149.0234375,125536.7734375,125536.7734375,559083520
2025-10-06 19:00:00+00:00,125731.328125,126104.3515625,125731.328125,126069.2265625,2409840640
2025-10-06 19:15:00+00:00,125801.15625,125816.203125,125512.5546875,125648.4296875,1253335040
2025-10-06 19:30:00+00:00,125369.2890625,125822.8046875,125358.125,125757.4375,247660544
2025-10-06 19:45:00+00:00,125424.2578125,125498.5390625,125336.8359375,125419.1171875,1492422656
2025-10-06 20:00:00+00:00,125459.109375,125532.2109375,125378.6328125,125420.203125,1352859648
2025-10-06 20:15:00+00:00,125102.8125,125403.296875,125100.3203125,125403.296875,365912064
2025-10-06 20:30:00+00:00,125234.5078125,125319.5390625,125098.140625,125098.140625,79634432
2025-10-06 20:45:00+00:00,125251.1875,125295.0078125,125227.828125,125227.828125,144990208
2025-10-06 21:00:00+00:00,125138.1640625,125292.671875,125138.1640625,125245.9765625,1872445440
2025-10-06 21:15:00+00:00,124957.1171875,125110.9921875,124688.8984375,125110.9921875,1748926464
2025-10-06 21:30:00+00:00,124983.4609375,124983.4609375,124732.96875,124846.6328125,1168457728
2025-10-06 21:45:00+00:00,125047.0703125,125047.0703125,124890.25,124997.546875,2501697536
2025-10-06 22:00:00+00:00,125206.1796875,125273.28125,125104.640625,125187.28125,73973760
2025-10-06 22:15:00+00:00,125219.0234375,125264.6953125,125194.8671875,125194.8671875,39649280
2025-10-06 22:30:00+00:00,124875.4765625,125191.7734375,124844.25,125191.7734375,249298944
2025-10-06 22:45:00+00:00,125056.2265625,125083.9296875,124891.78125,124891.78125,1158979584
2025-10-06 23:00:00+00:00,124950.6484375,125133.2109375,124948.5859375,125063.34375,847323136
2025-10-06 23:15:00+00:00,124873.8515625,124902.0390625,124741.2890625,124902.0390625,21905408
2025-10-06 23:30:00+00:00,124861.2578125,124881.6015625,124798.8359375,124870.875,48373760
2025-10-06 23:45:00+00:00,124781.1953125,124824.703125,124712.2734375,124824.703125,42074112
2025-10-07 00:00:00+00:00,124819.2421875,124837.78125,124726.34375,124726.34375,36904960
2025-10-07 00:15:00+00:00,124696.59375,124817.703125,124696.59375,124813.2578125,529768448
2025-10-07 00:30:00+00:00,124774.3828125,124774.3828125,124692.2421875,124729.96875,0
2025-10-07 00:45:00+00:00,124923.9296875,124939.703125,124834.9921875,124888.703125,0
2025-10-07 01:00:00+00:00,124997.296875,125097.65625,124908.484375,124924.6875,0
2025-10-07 01:15:00+00:00,124713.53125,124944.6015625,124538.796875,124944.6015625,1822597120
2025-10-07 01:30:00+00:00,124775.8984375,124775.8984375,124600.3671875,124752.703125,765968384
2025-10-07 01:45:00+00:00,124705.328125,124801.9765625,124633.625,124801.9765625,1289236480
2025-10-07 02:00:00+00:00,124644.875,124722.8125,124643.265625,124722.8125,0
2025-10-07 02:15:00+00:00,124610.265625,124652.1640625,124365.3359375,124652.1640625,1194938368
2025-10-07 02:30:00+00:00,124505.0625,124631.9296875,124468.9921875,124590.9921875,983486464
2025-10-07 02:45:00+00:00,124367.9609375,124577.3984375,124367.9609375,124524.640625,0
2025-10-07 03:00:00+00:00,124567.2578125,124567.2578125,124365.6015625,124366.7421875,984006656
2025-10-07 03:15:00+00:00,124255.2578125,124574.0859375,124216.4296875,124574.0859375,145248256
2025-10-07 03:30:00+00:00,124297.984375,124319.1015625,124209.2265625,124209.953125,1220042752
2025-10-07 03:45:00+00:00,124361.3046875,124364.734375,124273.578125,124325.28125,31571968
2025-10-07 04:00:00+00:00,124202.90625,124363.9453125,124202.90625,124363.9453125,218677248
2025-10-07 04:15:00+00:00,124438.7734375,124438.7734375,124156.0078125,124177.4296875,923815936
2025-10-07 04:30:00+00:00,124612.3984375,124633.703125,124469.2578125,124469.2578125,181182464
2025-10-07 04:45:00+00:00,124580.90625,124613.375,124568.84375,124600.9765625,42831872
2025-10-07 05:00:00+00:00,124520.3046875,124547.515625,124353.3828125,124547.515625,1540255744
2025-10-07 05:15:00+00:00,124589.5078125,124589.5078125,124448.984375,124524.4765625,137134080
2025-10-07 05:30:00+00:00,124601.46875,124611.890625,124500.3203125,124518.4296875,260182016
2025-10-07 05:45:00+00:00,124404.9140625,124595.109375,124375.0625,124595.109375,1237143552
2025-10-07 06:00:00+00:00,124411.59375,124487.1796875,124408.7890625,124471.2421875,178085888
2025-10-07 06:15:00+00:00,124070.46875,124365.2265625,124044.3828125,124365.2265625,129589248
2025-10-07 06:30:00+00:00,123910.1484375,124027.21875,123900.28125,123962.7734375,414232576
2025-10-07 06:45:00+00:00,123975.2265625,124013.5,123903.84375,123903.84375,194023424
2025-10-07 07:00:00+00:00,123943.1796875,124036.828125,123943.1796875,123965.203125,1002979328
2025-10-07 07:15:00+00:00,123861.90625,123884.96875,123768.0625,123883.9765625,1175818240
2025-10-07 07:30:00+00:00,123757.734375,123876.3359375,123670.8515625,123876.3359375,751796224
2025-10-07 07:45:00+00:00,123712.234375,123747.0859375,123711.359375,123747.0859375,902230016
2025-10-07 08:00:00+00:00,123614.8671875,123717.75,123589.5234375,123715.4296875,242180096
2025-10-07 08:15:00+00:00,123730.3984375,123760.0546875,123492.21875,123630.640625,1342644224
2025-10-07 08:30:00+00:00,123826.515625,123826.515625,123519.5546875,123684.46875,101564416
2025-10-07 08:45:00+00:00,123954.1953125,124042.5859375,123833.546875,123833.546875,555565056
2025-10-07 09:00:00+00:00,124149.1484375,124149.1484375,123944.421875,123951.4921875,111132672
2025-10-07 09:15:00+00:00,124151.1328125,124189.2578125,124097.59375,124154.546875,1208868864
2025-10-07 09:30:00+00:00,124180.1796875,124263.5234375,124166.296875,124179.015625,0
2025-10-07 09:45:00+00:00,124229.578125,124242.3515625,124149.2734375,124165.6953125,23822336
2025-10-07 10:00:00+00:00,124290.6171875,124290.6171875,124096.3515625,124192.890625,845799424
2025-10-07 10:15:00+00:00,124345.1171875,124411.9296875,124327.171875,124370.4453125,693215232
2025-10-07 10:30:00+00:00,124334.796875,124421.859375,124322.421875,124326.78125,1634328576
2025-10-07 10:45:00+00:00,124349.78125,124385.0546875,124334.4375,124336.03125,1576435712
2025-10-07 11:00:00+00:00,124284.8125,124373.765625,124284.8125,124329.140625,1437327360
2025-10-07 11:15:00+00:00,124456.3984375,124456.3984375,124287.4609375,124287.4609375,51773440
2025-10-07 11:30:00+00:00,124438.609375,124541.3046875,124366.7890625,124461.8828125,0
2025-10-07 11:45:00+00:00,124520.2890625,124565.140625,124437.078125,124437.078125,35975168
2025-10-07 12:00:00+00:00,124514.3203125,124568.90625,124492.015625,124540.578125,804614144
2025-10-07 12:15:00+00:00,124508.6328125,124525.7734375,124465.71875,124525.7734375,0
2025-10-07 12:30:00+00:00,124606.2265625,124606.2265625,124471.5703125,124485.8828125,21610496
2025-10-07 12:45:00+00:00,125001.6171875,125170.734375,124634.578125,124634.578125,282324992
2025-10-07 13:00:00+00:00,124924.2890625,124974.8203125,124831.40625,124974.8203125,244629504
2025-10-07 13:15:00+00:00,124804.1171875,124829.15625,124753.3359375,124829.15625,8839168
2025-10-07 13:30:00+00:00,123816.4453125,124828.6796875,123816.4453125,124828.6796875,775315456
2025-10-07 13:45:00+00:00,123985.734375,123985.734375,123605.3359375,123868.203125,1282334720
2025-10-07 14:00:00+00:00,122882.8046875,123977.5,122882.8046875,123977.5,499638272
2025-10-07 14:15:00+00:00,123032.78125,123329.953125,122893.7890625,122893.7890625,636895232
2025-10-07 14:30:00+00:00,122777.6640625,123032.078125,122681.7265625,122900.125,472064000
2025-10-07 14:45:00+00:00,122808.078125,123031.6640625,122702.125,122791.3203125,521551872
2025-10-07 15:00:00+00:00,122131.28125,122830.8671875,122028.8828125,122799.2265625,2327011328
2025-10-07 15:15:00+00:00,122178.515625,122389.703125,121979.3203125,121992.5546875,1120657408
2025-10-07 15:30:00+00:00,121767.390625,122118.125,121532.0234375,122118.125,1952669696
2025-10-07 15:45:00+00:00,121813.796875,121813.796875,121428.3515625,121748.5234375,1505910784
2025-10-07 16:00:00+00:00,121737.1640625,121862.9765625,121703.390625,121853.296875,1770176512
2025-10-07 16:15:00+00:00,121244.6796875,121696.1171875,121200.8203125,121596.421875,1283915776
2025-10-07 16:30:00+00:00,121783.296875,121864.2421875,121285.859375,121285.859375,1983930368
2025-10-07 16:45:00+00:00,121866.6015625,122069.546875,121821.34375,121821.34375,1964785664
2025-10-07 17:00:00+00:00,121446.484375,121822.3359375,121446.203125,121725.0859375,1029013504
2025-10-07 17:15:00+00:00,121317.1328125,121552.7109375,121317.1328125,121537.8359375,4366336
2025-10-07 17:30:00+00:00,121414.3359375,121459.53125,121272.78125,121420.1953125,636887040
2025-10-07 17:45:00+00:00,121272.375,121577.4609375,121220.7265625,121562.734375,1828012032
2025-10-07 18:00:00+00:00,121328.8359375,121328.8359375,120981.515625,121214.8671875,1394114560
2025-10-07 18:15:00+00:00,120716.625,121287.796875,120716.625,121287.796875,158941184
2025-10-07 18:30:00+00:00,120806.8984375,120944.3359375,120724.0078125,120748.171875,2454241280
2025-10-07 18:45:00+00:00,120951.171875,121001.90625,120868.375,120868.375,375914496
2025-10-07 19:00:00+00:00,121549.453125,121556.984375,120938.1875,120938.1875,274636800
2025-10-07 19:15:00+00:00,121379.484375,121579.140625,121379.484375,121579.0546875,0
2025-10-07 19:30:00+00:00,121507.75,121571.8125,121325.2265625,121325.2265625,1229029376
2025-10-07 19:45:00+00:00,121771.6875,122009.2890625,121484.0546875,121484.0546875,399024128
2025-10-07 20:00:00+00:00,122101.578125,122125.03125,121742.6640625,121742.6640625,180305920
2025-10-07 20:15:00+00:00,122222.6953125,122222.6953125,122098.3125,122107.9609375,96288768
2025-10-07 20:30:00+00:00,122110.1796875,122240.734375,122110.1796875,122240.734375,1604608000
2025-10-07 20:45:00+00:00,122153.09375,122221.0703125,122153.09375,122166.1484375,1056292864
2025-10-07 21:00:00+00:00,122204.2421875,122204.2421875,121906.8515625,121906.8515625,81690624
2025-10-07 21:15:00+00:00,122326.6328125,122326.6328125,122087.515625,122087.515625,0
2025-10-07 21:30:00+00:00,121945.59375,122296.0859375,121945.59375,122296.0859375,0
2025-10-07 21:45:00+00:00,121968.8125,122055.265625,121887.984375,122055.265625,1670070272
2025-10-07 22:00:00+00:00,122018.8828125,122056.40625,121908.40625,122056.40625,1003872256
2025-10-07 22:15:00+00:00,121997.6484375,122163.25,121997.6484375,122087.34375,1110269952
2025-10-07 22:30:00+00:00,121975.4296875,122085.0078125,121933.421875,122017.3125,86016000
2025-10-07 22:45:00+00:00,122046.8203125,122046.8203125,121993.0234375,121993.0234375,0
2025-10-07 23:00:00+00:00,121868.7421875,122033.703125,121868.7421875,122033.703125,959741952
2025-10-07 23:15:00+00:00,121719.6015625,121899.1953125,121707.9375,121874.3515625,164700160
2025-10-07 23:30:00+00:00,121495.0703125,121651.359375,121495.0703125,121636.5625,162725888
2025-10-07 23:45:00+00:00,121461.640625,121586.1015625,121461.640625,121516.6484375,542105600
2025-10-08 00:00:00+00:00,121577.1953125,121636.6875,121408.8828125,121408.8828125,3037216768
2025-10-08 00:15:00+00:00,121759.4296875,121820.2421875,121596.515625,121596.515625,180248576
2025-10-08 00:30:00+00:00,121966.9765625,121966.9765625,121410.7421875,121663.765625,834863104
2025-10-08 00:45:00+00:00,121988.1328125,122113.515625,121950.8125,121950.8125,2398732288
2025-10-08 01:00:00+00:00,121881.6015625,122005.7578125,121881.6015625,121993.875,1789394944
2025-10-08 01:15:00+00:00,122035.3515625,122070.71875,121717.6796875,121775.3515625,1012170752
2025-10-08 01:30:00+00:00,121871.09375,122014.4375,121836.046875,121883.9921875,37134336
2025-10-08 01:45:00+00:00,122015.59375,122015.59375,121854.5625,121854.5625,130711552
2025-10-08 02:00:00+00:00,122010.4375,122025.640625,121924.71875,122025.640625,48611328
2025-10-08 02:15:00+00:00,122262.6796875,122262.6796875,121987.0859375,121987.0859375,0
2025-10-08 02:30:00+00:00,122001.2109375,122240.5703125,121961.8828125,122240.5703125,1144381440
2025-10-08 02:45:00+00:00,122105.84375,122131.2890625,121980.2734375,121980.2734375,200663040
2025-10-08 03:00:00+00:00,121798.7578125,122105.5625,121798.7578125,122105.5625,90169344
2025-10-08 03:15:00+00:00,121571.5234375,121836.4375,121529.9765625,121832.890625,0
2025-10-08 03:30:00+00:00,121440.4765625,121528.046875,121414.53125,121528.046875,733872128
2025-10-08 03:45:00+00:00,121418.9140625,121464.875,121360.0390625,121413.9140625,461955072
2025-10-08 04:00:00+00:00,121390.1640625,121512.640625,121236.359375,121411.4453125,1538228224
2025-10-08 04:15:00+00:00,121500.0078125,121640.7890625,121428.171875,121428.171875,255746048
2025-10-08 04:30:00+00:00,121642.0390625,121831.1484375,121586.0625,121586.0625,1142366208
2025-10-08 04:45:00+00:00,121929.6171875,121929.6171875,121648.3359375,121648.3359375,906944512
2025-10-08 05:00:00+00:00,121779.3671875,121934.15625,121720.7265625,121934.15625,1151942656
2025-10-08 05:15:00+00:00,121355.5390625,121788.078125,121355.5390625,121788.078125,192757760
2025-10-08 05:30:00+00:00,121425.0,121544.625,121425.0,121428.625,242417664
2025-10-08 05:45:00+00:00,121324.9296875,121343.8671875,121243.5625,121308.5234375,251183104
2025-10-08 06:00:00+00:00,121407.3203125,121429.9296875,121130.4453125,121429.9296875,1092452352
2025-10-08 06:15:00+00:00,121450.4375,121468.34375,121238.9609375,121386.296875,1030062080
2025-10-08 06:30:00+00:00,121559.171875,121564.5078125,121451.5234375,121451.5234375,0
2025-10-08 06:45:00+00:00,121808.734375,121856.6796875,121600.328125,121600.328125,0
2025-10-08 07:00:00+00:00,121716.6640625,121871.3125,121702.53125,121785.2734375,428040192
2025-10-08 07:15:00+00:00,121625.578125,121730.46875,121593.3359375,121693.40625,1083482112
2025-10-08 07:30:00+00:00,121421.5546875,121592.4375,121392.9453125,121592.4375,138231808
2025-10-08 07:45:00+00:00,121543.6484375,121543.6484375,121428.4296875,121508.5234375,1012801536
2025-10-08 08:00:00+00:00,121602.6484375,121822.5234375,121602.6484375,121623.265625,48087040
2025-10-08 08:15:00+00:00,121929.328125,121990.03125,121651.96875,121651.96875,118530048
2025-10-08 08:30:00+00:00,122801.3125,122801.3125,121904.5546875,121904.5546875,1466556416
2025-10-08 08:45:00+00:00,122434.9296875,122833.2734375,122434.9296875,122833.2734375,1240014848
2025-10-08 09:00:00+00:00,122570.25,122632.5390625,122432.578125,122432.578125,0
2025-10-08 09:15:00+00:00,122581.2734375,122622.859375,122506.9375,122601.5078125,1028177920
2025-10-08 09:30:00+00:00,122475.9765625,122589.53125,122475.9765625,122589.0703125,86335488
2025-10-08 09:45:00+00:00,122514.234375,122529.296875,122420.46875,122470.9765625,1008353280
2025-10-08 10:00:00+00:00,122612.75,122821.9453125,122519.8984375,122519.8984375,162930688
2025-10-08 10:15:00+00:00,122702.7109375,122734.1875,122585.5546875,122597.796875,943521792
2025-10-08 10:30:00+00:00,123079.453125,123079.453125,122681.4765625,122681.4765625,257744896
2025-10-08 10:45:00+00:00,122978.4765625,123033.484375,122948.09375,123033.484375,525041664
2025-10-08 11:00:00+00:00,123216.53125,123216.53125,122901.2421875,122989.828125,741081088
2025-10-08 11:15:00+00:00,123087.1640625,123195.5546875,122956.7109375,123195.5546875,1152049152
2025-10-08 11:30:00+00:00,122915.6953125,123070.15625,122915.6953125,123070.15625,412057600
2025-10-08 11:45:00+00:00,122921.1796875,122921.1796875,122837.109375,122838.3203125,935960576
2025-10-08 12:00:00+00:00,123084.9609375,123084.9609375,122799.7890625,122921.0546875,89808896
2025-10-08 12:15:00+00:00,122803.859375,123002.8828125,122744.5703125,123002.8828125,2521858048
2025-10-08 12:30:00+00:00,122678.3125,122815.6796875,122678.3125,122815.6796875,0
2025-10-08 12:45:00+00:00,122637.0546875,122732.0546875,122613.3984375,122682.4765625,0
2025-10-08 13:00:00+00:00,122590.390625,122762.3125,122495.453125,122664.2734375,565559296
2025-10-08 13:15:00+00:00,122549.96875,122727.0546875,122549.96875,122687.453125,0
2025-10-08 13:30:00+00:00,121875.8046875,122685.6171875,121875.8046875,122485.625,0
2025-10-08 13:45:00+00:00,122510.328125,122510.328125,121903.921875,121903.921875,1032511488
2025-10-08 14:00:00+00:00,122790.015625,123247.5625,122655.7265625,122655.7265625,21004288
2025-10-08 14:15:00+00:00,122668.9140625,123088.9140625,122639.9296875,122864.0,162799616
2025-10-08 14:30:00+00:00,122403.15625,122842.265625,122374.6796875,122614.0390625,122445824
2025-10-08 14:45:00+00:00,122278.796875,122660.6953125,122221.4609375,122526.484375,208273408
2025-10-08 15:00:00+00:00,122497.65625,122610.1796875,122346.2734375,122405.859375,2910576640
2025-10-08 15:15:00+00:00,122422.1484375,122542.6328125,122281.3828125,122511.1015625,541777920
2025-10-08 15:30:00+00:00,122411.5859375,122479.7890625,122330.4609375,122479.7890625,0
2025-10-08 15:45:00+00:00,122207.5234375,122374.4375,122015.6015625,122374.4375,0
2025-10-08 16:00:00+00:00,122603.921875,122607.3671875,122195.359375,122209.78125,493404160
2025-10-08 16:15:00+00:00,122710.421875,122881.234375,122690.5390625,122701.96875,79355904
2025-10-08 16:30:00+00:00,122725.3515625,122725.3515625,122596.4296875,122693.7578125,0
2025-10-08 16:45:00+00:00,123098.7890625,123122.015625,122747.90625,122747.90625,0
2025-10-08 17:00:00+00:00,123509.453125,123563.2578125,123042.96875,123087.40625,264192000
2025-10-08 17:15:00+00:00,123893.078125,123969.453125,123648.3671875,123669.0703125,381472768
2025-10-08 17:30:00+00:00,123793.953125,123997.09375,123751.109375,123997.09375,462430208
2025-10-08 17:45:00+00:00,124141.4921875,124144.6328125,123771.4375,123825.578125,0
2025-10-08 18:00:00+00:00,124051.6875,124093.4140625,123876.96875,124093.4140625,344989696
2025-10-08 18:15:00+00:00,123727.5859375,123965.578125,123692.2109375,123965.578125,1096290304
2025-10-08 18:30:00+00:00,123672.375,123773.890625,123515.9609375,123714.046875,1007939584
2025-10-08 18:45:00+00:00,123614.859375,123805.203125,123571.78125,123571.78125,1467965440
2025-10-08 19:00:00+00:00,123339.765625,123507.84375,123309.7265625,123507.84375,0
2025-10-08 19:15:00+00:00,123638.3828125,123642.1875,123235.5703125,123291.90625,1051762688
2025-10-08 19:30:00+00:00,123547.46875,123745.0625,123473.8203125,123633.0625,0
2025-10-08 19:45:00+00:00,123520.203125,123570.25,123468.9140625,123477.015625,0
2025-10-08 20:00:00+00:00,123486.6328125,123500.1640625,123375.0546875,123500.1640625,0
2025-10-08 20:15:00+00:00,123616.109375,123683.6953125,123508.40625,123508.40625,1224966144
2025-10-08 20:30:00+00:00,123399.0625,123598.484375,123391.6015625,123598.484375,966344704
2025-10-08 20:45:00+00:00,123054.9375,123387.46875,123054.9375,123387.46875,299933696
2025-10-08 21:00:00+00:00,123070.4140625,123150.859375,122903.1953125,122903.1953125,284180480
2025-10-08 21:15:00+00:00,123309.7578125,123330.0625,123128.109375,123128.109375,1968754688
2025-10-08 21:30:00+00:00,123346.609375,123349.1328125,123297.8203125,123315.03125,7168000
2025-10-08 21:45:00+00:00,123237.0,123357.859375,123236.96875,123357.859375,799989760
2025-10-08 22:00:00+00:00,123362.53125,123410.6015625,123272.21875,123272.21875,0
2025-10-08 22:15:00+00:00,123330.03125,123411.6796875,123330.03125,123373.59375,882118656
2025-10-08 22:30:00+00:00,123369.46875,123405.6328125,123337.03125,123337.03125,0
2025-10-08 22:45:00+00:00,123315.6171875,123351.7265625,123311.125,123342.90625,0
2025-10-08 23:00:00+00:00,123181.8359375,123287.7421875,123104.9296875,123287.7421875,78659584
2025-10-08 23:15:00+00:00,123501.5,123501.5,123183.453125,123183.453125,1106284544
2025-10-08 23:30:00+00:00,123383.3828125,123565.71875,123383.3828125,123513.328125,1646641152
2025-10-08 23:45:00+00:00,123358.421875,123392.6875,123358.421875,123387.84375,0
2025-10-09 00:00:00+00:00,123109.0625,123379.09375,123096.8203125,123379.09375,0
2025-10-09 00:15:00+00:00,123162.078125,123275.1015625,123136.359375,123136.359375,905641984
2025-10-09 00:30:00+00:00,123077.1796875,123121.328125,122945.984375,123121.328125,21733376
2025-10-09 00:45:00+00:00,123006.21875,123119.3984375,123006.21875,123050.703125,0
2025-10-09 01:00:00+00:00,122720.5390625,122934.8359375,122673.390625,122934.8359375,565202944
2025-10-09 01:15:00+00:00,122611.2421875,122766.5703125,122611.2421875,122689.8046875,26288128
2025-10-09 01:30:00+00:00,122484.078125,122542.2421875,122442.15625,122542.2421875,62636032
2025-10-09 01:45:00+00:00,122576.875,122576.875,122418.8828125,122418.8828125,2656579584
2025-10-09 02:00:00+00:00,122306.515625,122564.6953125,122152.6875,122564.6953125,1127174144
2025-10-09 02:15:00+00:00,122043.78125,122327.859375,122043.78125,122327.859375,53850112
2025-10-09 02:30:00+00:00,121729.703125,122111.9765625,121729.703125,122040.234375,303665152
2025-10-09 02:45:00+00:00,121616.1171875,121788.9609375,121600.2578125,121788.9609375,582176768
2025-10-09 03:00:00+00:00,121927.859375,121944.2421875,121650.609375,121650.609375,1133953024
2025-10-09 03:15:00+00:00,122013.9765625,122106.1484375,121877.6015625,121877.6015625,0
2025-10-09 03:30:00+00:00,122012.9296875,122073.75,122012.9296875,122026.875,843333632
2025-10-09 03:45:00+00:00,122064.671875,122066.625,121947.109375,121947.109375,0
2025-10-09 04:00:00+00:00,121995.296875,122070.1015625,121985.359375,122070.1015625,878448640
2025-10-09 04:15:00+00:00,122273.1015625,122273.9453125,121983.2421875,121983.2421875,0
2025-10-09 04:30:00+00:00,122083.8125,122264.9453125,122081.2421875,122264.9453125,882561024
2025-10-09 04:45:00+00:00,122141.9609375,122170.4921875,122067.5234375,122067.5234375,0
2025-10-09 05:00:00+00:00,122112.4140625,122194.0859375,122112.4140625,122146.8671875,0
2025-10-09 05:15:00+00:00,122005.109375,122005.109375,121920.703125,121967.0703125,807768064
2025-10-09 05:30:00+00:00,121982.6484375,122143.796875,121949.3984375,122031.640625,0
2025-10-09 05:45:00+00:00,122134.6328125,122134.6328125,121979.4609375,121997.9375,898666496
2025-10-09 06:00:00+00:00,122017.1484375,122142.1875,121984.78125,122142.1875,0
2025-10-09 06:15:00+00:00,122139.984375,122139.984375,121950.109375,121967.53125,0
2025-10-09 06:30:00+00:00,122136.4609375,122198.3984375,122107.8046875,122198.3984375,1024524288
2025-10-09 06:45:00+00:00,121998.65625,122167.5234375,121948.625,122129.578125,14839808
2025-10-09 07:00:00+00:00,122050.796875,122073.34375,121986.71875,121986.71875,0
2025-10-09 07:15:00+00:00,121899.8828125,122065.8828125,121899.8828125,122017.453125,948256768
2025-10-09 07:30:00+00:00,121848.09375,121905.421875,121833.1171875,121875.796875,0
2025-10-09 07:45:00+00:00,121932.7265625,122033.0703125,121841.96875,121841.96875,942694400
2025-10-09 08:00:00+00:00,121882.9921875,121967.671875,121765.703125,121949.5859375,966082560
2025-10-09 08:15:00+00:00,121311.4453125,121844.1796875,121311.4453125,121844.1796875,0
2025-10-09 08:30:00+00:00,121368.6640625,121627.109375,121274.6015625,121274.6015625,0
2025-10-09 08:45:00+00:00,121332.3125,121488.828125,121191.40625,121396.3359375,144392192
2025-10-09 09:00:00+00:00,121619.4453125,121637.96875,121297.78125,121297.78125,1030483968
2025-10-09 09:15:00+00:00,121738.4609375,121743.5,121586.1484375,121611.6015625,57020416
2025-10-09 09:30:00+00:00,121780.6171875,121814.078125,121743.0078125,121750.8046875,1826729984
2025-10-09 09:45:00+00:00,121847.609375,121847.609375,121676.75,121735.6953125,213684224
2025-10-09 10:00:00+00:00,121887.9765625,121915.7578125,121811.203125,121811.203125,908484608
2025-10-09 10:15:00+00:00,121713.640625,121887.1171875,121713.640625,121887.1171875,1014669312
2025-10-09 10:30:00+00:00,122251.859375,122326.6875,121772.8203125,121772.8203125,6389760
2025-10-09 10:45:00+00:00,122215.1953125,122313.90625,122172.7734375,122262.03125,113668096
2025-10-09 11:00:00+00:00,122271.6875,122334.4765625,122223.5234375,122223.5234375,1011052544
2025-10-09 11:15:00+00:00,122706.28125,122761.9609375,122277.2265625,122277.2265625,1337974784
2025-10-09 11:30:00+00:00,122844.6328125,122862.6484375,122658.4140625,122723.6953125,30117888
2025-10-09 11:45:00+00:00,122818.3671875,122863.3203125,122773.6953125,122863.3203125,266891264
2025-10-09 12:00:00+00:00,123081.9375,123081.9375,122780.203125,122780.203125,1195302912
2025-10-09 12:15:00+00:00,123085.03125,123176.75,123032.5078125,123043.0703125,94986240
2025-10-09 12:30:00+00:00,123643.03125,123725.40625,122998.9609375,123048.8046875,1178705920
2025-10-09 12:45:00+00:00,123620.7265625,123633.09375,123441.8515625,123503.5,1354625024
2025-10-09 13:00:00+00:00,123275.984375,123600.5,123275.984375,123600.5,494247936
2025-10-09 13:15:00+00:00,123508.5625,123508.5625,123269.3671875,123269.3671875,1439023104
2025-10-09 13:30:00+00:00,122835.984375,123508.3125,122835.984375,123508.3125,0
2025-10-09 13:45:00+00:00,122504.71875,122996.7890625,122435.5859375,122722.984375,851238912
2025-10-09 14:00:00+00:00,122554.0546875,122554.0546875,121923.8671875,122435.25,558931968
2025-10-09 14:15:00+00:00,121735.1015625,122483.359375,121735.1015625,122483.359375,1136775168
2025-10-09 14:30:00+00:00,121507.46875,121740.6796875,121393.953125,121715.4375,850345984
2025-10-09 14:45:00+00:00,121392.1875,121409.2578125,120868.7421875,121338.578125,1363763200
2025-10-09 15:00:00+00:00,121427.125,121717.75,121400.78125,121598.9765625,669138944
2025-10-09 15:15:00+00:00,121179.1640625,121383.3046875,121173.90625,121376.0078125,632614912
2025-10-09 15:30:00+00:00,120860.1640625,121091.7109375,120860.1640625,121091.7109375,2028662784
2025-10-09 15:45:00+00:00,121213.40625,121255.1328125,120835.2109375,120835.2109375,1608781824
2025-10-09 16:00:00+00:00,121355.3828125,121406.7578125,121196.8515625,121196.8515625,111239168
2025-10-09 16:15:00+00:00,121294.7109375,121456.703125,121147.4375,121300.421875,1009475584
2025-10-09 16:30:00+00:00,120749.6171875,121293.34375,120749.6171875,121283.0546875,1319313408
2025-10-09 16:45:00+00:00,120304.1328125,120873.9296875,120304.1328125,120873.9296875,1760256000
2025-10-09 17:00:00+00:00,120353.8671875,120353.8671875,119892.359375,119892.359375,2911543296
2025-10-09 17:15:00+00:00,120292.90625,120523.265625,120276.78125,120286.34375,184320000
2025-10-09 17:30:00+00:00,120588.8984375,120622.015625,120308.7109375,120308.7109375,1322713088
2025-10-09 17:45:00+00:00,120843.796875,120843.796875,120521.3671875,120533.9140625,711294976
2025-10-09 18:00:00+00:00,120885.3203125,121012.2265625,120806.453125,121003.2421875,436412416
2025-10-09 18:15:00+00:00,120746.7109375,120902.703125,120666.765625,120832.1015625,1614561280
2025-10-09 18:30:00+00:00,120568.4453125,120752.546875,120495.4453125,120752.546875,208527360
2025-10-09 18:45:00+00:00,120744.4140625,120744.4140625,120573.578125,120612.7109375,1360084992
2025-10-09 19:00:00+00:00,120924.7578125,120938.1640625,120821.0859375,120821.0859375,529801216
2025-10-09 19:15:00+00:00,121165.4140625,121165.4140625,120928.0859375,120959.90625,90128384
2025-10-09 19:30:00+00:00,120903.4296875,121168.0546875,120898.125,121163.6640625,1349050368
2025-10-09 19:45:00+00:00,121013.578125,121100.609375,120891.84375,120891.84375,1220591616
2025-10-09 20:00:00+00:00,120984.1171875,121100.640625,120982.7890625,120998.796875,589889536
2025-10-09 20:15:00+00:00,120969.453125,121024.921875,120928.1484375,120942.3671875,500883456
2025-10-09 20:30:00+00:00,121039.8046875,121039.8046875,120963.5546875,120963.5546875,963518464
2025-10-09 20:45:00+00:00,121165.140625,121205.7109375,121017.875,121047.1875,362291200
2025-10-09 21:00:00+00:00,121307.4453125,121307.4453125,121137.3125,121156.09375,871989248
2025-10-09 21:15:00+00:00,121402.09375,121501.7890625,121395.734375,121423.6875,670326784
2025-10-09 21:30:00+00:00,121486.8671875,121559.796875,121318.546875,121407.65625,874676224
2025-10-09 21:45:00+00:00,121522.9375,121524.2109375,121415.59375,121510.1484375,385449984
2025-10-09 22:00:00+00:00,121517.140625,121591.2265625,121476.28125,121520.9765625,1000824832
2025-10-09 22:15:00+00:00,121629.9453125,121649.0234375,121536.171875,121536.171875,278265856
2025-10-09 22:30:00+00:00,121730.984375,121730.984375,121570.71875,121632.859375,913252352
2025-10-09 22:45:00+00:00,121739.1015625,121806.3203125,121731.328125,121733.203125,318529536
2025-10-09 23:00:00+00:00,121542.7734375,121757.578125,121542.7734375,121757.578125,1344675840
2025-10-09 23:15:00+00:00,121582.375,121596.546875,121447.8515625,121546.6328125,442441728
2025-10-09 23:30:00+00:00,121517.453125,121580.6328125,121517.453125,121580.6328125,799432704
2025-10-09 23:45:00+00:00,121709.9140625,121740.953125,121570.9921875,121576.4296875,584278016
2025-10-10 00:00:00+00:00,121716.109375,121818.0390625,121700.6484375,121727.234375,17080320
2025-10-10 00:15:00+00:00,121922.28125,121922.28125,121756.1328125,121756.1328125,0
2025-10-10 00:30:00+00:00,121817.1484375,121921.3125,121817.1484375,121921.3125,0
2025-10-10 00:45:00+00:00,121833.5546875,121845.828125,121696.40625,121778.59375,908779520
2025-10-10 01:00:00+00:00,121853.609375,121933.6328125,121828.890625,121829.265625,751452160
2025-10-10 01:15:00+00:00,121833.234375,121873.671875,121777.5078125,121873.671875,0
2025-10-10 01:30:00+00:00,121610.4453125,121890.28125,121610.4453125,121883.703125,93233152
2025-10-10 01:45:00+00:00,121728.6328125,121743.640625,121630.15625,121638.4296875,2660638720
2025-10-10 02:00:00+00:00,121388.2734375,121699.3671875,121358.8984375,121699.3671875,2207432704
2025-10-10 02:15:00+00:00,121401.046875,121450.03125,121346.2734375,121346.2734375,959512576
2025-10-10 02:30:00+00:00,121305.6953125,121429.7421875,121189.90625,121429.7421875,828932096
2025-10-10 02:45:00+00:00,121091.9296875,121331.109375,121045.609375,121308.46875,0
2025-10-10 03:00:00+00:00,121076.2109375,121148.5859375,121037.40625,121137.921875,1156046848
2025-10-10 03:15:00+00:00,121429.8203125,121435.84375,121104.7578125,121104.7578125,928849920
2025-10-10 03:30:00+00:00,121573.203125,121573.203125,121509.125,121509.125,725024768
2025-10-10 03:45:00+00:00,121161.203125,121618.8671875,121161.203125,121602.1953125,1210671104
2025-10-10 04:00:00+00:00,121395.4375,121395.4375,121151.4921875,121151.4921875,1304002560
2025-10-10 04:15:00+00:00,121331.5703125,121410.8984375,121297.3359375,121398.7890625,32333824
2025-10-10 04:30:00+00:00,121177.015625,121388.203125,121141.046875,121339.875,937279488
2025-10-10 04:45:00+00:00,121284.40625,121292.640625,121169.9609375,121169.9609375,1258422272
2025-10-10 05:00:00+00:00,121130.5390625,121293.5234375,121095.828125,121293.5234375,1018904576
2025-10-10 05:15:00+00:00,121415.6640625,121489.7109375,121129.578125,121129.578125,0
2025-10-10 05:30:00+00:00,121497.8984375,121497.8984375,121283.15625,121431.1796875,1044774912
2025-10-10 05:45:00+00:00,121614.3671875,121623.5390625,121492.9609375,121492.9609375,379699200
2025-10-10 06:00:00+00:00,121617.75,121770.0859375,121617.75,121629.8203125,186826752
2025-10-10 06:15:00+00:00,121608.9140625,121717.171875,121608.9140625,121621.7734375,1122959360
2025-10-10 06:30:00+00:00,121747.8125,121747.8125,121543.078125,121576.0234375,928391168
2025-10-10 06:45:00+00:00,121477.765625,121770.28125,121321.5234375,121695.96875,881221632
2025-10-10 07:00:00+00:00,121323.7421875,121408.1953125,121239.671875,121408.1953125,213360640
2025-10-10 07:15:00+00:00,121359.15625,121393.0390625,121256.9453125,121298.40625,232628224
2025-10-10 07:30:00+00:00,121171.03125,121359.7265625,121159.796875,121359.7265625,1161314304
2025-10-10 07:45:00+00:00,121035.796875,121161.0078125,121035.796875,121161.0078125,1381310464
2025-10-10 08:00:00+00:00,121234.734375,121234.734375,120972.0234375,120972.0234375,303038464
2025-10-10 08:15:00+00:00,121351.8515625,121351.8515625,121236.1328125,121276.9765625,0
2025-10-10 08:30:00+00:00,121310.1484375,121377.1875,121271.578125,121325.765625,703184896
2025-10-10 08:45:00+00:00,121636.5,121636.5,121326.7421875,121326.7421875,0
2025-10-10 09:00:00+00:00,121605.375,121607.8671875,121560.34375,121603.0390625,109084672
2025-10-10 09:15:00+00:00,121758.0546875,121798.28125,121541.1640625,121578.53125,25141248
2025-10-10 09:30:00+00:00,121762.71875,121768.46875,121712.546875,121734.8359375,92348416
2025-10-10 09:45:00+00:00,121385.0546875,121727.6484375,121367.59375,121727.6484375,1093623808
2025-10-10 10:00:00+00:00,121388.2890625,121453.9609375,121362.265625,121362.265625,39362560
2025-10-10 10:15:00+00:00,121387.28125,121510.8671875,121382.21875,121382.21875,841809920
2025-10-10 10:30:00+00:00,121333.0390625,121393.7421875,121305.78125,121393.7421875,766115840
2025-10-10 10:45:00+00:00,121554.1875,121566.828125,121337.75,121357.4609375,104153088
2025-10-10 11:00:00+00:00,121635.734375,121686.375,121545.40625,121545.40625,1100488704
2025-10-10 11:15:00+00:00,121503.8046875,121620.6015625,121499.90625,121602.8671875,667377664
2025-10-10 11:30:00+00:00,121550.5390625,121597.78125,121486.796875,121486.796875,23609344
2025-10-10 11:45:00+00:00,121623.3125,121666.390625,121547.4140625,121547.4140625,0
2025-10-10 12:00:00+00:00,121582.4296875,121739.6875,121582.4296875,121604.1875,0
2025-10-10 12:15:00+00:00,121598.2734375,121598.2734375,121524.3125,121532.34375,772972544
2025-10-10 12:30:00+00:00,121485.609375,121603.609375,121485.609375,121545.3828125,0
2025-10-10 12:45:00+00:00,121638.5703125,121638.5703125,121507.71875,121507.71875,0
2025-10-10 13:00:00+00:00,121787.3046875,121925.15625,121661.59375,121661.59375,0
2025-10-10 13:15:00+00:00,121991.3125,122011.171875,121774.1171875,121828.2734375,237936640
2025-10-10 13:30:00+00:00,122495.6875,122498.6015625,121899.1484375,122011.9375,1504182272
2025-10-10 13:45:00+00:00,121673.265625,122207.4609375,121481.375,122204.8203125,1519288320
2025-10-10 14:00:00+00:00,121743.75,122067.125,121595.109375,121720.0078125,0
2025-10-10 14:15:00+00:00,121290.109375,121687.859375,121245.9609375,121687.859375,404430848
2025-10-10 14:30:00+00:00,121381.1875,121454.40625,121256.296875,121256.296875,629415936
2025-10-10 14:45:00+00:00,121276.6484375,121439.1484375,121276.6484375,121397.0390625,0
2025-10-10 15:00:00+00:00,120429.5625,120577.5390625,120104.203125,120577.5390625,1250893824
2025-10-10 15:15:00+00:00,119527.828125,120488.15625,119376.3046875,120471.1953125,2363695104
2025-10-10 15:30:00+00:00,119360.59375,119360.59375,118579.5390625,119271.0703125,3170123776
2025-10-10 15:45:00+00:00,119072.296875,119510.5625,118941.78125,119510.5625,1175404544
2025-10-10 16:00:00+00:00,119023.7421875,119267.0625,118802.1328125,119040.3046875,2109415424
2025-10-10 16:15:00+00:00,119270.2578125,119270.2578125,118711.40625,118979.625,884523008
2025-10-10 16:30:00+00:00,118929.921875,119418.9765625,118929.921875,119133.6640625,1728643072
2025-10-10 16:45:00+00:00,118343.828125,118954.0390625,118343.828125,118954.0390625,0
2025-10-10 17:00:00+00:00,117916.328125,118398.8984375,117743.1171875,118306.953125,2844237824
2025-10-10 17:15:00+00:00,118249.1015625,118249.1015625,117790.34375,117928.65625,449519616
2025-10-10 17:30:00+00:00,117912.5546875,118183.34375,117865.4375,118174.9765625,1130405888
2025-10-10 17:45:00+00:00,117743.9609375,117912.4296875,117658.609375,117912.4296875,1092222976
2025-10-10 18:00:00+00:00,117589.8203125,117762.984375,117577.984375,117577.984375,1120608256
2025-10-10 18:15:00+00:00,117723.703125,117831.4609375,117585.125,117740.921875,956669952
2025-10-10 18:30:00+00:00,117554.3359375,117690.6875,117477.859375,117659.7421875,328515584
2025-10-10 18:45:00+00:00,117310.21875,117570.6015625,117310.21875,117539.6015625,1603600384
2025-10-10 19:00:00+00:00,116988.8203125,117321.5546875,116823.0078125,117265.234375,2377973760
2025-10-10 19:15:00+00:00,116421.8984375,116834.7578125,116260.125,116834.7578125,2216484864
2025-10-10 19:30:00+00:00,116865.3203125,116865.3203125,116060.9296875,116425.2421875,1941708800
2025-10-10 19:45:00+00:00,116787.390625,117032.15625,116787.390625,116953.640625,1993588736
2025-10-10 20:00:00+00:00,116831.2109375,116882.328125,116649.6796875,116673.0,1649467392
2025-10-10 20:15:00+00:00,117144.265625,117144.265625,116791.296875,116823.765625,195346432
2025-10-10 20:30:00+00:00,117035.6640625,117092.546875,116846.0546875,117092.546875,1332174848
2025-10-10 20:45:00+00:00,114527.5703125,117084.421875,114047.453125,117084.421875,191971328
2025-10-10 21:00:00+00:00,111615.5703125,115106.875,111615.5703125,114253.625,9819193344
2025-10-10 21:15:00+00:00,109074.484375,112066.4609375,105270.140625,111924.671875,13572857856
2025-10-10 21:30:00+00:00,111943.046875,112039.96875,108969.21875,109219.015625,9687564288
2025-10-10 21:45:00+00:00,113937.875,113937.875,111580.765625,111580.765625,7630536704
2025-10-10 22:00:00+00:00,113836.25,113989.4453125,112592.046875,113989.4453125,5245247488
2025-10-10 22:15:00+00:00,112592.9453125,113815.25,112592.9453125,113815.25,5117313024
2025-10-10 22:30:00+00:00,113714.328125,113728.09375,112720.171875,112720.171875,5757542400
2025-10-10 22:45:00+00:00,114229.8515625,114259.5234375,113817.703125,114021.4609375,4990435328
2025-10-10 23:00:00+00:00,113172.3984375,113996.796875,113154.9765625,113923.53125,1970520064
2025-10-10 23:15:00+00:00,113963.984375,113963.984375,113204.78125,113204.78125,1647067136
2025-10-10 23:30:00+00:00,114644.140625,114864.328125,113988.3125,113988.3125,4996743168
2025-10-10 23:45:00+00:00,113074.953125,114788.5546875,113074.953125,114788.5546875,2577891328
2025-10-11 00:00:00+00:00,112655.296875,113001.2109375,112577.046875,112980.5859375,2480619520
2025-10-11 00:15:00+00:00,112421.7734375,112625.0,111895.5546875,112625.0,2450751488
2025-10-11 00:30:00+00:00,112813.09375,112813.09375,112271.3828125,112524.3515625,1646428160
2025-10-11 00:45:00+00:00,112762.6796875,113288.5625,112762.6796875,112800.578125,2512027648
2025-10-11 01:00:00+00:00,112146.578125,112711.1796875,112146.578125,112711.1796875,2735718400
2025-10-11 01:15:00+00:00,111399.546875,112159.9921875,111399.546875,112159.9921875,1523105792
2025-10-11 01:30:00+00:00,111506.2265625,112165.8125,111375.7421875,111375.7421875,3267641344
2025-10-11 01:45:00+00:00,111326.3359375,111553.9765625,111226.546875,111472.8515625,1955446784
2025-10-11 02:00:00+00:00,111875.6484375,112032.2890625,111256.3671875,111256.3671875,2697248768
2025-10-11 02:15:00+00:00,112289.1328125,112491.2265625,112017.03125,112033.1875,2739175424
2025-10-11 02:30:00+00:00,113060.359375,113060.359375,112302.765625,112302.765625,1169965056
2025-10-11 02:45:00+00:00,113289.09375,113385.6484375,113238.7734375,113256.1171875,1973174272
2025-10-11 03:00:00+00:00,112376.453125,113411.9609375,112360.125,113324.84375,2903326720
2025-10-11 03:15:00+00:00,112036.6015625,112474.484375,112036.6015625,112474.484375,716816384
2025-10-11 03:30:00+00:00,112046.765625,112234.171875,111990.3046875,112038.7109375,1674723328
2025-10-11 03:45:00+00:00,112425.484375,112425.484375,112035.2734375,112035.2734375,582074368
2025-10-11 04:00:00+00:00,112598.8828125,112598.8828125,112288.609375,112348.4609375,1530331136
2025-10-11 04:15:00+00:00,112267.453125,112680.1328125,112267.453125,112575.2578125,1894875136
2025-10-11 04:30:00+00:00,112105.703125,112371.1015625,111881.828125,112371.1015625,4537368576
2025-10-11 04:45:00+00:00,113059.6015625,113060.8828125,112122.734375,112223.109375,1429651456
2025-10-11 05:00:00+00:00,112826.7578125,113060.890625,112744.640625,113060.890625,1216036864
2025-10-11 05:15:00+00:00,112168.8671875,112835.0546875,112168.8671875,112835.0546875,600555520
2025-10-11 05:30:00+00:00,112173.359375,112374.4140625,112173.359375,112210.515625,1832648704
2025-10-11 05:45:00+00:00,112579.921875,112640.09375,112175.8359375,112175.8359375,2496495616
2025-10-11 06:00:00+00:00,112428.609375,112701.0625,112277.6953125,112525.265625,2442199040
2025-10-11 06:15:00+00:00,112848.78125,112848.78125,112459.9921875,112459.9921875,196853760
2025-10-11 06:30:00+00:00,112287.15625,112768.0625,112268.234375,112768.0625,978714624
2025-10-11 06:45:00+00:00,112165.15625,112424.015625,112165.15625,112261.6015625,431161344
2025-10-11 07:00:00+00:00,111597.9140625,111847.40625,111347.6796875,111847.40625,2138931200
2025-10-11 07:15:00+00:00,111097.6796875,111416.53125,111070.9375,111413.1875,3330260992
2025-10-11 07:30:00+00:00,110706.8671875,111100.1640625,110706.8671875,110942.671875,1817313280
2025-10-11 07:45:00+00:00,110320.6953125,110778.578125,110320.6953125,110778.578125,1280262144
2025-10-11 08:00:00+00:00,110396.96875,110643.34375,110320.0859375,110451.0078125,145375232
2025-10-11 08:15:00+00:00,111104.6015625,111163.5859375,110498.6484375,110498.6484375,2247278592
2025-10-11 08:30:00+00:00,111335.1953125,111348.8984375,110897.5,111091.46875,1727152128
2025-10-11 08:45:00+00:00,111530.3203125,111591.046875,111337.484375,111337.484375,826589184
2025-10-11 09:00:00+00:00,111564.109375,111735.8515625,111414.2578125,111414.2578125,3458711552
2025-10-11 09:15:00+00:00,111841.140625,111928.8828125,111604.453125,111616.8984375,840400896
2025-10-11 09:30:00+00:00,111939.734375,111939.734375,111695.0859375,111875.6796875,549535744
2025-10-11 09:45:00+00:00,111758.0625,111921.0546875,111756.8984375,111921.0546875,2470166528
2025-10-11 10:00:00+00:00,112030.03125,112037.921875,111790.8359375,111790.8359375,583581696
2025-10-11 10:15:00+00:00,112291.1328125,112291.1328125,111965.7734375,111995.375,463536128
2025-10-11 10:30:00+00:00,112139.3125,112368.1640625,112139.3125,112298.3359375,1460535296
2025-10-11 10:45:00+00:00,112218.7421875,112284.140625,112123.5234375,112123.5234375,2547449856
2025-10-11 11:00:00+00:00,112094.9453125,112213.0,112047.921875,112210.8359375,1403568128
2025-10-11 11:15:00+00:00,112412.9609375,112412.9609375,111812.5546875,112110.6484375,96567296
2025-10-11 11:30:00+00:00,112418.515625,112436.484375,112344.8203125,112436.484375,248233984
2025-10-11 11:45:00+00:00,112351.6875,112437.953125,112262.109375,112437.953125,2186100736
2025-10-11 12:00:00+00:00,112175.4140625,112367.5859375,112175.4140625,112306.0703125,2289369088
2025-10-11 12:15:00+00:00,112500.7734375,112508.4453125,112203.4921875,112203.4921875,1397538816
2025-10-11 12:30:00+00:00,112428.984375,112555.0703125,112341.6875,112555.0703125,574390272
2025-10-11 12:45:00+00:00,112473.3046875,112473.3046875,112297.109375,112403.09375,2094678016
2025-10-11 13:00:00+00:00,112494.875,112524.25,112338.6953125,112524.25,601423872
2025-10-11 13:15:00+00:00,112432.3515625,112617.640625,112419.1328125,112617.640625,1899905024
2025-10-11 13:30:00+00:00,112267.8125,112448.2890625,112049.0078125,112448.2890625,3659907072
2025-10-11 13:45:00+00:00,112359.0,112426.4765625,112256.4921875,112274.375,17711104
2025-10-11 14:00:00+00:00,112302.7421875,112450.8359375,112302.7421875,112409.46875,0
2025-10-11 14:15:00+00:00,112135.0078125,112332.71875,112091.28125,112307.625,645087232
2025-10-11 14:30:00+00:00,112228.2734375,112266.578125,112087.09375,112145.8125,912457728
2025-10-11 14:45:00+00:00,112057.8046875,112203.9921875,112040.984375,112187.109375,874708992
2025-10-11 15:00:00+00:00,112465.921875,112465.921875,112102.6953125,112102.6953125,228753408
2025-10-11 15:15:00+00:00,112326.6640625,112471.2109375,112326.265625,112384.125,302055424
2025-10-11 15:30:00+00:00,112103.796875,112358.8046875,112103.1640625,112350.4140625,357597184
2025-10-11 15:45:00+00:00,111975.2890625,112156.71875,111975.2890625,112063.734375,0
2025-10-11 16:00:00+00:00,112201.03125,112201.03125,111941.9765625,111941.9765625,184713216
2025-10-11 16:15:00+00:00,112025.953125,112173.28125,112024.953125,112173.28125,0
2025-10-11 16:30:00+00:00,111717.8671875,111952.8203125,111632.796875,111945.0859375,0
2025-10-11 16:45:00+00:00,111941.453125,112003.140625,111607.5,111676.6171875,1039335424
2025-10-11 17:00:00+00:00,112159.4921875,112159.4921875,111864.59375,111996.8671875,0
2025-10-11 17:15:00+00:00,112228.8515625,112285.1484375,112158.875,112164.421875,725794816
2025-10-11 17:30:00+00:00,112127.8203125,112271.0625,112120.640625,112187.984375,740605952
2025-10-11 17:45:00+00:00,112111.984375,112154.90625,112003.1171875,112149.5546875,0
2025-10-11 18:00:00+00:00,111987.8828125,112137.9453125,111987.8828125,112112.09375,655474688
2025-10-11 18:15:00+00:00,112025.828125,112077.2578125,112002.1015625,112002.1015625,506675200
2025-10-11 18:30:00+00:00,112060.1171875,112112.6015625,111980.4921875,112019.4453125,1855913984
2025-10-11 18:45:00+00:00,112082.4453125,112082.4453125,111999.5703125,112061.140625,0
2025-10-11 19:00:00+00:00,111645.8984375,112121.8203125,111645.8984375,112079.78125,0
2025-10-11 19:15:00+00:00,111555.3671875,111694.5,111197.265625,111685.2734375,0
2025-10-11 19:30:00+00:00,111220.328125,111517.8046875,111197.484375,111517.8046875,0
2025-10-11 19:45:00+00:00,111225.9375,111319.640625,111060.015625,111199.859375,1110261760
2025-10-11 20:00:00+00:00,110998.4296875,111429.796875,110950.8515625,111429.796875,1750581248
2025-10-11 20:15:00+00:00,110723.6015625,110975.28125,110723.1484375,110975.28125,3115597824
2025-10-11 20:30:00+00:00,110554.765625,110633.984375,110495.234375,110610.734375,677576704
2025-10-11 20:45:00+00:00,110234.7578125,110906.765625,109952.4453125,110476.9765625,1497120768
2025-10-11 21:00:00+00:00,110082.953125,110478.75,109817.7734375,110412.15625,118849536
2025-10-11 21:15:00+00:00,110944.65625,110944.65625,110234.6953125,110234.6953125,0
2025-10-11 21:30:00+00:00,110900.125,111030.609375,110771.9453125,110896.078125,0
2025-10-11 21:45:00+00:00,111056.0,111105.40625,110941.3203125,110941.3203125,0
2025-10-11 22:00:00+00:00,111070.8671875,111155.8203125,110951.953125,111045.375,0
2025-10-11 22:15:00+00:00,111100.1328125,111100.1328125,110847.1953125,111018.03125,0
2025-10-11 22:30:00+00:00,111255.625,111371.9609375,111083.515625,111083.515625,43663360
2025-10-11 22:45:00+00:00,111165.25,111318.75,111165.25,111237.4375,492240896
2025-10-11 23:00:00+00:00,111041.9921875,111184.203125,111009.1640625,111170.8984375,29966336
2025-10-11 23:15:00+00:00,111065.0390625,111113.4609375,111005.265625,111039.5859375,1185087488
2025-10-11 23:30:00+00:00,110995.34375,111107.703125,110945.046875,111062.921875,0
2025-10-11 23:45:00+00:00,110855.59375,110992.4140625,110848.8515625,110992.4140625,526213120
2025-10-12 00:00:00+00:00,110502.6015625,110718.3671875,110448.5703125,110718.3671875,671383552
2025-10-12 00:15:00+00:00,110174.1171875,110481.4296875,110174.1171875,110450.171875,572809216
2025-10-12 00:30:00+00:00,109922.9453125,110470.03125,109874.2578125,110075.5546875,433668096
2025-10-12 00:45:00+00:00,109741.984375,109984.625,109741.984375,109884.421875,438992896
2025-10-12 01:00:00+00:00,110012.1328125,110084.46875,109796.3359375,109796.3359375,495591424
2025-10-12 01:15:00+00:00,109946.53125,110182.40625,109921.8515625,110088.2890625,0
2025-10-12 01:30:00+00:00,109977.703125,110121.0,109977.703125,110020.453125,509337600
2025-10-12 01:45:00+00:00,109983.421875,110342.78125,109983.421875,110099.375,370647040
2025-10-12 02:00:00+00:00,110105.6171875,110324.703125,110013.796875,110054.890625,0
2025-10-12 02:15:00+00:00,110582.0546875,110596.0,110279.0234375,110279.0234375,0
2025-10-12 02:30:00+00:00,110089.109375,110672.3359375,110089.109375,110576.84375,429867008
2025-10-12 02:45:00+00:00,110135.3046875,110331.046875,109730.1953125,110326.359375,597975040
2025-10-12 03:00:00+00:00,110881.625,111341.34375,110141.1171875,110188.421875,1281163264
2025-10-12 03:15:00+00:00,111145.546875,111151.796875,110694.6953125,110784.84375,0
2025-10-12 03:30:00+00:00,111101.640625,111282.3046875,111026.515625,111050.46875,940433408
2025-10-12 03:45:00+00:00,110776.8984375,111074.78125,110776.8984375,111074.78125,0
2025-10-12 04:00:00+00:00,111124.671875,111161.859375,110774.890625,110781.1015625,502644736
2025-10-12 04:15:00+00:00,111238.6171875,111301.6484375,111155.28125,111165.859375,811786240
2025-10-12 04:30:00+00:00,111466.1015625,111466.1015625,111296.578125,111347.0234375,717897728
2025-10-12 04:45:00+00:00,111563.5078125,111987.15625,111538.0546875,111597.71875,1543929856
2025-10-12 05:00:00+00:00,111432.484375,111602.328125,111358.3671875,111602.328125,0
2025-10-12 05:15:00+00:00,111611.3125,111611.3125,111414.6328125,111414.6328125,649461760
2025-10-12 05:30:00+00:00,111593.6640625,111693.6015625,111562.90625,111684.1875,53321728
2025-10-12 05:45:00+00:00,111831.3046875,111833.2421875,111619.2734375,111619.2734375,285515776
2025-10-12 06:00:00+00:00,111920.875,111920.875,111762.0625,111816.5390625,537673728
2025-10-12 06:15:00+00:00,112003.4609375,112003.4609375,111842.8359375,111929.53125,478789632
2025-10-12 06:30:00+00:00,111789.28125,112004.6015625,111789.28125,112004.6015625,669933568
2025-10-12 06:45:00+00:00,111840.2109375,111975.390625,111826.796875,111826.796875,1045028864
2025-10-12 07:00:00+00:00,111754.7109375,111832.765625,111738.40625,111786.6875,0
2025-10-12 07:15:00+00:00,111734.53125,112014.2109375,111686.34375,111686.34375,0
2025-10-12 07:30:00+00:00,111721.8984375,111744.015625,111643.03125,111744.015625,0
2025-10-12 07:45:00+00:00,111632.46875,111758.671875,111613.5390625,111712.6328125,0
2025-10-12 08:00:00+00:00,111604.625,111776.8046875,111604.625,111657.7265625,529735680
2025-10-12 08:15:00+00:00,111858.5859375,111858.5859375,111615.3359375,111615.3359375,0
2025-10-12 08:30:00+00:00,111780.6796875,111834.28125,111738.3671875,111834.28125,562167808
2025-10-12 08:45:00+00:00,111426.6640625,111661.1328125,111426.6640625,111661.1328125,721297408
2025-10-12 09:00:00+00:00,111289.7421875,111340.953125,111289.7421875,111340.953125,0
2025-10-12 09:15:00+00:00,111375.6796875,111478.859375,111326.0859375,111326.0859375,0
2025-10-12 09:30:00+00:00,111634.765625,111634.765625,111437.625,111437.625,688553984
2025-10-12 09:45:00+00:00,111906.671875,111906.671875,111612.4765625,111656.5078125,1513062400
2025-10-12 10:00:00+00:00,111868.9375,111992.7734375,111851.984375,111904.75,3085991936
2025-10-12 10:15:00+00:00,111689.140625,111898.8203125,111643.28125,111898.8203125,0
2025-10-12 10:30:00+00:00,111647.921875,111667.1640625,111543.5625,111651.9921875,0
2025-10-12 10:45:00+00:00,111726.234375,111753.046875,111633.0234375,111641.1953125,352362496
2025-10-12 11:00:00+00:00,111966.7734375,111966.7734375,111628.4453125,111751.640625,367427584
2025-10-12 11:15:00+00:00,111743.2109375,111920.59375,111631.3125,111920.59375,607469568
2025-10-12 11:30:00+00:00,112048.8984375,112069.140625,111730.25,111762.234375,1147256832
2025-10-12 11:45:00+00:00,111870.453125,112037.0,111843.234375,112005.9140625,100073472
2025-10-12 12:00:00+00:00,112162.4140625,112211.7578125,111882.265625,111882.265625,263659520
2025-10-12 12:15:00+00:00,112060.4375,112165.15625,112020.1953125,112036.921875,160145408
2025-10-12 12:30:00+00:00,111825.3046875,112058.9375,111805.6171875,112042.9921875,2065281024
2025-10-12 12:45:00+00:00,111801.3203125,111866.578125,111699.8984375,111845.71875,1272717312
2025-10-12 13:00:00+00:00,111961.28125,111976.234375,111700.65625,111832.5859375,1772490752
2025-10-12 13:15:00+00:00,111674.6640625,111911.3125,111665.5078125,111911.3125,843116544
2025-10-12 13:30:00+00:00,111797.796875,111797.796875,111559.8203125,111693.703125,340926464
2025-10-12 13:45:00+00:00,111396.3671875,111845.7890625,111396.3671875,111845.7890625,816046080
2025-10-12 14:00:00+00:00,111458.484375,111527.2578125,111309.2734375,111331.3671875,691732480
2025-10-12 14:15:00+00:00,111485.1875,111576.40625,111412.8671875,111457.6953125,903282688
2025-10-12 14:30:00+00:00,111331.0703125,111512.6484375,111256.140625,111512.6484375,830087168
2025-10-12 14:45:00+00:00,112306.71875,112940.7890625,111416.96875,111416.96875,2947530752
2025-10-12 15:00:00+00:00,113191.1015625,113191.1015625,112385.9609375,112385.9609375,3491717120
2025-10-12 15:15:00+00:00,113186.15625,113726.7109375,113055.8359375,113055.8359375,2149097472
2025-10-12 15:30:00+00:00,112761.15625,113203.421875,112587.8671875,113203.421875,1855299584
2025-10-12 15:45:00+00:00,113342.6484375,113342.6484375,112780.8515625,112780.8515625,1227931648
2025-10-12 16:00:00+00:00,114052.1171875,114286.5625,113273.0703125,113273.0703125,2396168192
2025-10-12 16:15:00+00:00,113681.4765625,114029.578125,113611.1796875,114029.578125,1516912640
2025-10-12 16:30:00+00:00,113661.8828125,113779.9765625,113594.078125,113714.6640625,1397841920
2025-10-12 16:45:00+00:00,114139.5234375,114722.65625,114133.4609375,114240.609375,1190346752
2025-10-12 17:00:00+00:00,114514.6328125,114514.6328125,114077.890625,114123.8515625,967540736
2025-10-12 17:15:00+00:00,114479.6328125,114543.5625,114457.96875,114529.6171875,464543744
2025-10-12 17:30:00+00:00,114489.7578125,114496.109375,114226.734375,114469.125,2296160256
2025-10-12 17:45:00+00:00,113885.8671875,114459.2265625,113726.7890625,114459.2265625,1534992384
2025-10-12 18:00:00+00:00,114086.875,114293.5,113892.7109375,113892.7109375,1087332352
2025-10-12 18:15:00+00:00,113974.7109375,114231.2265625,113974.7109375,114142.484375,188850176
2025-10-12 18:30:00+00:00,113887.5546875,114078.5234375,113727.1328125,113982.9296875,2110193664
2025-10-12 18:45:00+00:00,113953.75,113953.75,113689.171875,113768.1328125,265371648
2025-10-12 19:00:00+00:00,114357.6328125,114357.6328125,113951.6328125,113951.6328125,711458816
2025-10-12 19:15:00+00:00,114320.4140625,114412.9296875,114310.8828125,114412.9296875,0
2025-10-12 19:30:00+00:00,114240.890625,114469.5546875,114240.890625,114379.5234375,694616064
2025-10-12 19:45:00+00:00,114407.2109375,114425.0390625,114240.2109375,114240.2109375,0
2025-10-12 20:00:00+00:00,114668.46875,114714.125,114417.3203125,114417.3203125,568147968
2025-10-12 20:15:00+00:00,115250.0390625,115250.0390625,114668.5390625,114668.5390625,1002086400
2025-10-12 20:30:00+00:00,115114.0,115319.390625,115113.484375,115283.3515625,1708670976
2025-10-12 20:45:00+00:00,115134.28125,115322.6171875,115102.390625,115168.34375,779321344
2025-10-12 21:00:00+00:00,115578.5234375,115578.5234375,114964.1640625,115021.296875,0
2025-10-12 21:15:00+00:00,114915.859375,115483.375,114840.5234375,115483.375,1081171968
2025-10-12 21:30:00+00:00,114757.6640625,115050.40625,114534.671875,115050.40625,1239416832
2025-10-12 21:45:00+00:00,114971.5546875,115018.0390625,114711.0859375,114711.0859375,1464942592
2025-10-12 22:00:00+00:00,115374.796875,115714.765625,115230.6171875,115646.9140625,889528320
2025-10-12 22:15:00+00:00,115363.8828125,115653.1328125,115363.8828125,115479.609375,1091706880
2025-10-12 22:30:00+00:00,115394.7421875,115439.671875,115272.7734375,115363.4609375,1363664896
2025-10-12 22:45:00+00:00,115424.1875,115570.109375,115424.1875,115468.0859375,600776704
2025-10-12 23:00:00+00:00,114989.0390625,115386.328125,114938.0859375,115386.328125,1846460416
2025-10-12 23:15:00+00:00,115296.875,115395.125,114878.5,114946.3203125,919502848
2025-10-12 23:30:00+00:00,115091.09375,115410.6640625,115018.9296875,115350.2734375,784629760
2025-10-12 23:45:00+00:00,115173.9453125,115228.34375,115140.078125,115144.4453125,163733504
2025-10-13 00:00:00+00:00,115187.0859375,115216.640625,115013.0078125,115091.0390625,984670208
2025-10-13 00:15:00+00:00,115501.0859375,115899.328125,115314.15625,115314.15625,996335616
2025-10-13 00:30:00+00:00,115232.4921875,115332.28125,115113.046875,115332.28125,464257024
2025-10-13 00:45:00+00:00,115382.1796875,115506.71875,115169.5546875,115239.0390625,710279168
2025-10-13 01:00:00+00:00,115258.375,115438.25,115242.71875,115401.8515625,683458560
2025-10-13 01:15:00+00:00,115703.8359375,115705.375,115248.875,115296.140625,1160585216
2025-10-13 01:30:00+00:00,115737.1171875,115791.765625,115674.4140625,115697.5234375,812859392
2025-10-13 01:45:00+00:00,115827.6796875,115830.015625,115693.6171875,115767.96875,0
2025-10-13 02:00:00+00:00,115454.6796875,115830.5703125,115450.953125,115809.7421875,793223168
2025-10-13 02:15:00+00:00,115328.9921875,115456.6796875,115179.5859375,115430.7890625,899375104
2025-10-13 02:30:00+00:00,115466.9765625,115518.25,115317.2578125,115317.2578125,698646528
2025-10-13 02:45:00+00:00,115430.3828125,115574.921875,115430.3828125,115456.9609375,718487552
2025-10-13 03:00:00+00:00,115653.0625,115653.0625,115451.65625,115464.4375,536346624
2025-10-13 03:15:00+00:00,115307.15625,115634.84375,115303.3203125,115634.84375,2019352576
2025-10-13 03:30:00+00:00,114993.9609375,115299.5390625,114920.0703125,115281.875,149626880
2025-10-13 03:45:00+00:00,114913.0625,114998.984375,114815.6875,114994.7265625,182042624
2025-10-13 04:00:00+00:00,114832.03125,115067.359375,114832.03125,115022.8125,841293824
2025-10-13 04:15:00+00:00,114856.5078125,114938.328125,114770.109375,114815.4453125,1186250752
2025-10-13 04:30:00+00:00,114855.5078125,115041.8203125,114758.046875,114758.046875,1034567680
2025-10-13 04:45:00+00:00,114756.28125,114791.0703125,114571.9453125,114791.0703125,944218112
2025-10-13 05:00:00+00:00,114770.671875,114802.4765625,114639.4921875,114802.4765625,0
2025-10-13 05:15:00+00:00,114794.984375,114843.28125,114698.3515625,114825.8828125,33570816
2025-10-13 05:30:00+00:00,114750.4140625,114798.6953125,114634.71875,114798.6953125,1477337088
2025-10-13 05:45:00+00:00,114680.359375,114751.8515625,114660.3359375,114660.7265625,233496576
2025-10-13 06:00:00+00:00,114878.1328125,114915.125,114552.625,114707.640625,989962240
2025-10-13 06:15:00+00:00,115099.6640625,115175.84375,114896.0625,114896.0625,119496704
2025-10-13 06:30:00+00:00,115156.8203125,115355.109375,115126.9921875,115156.8046875,205987840
2025-10-13 06:45:00+00:00,115302.96875,115348.3671875,115001.0703125,115111.0859375,8200192
2025-10-13 07:00:00+00:00,115495.6171875,115495.6171875,115150.8046875,115369.1171875,2665783296
2025-10-13 07:15:00+00:00,115600.234375,115600.234375,115449.390625,115455.78125,282189824
2025-10-13 07:30:00+00:00,115565.3828125,115586.6484375,115477.7890625,115569.25,870768640
2025-10-13 07:45:00+00:00,115423.5,115544.4296875,115231.703125,115544.4296875,1521467392
2025-10-13 08:00:00+00:00,115370.953125,115449.609375,115315.28125,115449.609375,914440192
2025-10-13 08:15:00+00:00,115300.90625,115451.5078125,115271.1484375,115382.265625,0
2025-10-13 08:30:00+00:00,115460.1328125,115460.1328125,115372.453125,115405.8515625,1523671040
2025-10-13 08:45:00+00:00,115484.5390625,115484.5390625,115273.3671875,115304.6015625,0
2025-10-13 09:00:00+00:00,115114.9140625,115304.296875,115114.9140625,115282.1484375,574251008
2025-10-13 09:15:00+00:00,115022.3203125,115052.4296875,114899.484375,114899.484375,620232704
2025-10-13 09:30:00+00:00,115186.984375,115186.984375,115018.578125,115018.578125,923934720
2025-10-13 09:45:00+00:00,115220.484375,115261.34375,115185.7109375,115185.7109375,599638016
2025-10-13 10:00:00+00:00,115084.546875,115203.7265625,115084.546875,115199.8203125,723501056
2025-10-13 10:15:00+00:00,115047.421875,115137.8203125,114990.828125,115058.21875,246882304
2025-10-13 10:30:00+00:00,114916.125,115005.75,114882.796875,115005.75,1661616128
2025-10-13 10:45:00+00:00,114941.890625,115028.9921875,114877.9296875,114882.1953125,109813760
2025-10-13 11:00:00+00:00,114588.125,114940.3671875,114376.6171875,114940.3671875,7562264576
2025-10-13 11:15:00+00:00,114110.421875,114634.8359375,114110.421875,114634.8359375,191078400
2025-10-13 11:30:00+00:00,114254.625,114269.0546875,114033.171875,114033.171875,421453824
2025-10-13 11:45:00+00:00,114382.3203125,114461.578125,114205.9375,114210.8671875,910221312
2025-10-13 12:00:00+00:00,114452.4296875,114452.4296875,114075.6875,114310.40625,336445440
2025-10-13 12:15:00+00:00,114339.5,114445.234375,114319.0078125,114445.234375,1695326208
2025-10-13 12:30:00+00:00,114557.1640625,114714.15625,114362.453125,114427.8671875,746323968
2025-10-13 12:45:00+00:00,114475.484375,114733.3203125,114475.484375,114621.109375,1813856256
2025-10-13 13:00:00+00:00,114469.0859375,114740.4921875,114469.0859375,114572.953125,194789376
2025-10-13 13:15:00+00:00,114468.21875,114571.1171875,114356.9375,114457.5546875,1290665984
2025-10-13 13:30:00+00:00,115071.359375,115538.640625,114736.2578125,114736.2578125,2047623168
2025-10-13 13:45:00+00:00,115323.5859375,115323.5859375,114900.3203125,115033.40625,0
2025-10-13 14:00:00+00:00,115052.15625,115474.2734375,115034.9375,115474.2734375,2633547776
2025-10-13 14:15:00+00:00,114424.9453125,115139.25,114424.9453125,115034.546875,706240512
2025-10-13 14:30:00+00:00,114581.6015625,114776.1484375,114126.140625,114396.9921875,931553280
2025-10-13 14:45:00+00:00,114061.5703125,114661.6171875,113987.109375,114631.2421875,0
2025-10-13 15:00:00+00:00,114599.3203125,114599.3203125,114174.4921875,114271.984375,0
2025-10-13 15:15:00+00:00,114354.7734375,114588.1875,114341.8203125,114570.953125,64684032
2025-10-13 15:30:00+00:00,114277.671875,114527.5390625,114277.671875,114426.515625,0
2025-10-13 15:45:00+00:00,114502.875,114611.3046875,114365.7421875,114365.7421875,775733248
2025-10-13 16:00:00+00:00,115118.015625,115118.015625,114424.1640625,114424.1640625,0
2025-10-13 16:15:00+00:00,114673.4296875,115017.2578125,114556.8359375,115017.2578125,299220992
2025-10-13 16:30:00+00:00,114540.2890625,114601.65625,114467.3046875,114561.6015625,696672256
2025-10-13 16:45:00+00:00,114806.5703125,114845.8046875,114490.4375,114494.1875,0
2025-10-13 17:00:00+00:00,114588.890625,115005.375,114588.890625,114721.3984375,653066240
2025-10-13 17:15:00+00:00,114646.8515625,114706.7265625,114586.859375,114706.7265625,0
2025-10-13 17:30:00+00:00,114625.859375,114716.734375,114547.703125,114551.9765625,537337856
2025-10-13 17:45:00+00:00,114723.515625,114723.515625,114358.5546875,114576.8203125,0
2025-10-13 18:00:00+00:00,114902.984375,115039.34375,114900.65625,115032.96875,72949760
2025-10-13 18:15:00+00:00,115365.609375,115410.921875,114854.578125,114854.578125,705675264
2025-10-13 18:30:00+00:00,115221.1875,115403.234375,115123.375,115347.546875,985169920
2025-10-13 18:45:00+00:00,115247.6328125,115338.0703125,115165.2890625,115338.0703125,281550848
2025-10-13 19:00:00+00:00,115331.7890625,115331.7890625,115230.0,115230.0,953704448
2025-10-13 19:15:00+00:00,115710.3984375,115813.3359375,115362.3828125,115362.3828125,796049408
2025-10-13 19:30:00+00:00,115679.7265625,115694.53125,115617.2265625,115694.53125,227409920
2025-10-13 19:45:00+00:00,115891.1484375,115986.171875,115795.953125,115795.953125,345071616
2025-10-13 20:00:00+00:00,115824.546875,115960.4140625,115706.125,115924.75,1310605312
2025-10-13 20:15:00+00:00,115640.921875,115829.59375,115640.921875,115829.59375,0
2025-10-13 20:30:00+00:00,115574.2578125,115610.4453125,115554.1171875,115606.0546875,805298176
2025-10-13 20:45:00+00:00,115713.96875,115713.96875,115605.3125,115605.3125,347471872
2025-10-13 21:00:00+00:00,115678.5390625,115820.9140625,115678.5390625,115820.9140625,1266262016
2025-10-13 21:15:00+00:00,115800.5390625,115850.0703125,115718.953125,115733.265625,0
2025-10-13 21:30:00+00:00,115733.53125,115796.1171875,115733.53125,115754.6171875,459792384
2025-10-13 21:45:00+00:00,115794.71875,115794.71875,115719.703125,115751.9921875,53084160
2025-10-13 22:00:00+00:00,115861.1953125,115931.2578125,115806.6484375,115806.6484375,0
2025-10-13 22:15:00+00:00,115776.8828125,115867.3359375,115776.8828125,115860.953125,768827392
2025-10-13 22:30:00+00:00,115644.109375,115702.5546875,115591.1328125,115702.5546875,662233088
2025-10-13 22:45:00+00:00,115614.1484375,115675.890625,115587.96875,115645.75,50585600
2025-10-13 23:00:00+00:00,115494.3203125,115581.765625,115494.3203125,115581.765625,731676672
2025-10-13 23:15:00+00:00,115502.1875,115532.9140625,115448.09375,115480.4296875,2110578688
2025-10-13 23:30:00+00:00,115255.859375,115515.3984375,115255.859375,115492.7265625,559554560
2025-10-13 23:45:00+00:00,115251.4453125,115287.4453125,115133.953125,115287.4453125,2258026496
2025-10-14 00:00:00+00:00,115270.6875,115270.6875,115191.609375,115261.4453125,759005184
2025-10-14 00:15:00+00:00,115357.8203125,115466.7734375,115285.359375,115358.046875,888913920
2025-10-14 00:30:00+00:00,115263.6796875,115458.4296875,115251.640625,115327.328125,0
2025-10-14 00:45:00+00:00,115056.4609375,115236.7578125,115036.328125,115236.7578125,261709824
2025-10-14 01:00:00+00:00,114811.84375,115075.4296875,114717.1484375,115052.53125,2124947456
2025-10-14 01:15:00+00:00,114678.7109375,114834.390625,114675.5703125,114784.2109375,0
2025-10-14 01:30:00+00:00,114602.921875,114677.296875,114593.109375,114656.046875,854032384
2025-10-14 01:45:00+00:00,114383.4296875,114612.8515625,114242.4375,114598.1328125,4997120
2025-10-14 02:00:00+00:00,114226.7265625,114372.34375,114220.484375,114360.046875,154845184
2025-10-14 02:15:00+00:00,114189.65625,114221.78125,114024.28125,114207.09375,570724352
2025-10-14 02:30:00+00:00,114018.453125,114173.7578125,114018.453125,114123.2578125,849551360
2025-10-14 02:45:00+00:00,113828.171875,113995.0078125,113791.6796875,113952.765625,213815296
2025-10-14 03:00:00+00:00,113544.828125,113692.890625,113413.3671875,113692.890625,3783172096
2025-10-14 03:15:00+00:00,113478.1328125,113761.1875,113436.828125,113577.546875,482459648
2025-10-14 03:30:00+00:00,113606.890625,113606.890625,113423.9921875,113423.9921875,954236928
2025-10-14 03:45:00+00:00,113584.578125,113758.0234375,113584.578125,113661.8671875,897228800
2025-10-14 04:00:00+00:00,113457.8359375,113643.34375,113388.0546875,113622.3671875,340246528
2025-10-14 04:15:00+00:00,113548.6875,113616.0234375,113427.3671875,113504.4765625,0
2025-10-14 04:30:00+00:00,113261.0234375,113571.7109375,113231.5703125,113571.7109375,48881664
2025-10-14 04:45:00+00:00,113098.4765625,113283.8671875,112977.9140625,113283.8671875,270352384
2025-10-14 05:00:00+00:00,113688.5078125,113688.5078125,113104.9375,113129.8828125,1379180544
2025-10-14 05:15:00+00:00,113171.359375,113683.8359375,113171.359375,113683.8359375,1215094784
2025-10-14 05:30:00+00:00,112525.78125,113151.5390625,112525.78125,113117.5546875,436805632
2025-10-14 05:45:00+00:00,112516.3984375,112777.125,112516.3984375,112575.578125,151355392
2025-10-14 06:00:00+00:00,112684.90625,112765.2734375,112551.59375,112551.59375,3247661056
2025-10-14 06:15:00+00:00,112427.5078125,112692.6484375,112427.5078125,112692.6484375,219881472
2025-10-14 06:30:00+00:00,112104.7421875,112479.9296875,112104.7421875,112386.0078125,919453696
2025-10-14 06:45:00+00:00,112108.09375,112150.7265625,111697.3828125,112065.171875,1699414016
2025-10-14 07:00:00+00:00,111924.484375,112087.828125,111869.4921875,112083.34375,383107072
2025-10-14 07:15:00+00:00,112207.03125,112240.1484375,111956.09375,112165.1171875,1083686912
2025-10-14 07:30:00+00:00,111784.46875,112185.140625,111757.8359375,112185.140625,262012928
2025-10-14 07:45:00+00:00,111616.8203125,111754.1875,111616.8203125,111754.1875,209666048
2025-10-14 08:00:00+00:00,111955.390625,111955.390625,111664.53125,111796.984375,2779734016
2025-10-14 08:15:00+00:00,111994.9921875,111994.9921875,111769.0703125,111978.0859375,299442176
2025-10-14 08:30:00+00:00,112191.6953125,112216.0859375,112032.8046875,112163.5859375,173408256
2025-10-14 08:45:00+00:00,111930.25,112182.1796875,111888.296875,112182.1796875,1032544256
2025-10-14 09:00:00+00:00,112018.359375,112075.796875,111895.5546875,111895.5546875,532168704
2025-10-14 09:15:00+00:00,111945.96875,111945.96875,111788.4609375,111912.875,291348480
2025-10-14 09:30:00+00:00,111702.3828125,111921.640625,111689.125,111907.328125,975478784
2025-10-14 09:45:00+00:00,111366.0859375,111604.0390625,111207.609375,111604.0390625,1137532928
2025-10-14 10:00:00+00:00,111210.8125,111374.0859375,111210.8125,111374.0859375,2383978496
2025-10-14 10:15:00+00:00,110590.7578125,111015.3515625,110590.7578125,111015.3515625,820609024
2025-10-14 10:30:00+00:00,110417.78125,110607.3828125,110187.1484375,110490.7734375,1366040576
2025-10-14 10:45:00+00:00,110729.0234375,110745.453125,110310.40625,110468.09375,1183432704
2025-10-14 11:00:00+00:00,111311.1953125,111353.4375,110722.8203125,110722.8203125,257990656
2025-10-14 11:15:00+00:00,111565.0703125,111611.4375,111384.7421875,111440.8046875,699236352
2025-10-14 11:30:00+00:00,111495.453125,111670.359375,111495.453125,111562.6484375,848461824
2025-10-14 11:45:00+00:00,111449.859375,111620.0390625,111419.5859375,111437.703125,893534208
2025-10-14 12:00:00+00:00,111339.953125,111430.3046875,111174.09375,111430.3046875,432988160
2025-10-14 12:15:00+00:00,111246.359375,111330.703125,111105.1328125,111330.703125,876208128
2025-10-14 12:30:00+00:00,111077.953125,111333.1328125,111036.2421875,111333.1328125,748945408
2025-10-14 12:45:00+00:00,110855.2265625,111096.34375,110855.2265625,110968.8203125,810008576
2025-10-14 13:00:00+00:00,110680.5234375,110974.7578125,110680.5234375,110885.3203125,0
2025-10-14 13:15:00+00:00,110846.7578125,110846.7578125,110463.46875,110752.3828125,553762816
2025-10-14 13:30:00+00:00,110319.7890625,110908.8671875,110034.8671875,110847.3046875,3001614336
2025-10-14 13:45:00+00:00,110940.8671875,111313.6796875,110852.0078125,111014.2734375,1403043840
2025-10-14 14:00:00+00:00,111448.4765625,111448.4765625,111115.9921875,111115.9921875,23248896
2025-10-14 14:15:00+00:00,111926.8671875,112135.921875,111785.6640625,111785.6640625,2326724608
2025-10-14 14:30:00+00:00,111913.2265625,111913.2265625,111501.28125,111750.625,13426688
2025-10-14 14:45:00+00:00,111547.5703125,112173.921875,111547.5703125,111948.5234375,2372755456
2025-10-14 15:00:00+00:00,111316.0,111819.8984375,111316.0,111547.296875,1183211520
2025-10-14 15:15:00+00:00,111532.5,111550.859375,111194.8359375,111259.8984375,3059499008
2025-10-14 15:30:00+00:00,112170.875,112170.875,111560.953125,111665.3203125,97026048
2025-10-14 15:45:00+00:00,112735.875,112800.46875,112231.6640625,112283.4609375,1633304576
2025-10-14 16:00:00+00:00,112766.2890625,112944.9140625,112388.0,112944.9140625,442908672
2025-10-14 16:15:00+00:00,112811.109375,113178.6953125,112620.0234375,112680.015625,1247707136
2025-10-14 16:30:00+00:00,112737.265625,112795.15625,112435.5546875,112795.15625,1554718720
2025-10-14 16:45:00+00:00,112405.046875,112934.9375,112405.046875,112823.6796875,1352228864
2025-10-14 17:00:00+00:00,112860.2421875,112878.234375,111937.3125,112184.21875,1202388992
2025-10-14 17:15:00+00:00,112860.3671875,112904.3359375,112770.2734375,112857.625,2716737536
2025-10-14 17:30:00+00:00,112672.25,112910.1796875,112497.484375,112846.2734375,635346944
2025-10-14 17:45:00+00:00,112859.0078125,112927.9296875,112767.0390625,112767.0390625,349110272
2025-10-14 18:00:00+00:00,113258.71875,113265.15625,112851.1875,112853.375,1165959168
2025-10-14 18:15:00+00:00,113283.953125,113507.0,113244.5390625,113411.3046875,551698432
2025-10-14 18:30:00+00:00,112907.5390625,113382.6171875,112907.5390625,113278.234375,1123450880
2025-10-14 18:45:00+00:00,112831.9140625,113105.765625,112743.2890625,112919.2109375,1435746304
2025-10-14 19:00:00+00:00,113161.21875,113217.859375,112985.8046875,112985.8046875,748732416
2025-10-14 19:15:00+00:00,113406.234375,113515.8671875,113200.9609375,113200.9609375,83050496
2025-10-14 19:30:00+00:00,112511.9375,113478.125,112414.296875,113427.53125,2325815296
2025-10-14 19:45:00+00:00,112671.1171875,112823.2734375,112170.1484375,112170.1484375,954187776
2025-10-14 20:00:00+00:00,112528.5703125,112800.484375,112367.9140625,112735.984375,1027604480
2025-10-14 20:15:00+00:00,112868.296875,112882.53125,112606.4921875,112615.8828125,149626880
2025-10-14 20:30:00+00:00,112834.8828125,112840.59375,112797.359375,112840.59375,37920768
2025-10-14 20:45:00+00:00,112983.46875,112992.75,112896.6875,112928.65625,115359744
2025-10-14 21:00:00+00:00,112856.5625,113034.40625,112856.5625,113034.40625,831569920
2025-10-14 21:15:00+00:00,113023.9296875,113023.9296875,112793.8828125,112793.8828125,315359232
2025-10-14 21:30:00+00:00,113131.9921875,113131.9921875,112936.5546875,113027.28125,1091330048
2025-10-14 21:45:00+00:00,113172.546875,113172.546875,113035.0625,113145.46875,0
2025-10-14 22:00:00+00:00,113503.6796875,113579.2890625,113258.609375,113258.609375,366870528
2025-10-14 22:15:00+00:00,113234.7578125,113512.96875,113234.7578125,113512.96875,64692224
2025-10-14 22:30:00+00:00,113085.609375,113224.328125,113085.609375,113224.328125,1111826432
2025-10-14 22:45:00+00:00,113259.671875,113291.0546875,112943.5859375,113000.34375,939966464
2025-10-14 23:00:00+00:00,113475.1015625,113542.7265625,113200.9609375,113256.359375,258834432
2025-10-14 23:15:00+00:00,113546.65625,113546.65625,113433.609375,113496.8984375,190136320
2025-10-14 23:30:00+00:00,113351.625,113522.828125,113351.625,113468.7421875,796221440
2025-10-14 23:45:00+00:00,113112.265625,113346.0546875,113112.265625,113305.21875,1352908800
2025-10-15 00:00:00+00:00,112874.703125,113087.609375,112860.1484375,113084.546875,1012981760
2025-10-15 00:15:00+00:00,112745.3828125,112999.921875,112745.3828125,112882.734375,864993280
2025-10-15 00:30:00+00:00,112967.046875,112986.4296875,112692.0234375,112969.7734375,1262469120
2025-10-15 00:45:00+00:00,113029.125,113128.6953125,112923.7109375,112985.8125,577150976
2025-10-15 01:00:00+00:00,112837.2109375,113031.4140625,112507.9921875,113031.4140625,1226399744
2025-10-15 01:15:00+00:00,112715.7109375,112868.703125,112715.7109375,112742.046875,1014521856
2025-10-15 01:30:00+00:00,112488.9453125,112572.8671875,112437.3671875,112564.8984375,36954112
2025-10-15 01:45:00+00:00,112780.7890625,112780.7890625,112519.1953125,112561.875,263192576
2025-10-15 02:00:00+00:00,112968.953125,112968.953125,112756.0,112785.1796875,398876672
2025-10-15 02:15:00+00:00,113470.9609375,113470.9609375,112954.0078125,113027.3515625,711352320
2025-10-15 02:30:00+00:00,113159.5078125,113559.046875,113086.1796875,113559.046875,1096654848
2025-10-15 02:45:00+00:00,112910.1171875,113114.609375,112910.1171875,113100.7734375,1465606144
2025-10-15 03:00:00+00:00,112444.1171875,112916.59375,112444.1171875,112916.59375,885809152
2025-10-15 03:15:00+00:00,112336.953125,112537.046875,112104.9296875,112537.046875,276635648
2025-10-15 03:30:00+00:00,112045.7734375,112312.671875,112045.7734375,112312.671875,928546816
2025-10-15 03:45:00+00:00,112074.15625,112166.03125,111919.59375,111998.828125,805404672
2025-10-15 04:00:00+00:00,112002.2265625,112084.0703125,111891.453125,112084.0703125,1096564736
2025-10-15 04:15:00+00:00,112261.8984375,112347.109375,112041.5859375,112076.78125,625901568
2025-10-15 04:30:00+00:00,112245.609375,112277.0546875,112169.171875,112243.125,1059020800
2025-10-15 04:45:00+00:00,112397.875,112496.109375,112250.4453125,112250.4453125,1127145472
2025-10-15 05:00:00+00:00,112506.203125,112541.046875,112406.2578125,112406.2578125,432726016
2025-10-15 05:15:00+00:00,112330.0625,112590.671875,112330.0625,112516.9765625,794771456
2025-10-15 05:30:00+00:00,112639.6796875,112692.6484375,112285.5234375,112285.5234375,303030272
2025-10-15 05:45:00+00:00,112474.53125,112605.59375,112465.796875,112605.59375,372252672
2025-10-15 06:00:00+00:00,112328.875,112515.28125,112312.03125,112488.796875,0
2025-10-15 06:15:00+00:00,112016.265625,112304.3046875,111985.8125,112290.578125,0
2025-10-15 06:30:00+00:00,112445.4765625,112596.9921875,111979.2890625,112017.375,735805440
2025-10-15 06:45:00+00:00,112438.4921875,112491.6484375,112402.4296875,112402.4296875,3543154688
2025-10-15 07:00:00+00:00,112597.109375,112597.109375,112370.0,112493.9609375,1940938752
2025-10-15 07:15:00+00:00,112540.4921875,112740.828125,112489.3046875,112581.7421875,220684288
2025-10-15 07:30:00+00:00,112507.1640625,112514.25,112421.4296875,112507.765625,0
2025-10-15 07:45:00+00:00,112611.09375,112611.09375,112475.46875,112497.5390625,0
2025-10-15 08:00:00+00:00,112895.015625,112895.015625,112617.3046875,112617.3046875,48529408
2025-10-15 08:15:00+00:00,113071.140625,113182.1953125,112922.1875,112922.1875,1012498432
2025-10-15 08:30:00+00:00,113331.359375,113538.0859375,113288.7109375,113361.078125,895115264
2025-10-15 08:45:00+00:00,113079.984375,113266.015625,113033.859375,113247.4921875,847282176
2025-10-15 09:00:00+00:00,113107.2890625,113139.46875,112949.15625,112975.4609375,634445824
2025-10-15 09:15:00+00:00,112680.7421875,113053.2265625,112635.7265625,113053.2265625,84017152
2025-10-15 09:30:00+00:00,112681.765625,112702.296875,112507.5,112702.296875,0
2025-10-15 09:45:00+00:00,112552.3359375,112725.1171875,112543.1875,112649.8515625,837197824
2025-10-15 10:00:00+00:00,112717.0390625,112717.0390625,112435.4296875,112606.0859375,2049056768
2025-10-15 10:15:00+00:00,112440.828125,112662.4921875,112440.828125,112662.4921875,0
2025-10-15 10:30:00+00:00,112427.625,112534.65625,112287.9921875,112471.3046875,616980480
2025-10-15 10:45:00+00:00,112316.296875,112428.2890625,112302.7578125,112422.546875,0
2025-10-15 11:00:00+00:00,112478.375,112675.7109375,112349.03125,112349.03125,746184704
2025-10-15 11:15:00+00:00,112176.421875,112387.390625,111994.3984375,112387.390625,6684672
2025-10-15 11:30:00+00:00,112130.609375,112165.2734375,112043.46875,112165.2734375,819847168
2025-10-15 11:45:00+00:00,111992.0859375,112176.8046875,111992.0859375,112176.8046875,825737216
2025-10-15 12:00:00+00:00,112116.6640625,112175.3203125,111898.4921875,111959.9453125,691355648
2025-10-15 12:15:00+00:00,111815.84375,112063.015625,111815.84375,112063.015625,16252928
2025-10-15 12:30:00+00:00,111699.3203125,111743.6171875,111564.7109375,111564.7109375,402366464
2025-10-15 12:45:00+00:00,111745.390625,111863.453125,111662.5390625,111701.734375,220061696
2025-10-15 13:00:00+00:00,111645.34375,111790.1015625,111578.34375,111790.1015625,471564288
2025-10-15 13:15:00+00:00,111587.4375,111672.890625,111561.296875,111573.8984375,799326208
2025-10-15 13:30:00+00:00,111529.609375,111961.6953125,111370.2890625,111534.3125,0
2025-10-15 13:45:00+00:00,111505.1640625,111517.203125,110930.3359375,111436.328125,826671104
2025-10-15 14:00:00+00:00,112285.265625,112285.265625,111505.421875,111505.421875,1641906176
2025-10-15 14:15:00+00:00,112032.0703125,112243.546875,111981.671875,112144.421875,52748288
2025-10-15 14:30:00+00:00,111454.21875,111987.78125,111454.21875,111961.8515625,0
2025-10-15 14:45:00+00:00,111120.3515625,111386.6171875,110953.421875,111386.6171875,1551941632
2025-10-15 15:00:00+00:00,111000.125,111341.1796875,110913.140625,111168.921875,0
2025-10-15 15:15:00+00:00,111506.2421875,111506.2421875,110838.34375,110894.1640625,1803943936
2025-10-15 15:30:00+00:00,110771.109375,111323.5625,110771.109375,111239.5625,119865344
2025-10-15 15:45:00+00:00,110767.4765625,110793.6328125,110581.0546875,110787.171875,107511808
2025-10-15 16:00:00+00:00,110910.1953125,111075.71875,110793.234375,110846.453125,1136115712
2025-10-15 16:15:00+00:00,111115.53125,111115.53125,110860.6328125,111001.1171875,0
2025-10-15 16:30:00+00:00,110778.984375,111087.4140625,110778.984375,111062.3125,539738112
2025-10-15 16:45:00+00:00,110832.7734375,110832.7734375,110717.375,110742.5703125,0
2025-10-15 17:00:00+00:00,110328.8125,110768.28125,110328.8125,110768.28125,0
2025-10-15 17:15:00+00:00,110427.96875,110648.65625,110326.6640625,110326.6640625,582262784
2025-10-15 17:30:00+00:00,110755.7421875,110755.7421875,110322.578125,110452.265625,737714176
2025-10-15 17:45:00+00:00,111129.046875,111129.046875,110821.4453125,110821.4453125,737263616
2025-10-15 18:00:00+00:00,111046.3046875,111201.7890625,110933.671875,111201.7890625,10813440
2025-10-15 18:15:00+00:00,111280.109375,111388.59375,111106.0078125,111106.0234375,0
2025-10-15 18:30:00+00:00,111270.6484375,111372.140625,111145.046875,111268.7265625,681361408
2025-10-15 18:45:00+00:00,111540.3515625,111540.3515625,111190.1328125,111212.0078125,0
2025-10-15 19:00:00+00:00,111255.34375,111404.9765625,111207.8359375,111404.9765625,1145815040
2025-10-15 19:15:00+00:00,111579.328125,111579.328125,111271.8359375,111271.8359375,0
2025-10-15 19:30:00+00:00,111353.8984375,111568.6328125,111268.34375,111551.8515625,265338880
2025-10-15 19:45:00+00:00,111323.5,111333.6015625,111155.2890625,111333.6015625,0
2025-10-15 20:00:00+00:00,111456.1484375,111500.3828125,111416.5859375,111416.5859375,966852608
2025-10-15 20:15:00+00:00,111366.96875,111581.8125,111366.96875,111452.1953125,0
2025-10-15 20:30:00+00:00,111260.8515625,111273.2578125,110637.09375,110944.0546875,785645568
2025-10-15 20:45:00+00:00,111183.8125,111450.359375,111181.375,111303.1328125,403578880
2025-10-15 21:00:00+00:00,110790.265625,111168.546875,110726.0859375,111168.546875,343277568
2025-10-15 21:15:00+00:00,111057.7734375,111057.7734375,110655.09375,110857.21875,1172078592
2025-10-15 21:30:00+00:00,111312.6875,111481.75,110861.0078125,110861.0078125,618676224
2025-10-15 21:45:00+00:00,110848.7265625,111214.078125,110758.9609375,111214.078125,1046568960
2025-10-15 22:00:00+00:00,111047.6328125,111047.6328125,110889.3203125,110918.046875,0
2025-10-15 22:15:00+00:00,111284.7109375,111402.1015625,111117.953125,111137.96875,2506842112
2025-10-15 22:30:00+00:00,111266.1796875,111300.875,111233.3671875,111238.1640625,0
2025-10-15 22:45:00+00:00,110753.5703125,111148.6953125,110753.5703125,111148.6953125,851861504
2025-10-15 23:00:00+00:00,110979.1484375,110979.1484375,110655.4921875,110748.9140625,793731072
2025-10-15 23:15:00+00:00,110897.96875,110969.3203125,110885.3125,110918.484375,181772288
2025-10-15 23:30:00+00:00,111013.6015625,111024.984375,110930.1875,110933.7890625,0
2025-10-15 23:45:00+00:00,110777.1171875,110995.171875,110712.7578125,110995.171875,2723405824
2025-10-16 00:00:00+00:00,110679.328125,110833.03125,110679.328125,110797.3046875,599490560
2025-10-16 00:15:00+00:00,110835.28125,110848.1484375,110593.25,110611.2109375,2757287936
2025-10-16 00:30:00+00:00,110488.734375,110698.2421875,110468.9765625,110688.2265625,1614471168
2025-10-16 00:45:00+00:00,110520.3828125,110575.5390625,110431.5078125,110431.5078125,345186304
2025-10-16 01:00:00+00:00,111096.2265625,111096.2265625,110549.609375,110549.609375,968040448
2025-10-16 01:15:00+00:00,110918.4296875,111074.21875,110801.4765625,111074.21875,1391509504
2025-10-16 01:30:00+00:00,111114.7265625,111114.7265625,110928.796875,110928.796875,0
2025-10-16 01:45:00+00:00,111299.6953125,111299.6953125,111007.5234375,111069.0234375,382746624
2025-10-16 02:00:00+00:00,111407.1640625,111469.890625,111110.1015625,111404.0625,829431808
2025-10-16 02:15:00+00:00,111450.78125,111482.671875,111388.2109375,111405.3515625,666796032
2025-10-16 02:30:00+00:00,111373.53125,111457.7109375,111371.671875,111438.5625,605937664
2025-10-16 02:45:00+00:00,111569.546875,111588.0625,111373.265625,111386.921875,184811520
2025-10-16 03:00:00+00:00,111575.2734375,111663.8828125,111554.6953125,111566.3203125,0
2025-10-16 03:15:00+00:00,111814.0,111869.2265625,111523.8359375,111559.703125,0
2025-10-16 03:30:00+00:00,111664.671875,111802.6171875,111543.65625,111802.6171875,1064386560
2025-10-16 03:45:00+00:00,111498.2890625,111652.65625,111498.2890625,111642.8125,0
2025-10-16 04:00:00+00:00,111560.2578125,111563.8828125,111462.0390625,111466.8515625,799309824
2025-10-16 04:15:00+00:00,111617.6015625,111686.7578125,111611.78125,111639.5078125,17784832
2025-10-16 04:30:00+00:00,111125.6640625,111606.9140625,111125.6640625,111604.21875,38436864
2025-10-16 04:45:00+00:00,111059.0703125,111153.4140625,110892.71875,111020.3203125,19947520
2025-10-16 05:00:00+00:00,111140.7421875,111140.7421875,111022.1015625,111108.25,0
2025-10-16 05:15:00+00:00,111116.484375,111174.28125,111048.28125,111174.28125,93093888
2025-10-16 05:30:00+00:00,111399.2109375,111424.875,111167.6484375,111167.6484375,1137131520
2025-10-16 05:45:00+00:00,110976.796875,111398.4296875,110820.6015625,111398.4296875,3194773504
2025-10-16 06:00:00+00:00,111061.734375,111189.5625,111003.21875,111004.8359375,198426624
2025-10-16 06:15:00+00:00,111195.8203125,111195.8203125,111007.1796875,111007.1796875,842162176
2025-10-16 06:30:00+00:00,111424.3515625,111517.859375,111351.0703125,111351.0703125,5681152
2025-10-16 06:45:00+00:00,111698.4765625,111718.0390625,111431.3984375,111454.2734375,173469696
2025-10-16 07:00:00+00:00,111400.2578125,111748.5703125,111400.2578125,111748.5703125,2722029568
2025-10-16 07:15:00+00:00,110853.75,111448.609375,110815.15625,111448.609375,165904384
2025-10-16 07:30:00+00:00,110945.9140625,110952.984375,110852.09375,110852.09375,123183104
2025-10-16 07:45:00+00:00,110624.953125,110920.7890625,110624.953125,110920.7890625,417792000
2025-10-16 08:00:00+00:00,110649.1484375,110658.0859375,110497.6484375,110658.0859375,2083946496
2025-10-16 08:15:00+00:00,110575.609375,110729.0078125,110575.609375,110678.15625,767762432
2025-10-16 08:30:00+00:00,110761.09375,110829.015625,110599.0546875,110607.078125,1623973888
2025-10-16 08:45:00+00:00,110851.3828125,110892.7734375,110781.59375,110781.59375,154005504
2025-10-16 09:00:00+00:00,110907.40625,110962.2421875,110819.984375,110862.6484375,689012736
2025-10-16 09:15:00+00:00,110817.9921875,110929.84375,110817.9921875,110880.515625,1841233920
2025-10-16 09:30:00+00:00,110227.0234375,110747.0234375,109752.9921875,110747.0234375,1032581120
2025-10-16 09:45:00+00:00,111266.2265625,111601.421875,111160.734375,111263.296875,2417713152
2025-10-16 10:00:00+00:00,111500.1875,111500.1875,111083.8515625,111195.3828125,424255488
2025-10-16 10:15:00+00:00,111400.21875,111700.3984375,111400.21875,111414.859375,624951296
2025-10-16 10:30:00+00:00,111488.5859375,111488.5859375,111322.25,111386.3359375,1509588992
2025-10-16 10:45:00+00:00,111498.1640625,111611.0625,111482.625,111482.625,1192812544
2025-10-16 11:00:00+00:00,111438.640625,111550.84375,111331.3984375,111497.5234375,219971584
2025-10-16 11:15:00+00:00,111195.203125,111476.5859375,111195.203125,111476.5859375,1081008128
2025-10-16 11:30:00+00:00,111283.2734375,111314.1015625,111122.9921875,111134.9765625,1108623360
2025-10-16 11:45:00+00:00,111442.0859375,111442.0859375,111159.453125,111195.5390625,57999360
2025-10-16 12:00:00+00:00,111663.0234375,111955.5625,111453.734375,111453.734375,1400725504
2025-10-16 12:15:00+00:00,111430.265625,111666.8828125,111417.0,111595.3046875,106217472
2025-10-16 12:30:00+00:00,111601.46875,111692.140625,111432.84375,111432.84375,1043537920
2025-10-16 12:45:00+00:00,111656.5078125,111656.5078125,111479.3203125,111562.6015625,0
2025-10-16 13:00:00+00:00,111276.546875,111585.7109375,111221.796875,111585.7109375,887029760
2025-10-16 13:15:00+00:00,111102.3125,111318.4765625,111036.7578125,111316.3671875,952655872
2025-10-16 13:30:00+00:00,111287.21875,111494.8046875,111174.421875,111174.421875,1578328064
2025-10-16 13:45:00+00:00,110916.8515625,111315.578125,110916.8515625,111315.578125,0
2025-10-16 14:00:00+00:00,110327.796875,110934.3359375,110327.796875,110934.3359375,121954304
2025-10-16 14:15:00+00:00,110326.8515625,110442.3359375,109912.7265625,110284.890625,819724288
2025-10-16 14:30:00+00:00,111244.8046875,111244.8046875,110478.0859375,110570.28125,302891008
2025-10-16 14:45:00+00:00,110598.7578125,111424.1953125,110598.7578125,111424.1953125,1687470080
2025-10-16 15:00:00+00:00,110777.6796875,110777.6796875,110339.90625,110596.9140625,146456576
2025-10-16 15:15:00+00:00,109973.5234375,110634.1796875,109973.5234375,110634.1796875,0
2025-10-16 15:30:00+00:00,109437.9140625,110194.1015625,109437.9140625,110005.21875,1379205120
2025-10-16 15:45:00+00:00,108573.7421875,109382.46875,108573.7421875,109382.46875,2487590912
2025-10-16 16:00:00+00:00,108688.015625,108788.5546875,108282.8671875,108400.109375,1727897600
2025-10-16 16:15:00+00:00,108200.3203125,108617.6171875,108016.3046875,108617.6171875,1661124608
2025-10-16 16:30:00+00:00,108246.0078125,108246.0078125,107870.609375,107916.5078125,2627158016
2025-10-16 16:45:00+00:00,109117.1796875,109117.1796875,108009.0234375,108115.59375,1027686400
2025-10-16 17:00:00+00:00,108499.0078125,109057.015625,108499.0078125,109057.015625,559161344
2025-10-16 17:15:00+00:00,108908.4921875,109192.921875,108558.0390625,108558.0390625,696942592
2025-10-16 17:30:00+00:00,108572.8984375,108940.5234375,108572.8984375,108940.5234375,791584768
2025-10-16 17:45:00+00:00,108371.15625,108584.109375,108328.890625,108584.109375,336347136
2025-10-16 18:00:00+00:00,107893.75,108333.0,107853.8359375,108333.0,1081188352
2025-10-16 18:15:00+00:00,107822.75,108068.1015625,107810.6953125,107931.7890625,661258240
2025-10-16 18:30:00+00:00,108433.71875,108570.5078125,108012.28125,108026.6171875,1922580480
2025-10-16 18:45:00+00:00,108595.625,108648.046875,108362.0546875,108496.90625,896917504
2025-10-16 19:00:00+00:00,108301.5625,108719.4765625,108301.5625,108621.8984375,1653719040
2025-10-16 19:15:00+00:00,108006.3046875,108203.375,107852.578125,108114.7265625,872955904
2025-10-16 19:30:00+00:00,108004.5,108069.5390625,107800.3984375,107910.96875,1419534336
2025-10-16 19:45:00+00:00,108320.6640625,108527.453125,107965.3203125,108031.5546875,622632960
2025-10-16 20:00:00+00:00,108112.8125,108355.28125,108112.8125,108226.6484375,896516096
2025-10-16 20:15:00+00:00,107894.84375,108268.5,107894.84375,108118.65625,1120927744
2025-10-16 20:30:00+00:00,107731.8359375,108020.0234375,107554.3515625,108020.0234375,1115242496
2025-10-16 20:45:00+00:00,107785.3203125,107960.3203125,107701.1328125,107884.0078125,1035804672
2025-10-16 21:00:00+00:00,107959.4921875,107975.4375,107693.546875,107975.4375,1030971392
2025-10-16 21:15:00+00:00,108096.984375,108186.0546875,108009.25,108129.15625,51437568
2025-10-16 21:30:00+00:00,108287.3828125,108350.921875,108123.7890625,108123.7890625,0
2025-10-16 21:45:00+00:00,108437.5390625,108462.453125,108301.3671875,108301.3671875,0
2025-10-16 22:00:00+00:00,108261.25,108402.265625,108261.25,108307.46875,2441461760
2025-10-16 22:15:00+00:00,108103.609375,108178.890625,108074.328125,108118.21875,7987200
2025-10-16 22:30:00+00:00,108048.078125,108076.90625,107962.5390625,107965.2578125,1153925120
2025-10-16 22:45:00+00:00,107827.1796875,108023.8125,107827.1796875,107954.9140625,0
2025-10-16 23:00:00+00:00,107997.7421875,107997.7421875,107840.515625,107840.515625,1257766912
2025-10-16 23:15:00+00:00,108272.5234375,108325.5703125,108010.46875,108010.46875,27877376
2025-10-16 23:30:00+00:00,108028.8828125,108331.5234375,108028.8828125,108331.5234375,990322688
2025-10-16 23:45:00+00:00,108148.265625,108181.4453125,108038.109375,108038.109375,659734528
2025-10-17 00:00:00+00:00,108208.4765625,108208.4765625,108016.4140625,108110.6875,675471360
2025-10-17 00:15:00+00:00,108458.6796875,108458.6796875,108252.9140625,108258.53125,23068672
2025-10-17 00:30:00+00:00,108687.9921875,108759.6171875,108382.9609375,108382.9609375,1217806336
2025-10-17 00:45:00+00:00,108763.5546875,108763.5546875,108613.8359375,108704.6875,606830592
2025-10-17 01:00:00+00:00,108966.140625,109108.3984375,108784.2578125,108784.2578125,913907712
2025-10-17 01:15:00+00:00,108803.7578125,109049.09375,108803.7578125,109005.9921875,1000554496
2025-10-17 01:30:00+00:00,108706.921875,108902.1796875,108695.484375,108902.1796875,226476032
2025-10-17 01:45:00+00:00,108800.3828125,108800.3828125,108570.8125,108758.6875,1249787904
2025-10-17 02:00:00+00:00,108588.6328125,108834.0234375,108588.6328125,108793.015625,553099264
2025-10-17 02:15:00+00:00,108430.0859375,108539.2109375,108430.0859375,108539.2109375,170688512
2025-10-17 02:30:00+00:00,108812.3125,108812.3125,108447.140625,108447.140625,1153736704
2025-10-17 02:45:00+00:00,108994.234375,108994.234375,108769.5625,108782.625,97484800
2025-10-17 03:00:00+00:00,109057.2109375,109084.6328125,108985.921875,108997.2109375,1141825536
2025-10-17 03:15:00+00:00,109066.4453125,109082.0390625,109038.3203125,109066.6640625,0
2025-10-17 03:30:00+00:00,108970.7109375,109115.078125,108970.7109375,109038.0859375,700784640
2025-10-17 03:45:00+00:00,109190.796875,109190.796875,108946.328125,108946.328125,1329799168
2025-10-17 04:00:00+00:00,109086.4765625,109204.953125,109085.7265625,109162.640625,908705792
2025-10-17 04:15:00+00:00,108982.3046875,109163.515625,108960.40625,109163.515625,2406047744
2025-10-17 04:30:00+00:00,109015.421875,109076.421875,108939.6328125,109076.421875,253009920
2025-10-17 04:45:00+00:00,108875.359375,109005.2265625,108838.296875,108931.1796875,0
2025-10-17 05:00:00+00:00,108903.6015625,108903.6015625,108802.453125,108802.453125,1117405184
2025-10-17 05:15:00+00:00,108864.2578125,108864.2578125,108761.4765625,108809.4375,1069957120
2025-10-17 05:30:00+00:00,108668.7109375,108819.7734375,108668.7109375,108819.7734375,1006723072
2025-10-17 05:45:00+00:00,108439.6796875,108575.84375,108362.2734375,108575.84375,117792768
2025-10-17 06:00:00+00:00,108341.640625,108482.5390625,108341.640625,108447.1015625,928317440
2025-10-17 06:15:00+00:00,107866.8671875,108361.75,107866.8671875,108361.75,775258112
2025-10-17 06:30:00+00:00,107162.1171875,107697.03125,107162.1171875,107585.4296875,878370816
2025-10-17 06:45:00+00:00,106829.078125,107115.0234375,106756.265625,107024.0390625,2668142592
2025-10-17 07:00:00+00:00,106475.6640625,106777.78125,106354.7109375,106777.46875,1321271296
2025-10-17 07:15:00+00:00,106306.328125,106547.9140625,106238.71875,106337.0859375,1125507072
2025-10-17 07:30:00+00:00,105794.765625,106312.5078125,105794.765625,106312.5078125,2638684160
2025-10-17 07:45:00+00:00,105566.015625,105869.015625,105566.015625,105768.6171875,919920640
2025-10-17 08:00:00+00:00,105268.8359375,105606.0078125,105168.0,105586.390625,1490083840
2025-10-17 08:15:00+00:00,104994.3359375,105277.203125,104812.8984375,105001.46875,3299622912
2025-10-17 08:30:00+00:00,105069.53125,105406.90625,105069.53125,105163.1015625,2155585536
2025-10-17 08:45:00+00:00,104993.2890625,105106.3515625,104899.3359375,105106.3515625,857710592
2025-10-17 09:00:00+00:00,105231.84375,105231.84375,104886.5859375,104886.5859375,1671430144
2025-10-17 09:15:00+00:00,105040.2265625,105272.7265625,104973.125,105196.4609375,1142579200
2025-10-17 09:30:00+00:00,105223.40625,105574.1953125,105092.796875,105092.796875,294797312
2025-10-17 09:45:00+00:00,104749.2890625,105155.8671875,104749.2890625,105080.0546875,680452096
2025-10-17 10:00:00+00:00,104343.625,104774.4921875,104343.625,104606.5078125,769548288
2025-10-17 10:15:00+00:00,103997.859375,104625.984375,103598.4296875,104625.984375,2062524416
2025-10-17 10:30:00+00:00,104353.546875,104498.5,104007.484375,104007.484375,1818836992
2025-10-17 10:45:00+00:00,104708.3984375,104781.9765625,104379.2109375,104379.2109375,2489827328
2025-10-17 11:00:00+00:00,105466.796875,105466.796875,104678.703125,104751.8125,663773184
2025-10-17 11:15:00+00:00,106254.9375,106356.6875,105850.265625,105850.265625,2961367040
2025-10-17 11:30:00+00:00,105898.484375,106281.5390625,105767.3203125,106281.5390625,1894203392
2025-10-17 11:45:00+00:00,105670.03125,105901.9140625,105633.4453125,105882.6328125,858439680
2025-10-17 12:00:00+00:00,105687.8203125,106032.640625,105673.28125,105673.28125,1535344640
2025-10-17 12:15:00+00:00,105589.8359375,105885.46875,105568.0859375,105753.2890625,1098244096
2025-10-17 12:30:00+00:00,105636.171875,105712.609375,105340.28125,105606.3671875,839991296
2025-10-17 12:45:00+00:00,105347.0078125,105637.5078125,105291.703125,105633.0,407240704
2025-10-17 13:00:00+00:00,104993.9921875,105462.53125,104993.9921875,105364.015625,183271424
2025-10-17 13:15:00+00:00,105482.2109375,105600.546875,105005.671875,105005.671875,865796096
2025-10-17 13:30:00+00:00,105439.125,106003.2265625,105439.125,105446.3984375,4384333824
2025-10-17 13:45:00+00:00,105868.1171875,106078.640625,105129.2421875,105298.859375,438132736
2025-10-17 14:00:00+00:00,105584.046875,106002.953125,105256.375,105744.8671875,3062530048
2025-10-17 14:15:00+00:00,105170.078125,105500.4765625,105043.3828125,105445.296875,596762624
2025-10-17 14:30:00+00:00,105138.6796875,105138.6796875,104678.1875,105079.1484375,292618240
2025-10-17 14:45:00+00:00,105164.78125,105728.34375,105164.78125,105199.25,1250779136
2025-10-17 15:00:00+00:00,105645.171875,105706.390625,105158.375,105162.421875,57663488
2025-10-17 15:15:00+00:00,106012.1015625,106120.890625,105527.25,105547.1796875,1048444928
2025-10-17 15:30:00+00:00,106121.6484375,106179.0703125,105780.328125,106082.3515625,1145503744
2025-10-17 15:45:00+00:00,106720.640625,106720.640625,106112.2421875,106199.0859375,0
2025-10-17 16:00:00+00:00,107014.1171875,107397.3359375,106816.984375,106816.984375,723206144
2025-10-17 16:15:00+00:00,106756.8359375,107174.640625,106735.0546875,106978.8671875,1350336512
2025-10-17 16:30:00+00:00,106624.984375,106781.0703125,106499.625,106779.453125,0
2025-10-17 16:45:00+00:00,106409.6640625,106818.765625,106343.265625,106642.25,0
2025-10-17 17:00:00+00:00,106679.0078125,106679.0078125,106357.7734375,106403.1875,176037888
2025-10-17 17:15:00+00:00,106266.109375,106662.71875,106266.109375,106662.71875,597409792
2025-10-17 17:30:00+00:00,106330.3359375,106518.3515625,106241.3984375,106241.3984375,804118528
2025-10-17 17:45:00+00:00,106424.046875,106515.921875,106113.7265625,106378.125,37199872
2025-10-17 18:00:00+00:00,106848.2109375,106877.28125,106464.6328125,106464.6328125,471834624
2025-10-17 18:15:00+00:00,106968.4140625,106968.4140625,106605.2109375,106605.2109375,0
2025-10-17 18:30:00+00:00,106828.6171875,107062.1171875,106828.6171875,106925.25,785571840
2025-10-17 18:45:00+00:00,106619.484375,106807.265625,106619.484375,106785.3046875,0
2025-10-17 19:00:00+00:00,106871.6484375,106871.6484375,106703.65625,106703.65625,1405624320
2025-10-17 19:15:00+00:00,106597.828125,106823.8359375,106597.65625,106814.6328125,431652864
2025-10-17 19:30:00+00:00,106500.6640625,106575.984375,106332.25,106575.984375,0
2025-10-17 19:45:00+00:00,106490.15625,106633.8125,106482.7265625,106502.7890625,838320128
2025-10-17 20:00:00+00:00,106602.3125,106602.3125,106410.296875,106490.46875,0
2025-10-17 20:15:00+00:00,106976.625,106983.90625,106589.1015625,106589.1015625,50561024
2025-10-17 20:30:00+00:00,106955.3359375,107096.6875,106955.3359375,107022.890625,1162764288
2025-10-17 20:45:00+00:00,107090.890625,107180.9765625,107007.2734375,107007.2734375,0
2025-10-17 21:00:00+00:00,107432.265625,107432.265625,107058.65625,107058.65625,2490834944
2025-10-17 21:15:00+00:00,107449.5546875,107449.5546875,107388.765625,107405.2734375,804102144
2025-10-17 21:30:00+00:00,107273.0625,107446.6796875,107273.0625,107446.6796875,1042694144
2025-10-17 21:45:00+00:00,107422.1171875,107437.5390625,107282.0546875,107302.2265625,163553280
2025-10-17 22:00:00+00:00,107260.484375,107437.015625,107260.484375,107372.5625,0
2025-10-17 22:15:00+00:00,107174.9375,107245.6640625,107089.171875,107222.875,943120384
2025-10-17 22:30:00+00:00,106999.9140625,107174.890625,106927.71875,107174.890625,0
2025-10-17 22:45:00+00:00,107047.546875,107065.2734375,106976.3671875,106976.3671875,174940160
2025-10-17 23:00:00+00:00,106875.7578125,107037.140625,106851.0234375,107037.140625,651821056
2025-10-17 23:15:00+00:00,106769.6953125,106923.6796875,106759.4453125,106886.6015625,83189760
2025-10-17 23:30:00+00:00,106669.296875,106704.078125,106588.5234375,106704.078125,0
2025-10-17 23:45:00+00:00,106447.984375,106663.2890625,106447.984375,106634.1953125,12582912
2025-10-18 00:00:00+00:00,106422.1328125,106481.6171875,106412.296875,106474.34375,11223040
2025-10-18 00:15:00+00:00,106700.0078125,106700.0078125,106408.53125,106408.53125,878632960
2025-10-18 00:30:00+00:00,106811.8203125,106811.8203125,106666.8203125,106793.5546875,107077632
2025-10-18 00:45:00+00:00,106839.5078125,106864.578125,106812.0859375,106814.4453125,123633664
2025-10-18 01:00:00+00:00,106990.015625,107023.4453125,106881.3828125,106881.4453125,710311936
2025-10-18 01:15:00+00:00,107242.484375,107242.484375,106993.3125,107023.9921875,168108032
2025-10-18 01:30:00+00:00,107161.6484375,107282.09375,107161.6484375,107282.09375,22315008
2025-10-18 01:45:00+00:00,107165.0546875,107165.0546875,107078.3515625,107148.8203125,1453031424
2025-10-18 02:00:00+00:00,106975.875,107317.7109375,106975.875,107195.0703125,3127910400
2025-10-18 02:15:00+00:00,107070.8125,107070.8125,106892.0078125,106939.2265625,2211840
2025-10-18 02:30:00+00:00,106719.796875,107083.265625,106719.796875,107056.5546875,1348378624
2025-10-18 02:45:00+00:00,106634.8984375,106711.4453125,106572.5,106668.5390625,310820864
2025-10-18 03:00:00+00:00,106826.421875,106826.421875,106656.0234375,106656.0234375,2573737984
2025-10-18 03:15:00+00:00,107007.03125,107007.03125,106845.2890625,106845.2890625,196018176
2025-10-18 03:30:00+00:00,107010.15625,107147.390625,107007.984375,107019.3203125,960520192
2025-10-18 03:45:00+00:00,107104.234375,107138.7734375,106992.9453125,106992.9453125,1876746240
2025-10-18 04:00:00+00:00,106629.1328125,106985.1328125,106579.6875,106985.1328125,229621760
2025-10-18 04:15:00+00:00,106743.0625,106743.0625,106639.6484375,106639.6484375,146063360
2025-10-18 04:30:00+00:00,106545.890625,106727.2890625,106545.890625,106727.2890625,992616448
2025-10-18 04:45:00+00:00,106538.7421875,106548.6640625,106489.4140625,106489.4140625,993533952
2025-10-18 05:00:00+00:00,106669.6953125,106677.9140625,106542.1015625,106542.1015625,158023680
2025-10-18 05:15:00+00:00,106669.125,106678.265625,106653.703125,106666.2265625,2736128
2025-10-18 05:30:00+00:00,106748.34375,106748.34375,106567.609375,106637.90625,1659715584
2025-10-18 05:45:00+00:00,106859.3046875,106859.3046875,106736.8046875,106736.8046875,200318976
2025-10-18 06:00:00+00:00,106965.734375,106965.734375,106789.03125,106864.5390625,711409664
2025-10-18 06:15:00+00:00,106897.484375,106956.5234375,106879.859375,106956.5234375,690249728
2025-10-18 06:30:00+00:00,106807.953125,106910.1875,106802.6640625,106910.1875,0
2025-10-18 06:45:00+00:00,106941.203125,106950.0625,106796.4375,106796.4375,385753088
2025-10-18 07:00:00+00:00,107423.6171875,107480.40625,106912.5,106912.5,0
2025-10-18 07:15:00+00:00,107128.515625,107358.65625,107079.3046875,107358.65625,0
2025-10-18 07:30:00+00:00,107279.3984375,107279.3984375,107113.0390625,107145.1953125,608583680
2025-10-18 07:45:00+00:00,106838.46875,107267.96875,106838.46875,107241.796875,0
2025-10-18 08:00:00+00:00,106969.3203125,106984.875,106710.6953125,106729.1328125,0
2025-10-18 08:15:00+00:00,106776.1015625,106990.3203125,106776.1015625,106990.3203125,0
2025-10-18 08:30:00+00:00,106801.109375,106823.3125,106721.984375,106765.6328125,679354368
2025-10-18 08:45:00+00:00,106828.34375,106850.2265625,106756.4453125,106756.4453125,411402240
2025-10-18 09:00:00+00:00,106743.8984375,106806.8203125,106719.7421875,106770.5546875,0
2025-10-18 09:15:00+00:00,106882.25,106882.25,106737.2265625,106765.125,623902720
2025-10-18 09:30:00+00:00,106848.03125,106905.6328125,106800.96875,106905.6328125,0
2025-10-18 09:45:00+00:00,106957.3359375,106972.328125,106820.0234375,106873.3515625,0
2025-10-18 10:00:00+00:00,106901.6015625,106957.046875,106899.6015625,106957.046875,0
2025-10-18 10:15:00+00:00,106997.40625,106997.40625,106873.078125,106913.0625,0
2025-10-18 10:30:00+00:00,107172.78125,107172.78125,107009.84375,107015.09375,0
2025-10-18 10:45:00+00:00,106853.3359375,107145.0234375,106853.3359375,107145.0234375,1686077440
2025-10-18 11:00:00+00:00,106934.296875,106960.1484375,106815.1953125,106960.1484375,0
2025-10-18 11:15:00+00:00,106955.4921875,106984.3046875,106935.3125,106967.0703125,0
2025-10-18 11:30:00+00:00,107025.9296875,107048.1875,106940.3671875,106940.3671875,0
2025-10-18 11:45:00+00:00,107014.1640625,107071.9921875,107003.1171875,107071.9921875,0
2025-10-18 12:00:00+00:00,107255.3046875,107255.3046875,107156.09375,107252.15625,1480237056
2025-10-18 12:15:00+00:00,107140.7890625,107340.984375,107134.1015625,107227.828125,0
2025-10-18 12:30:00+00:00,107050.015625,107165.328125,107041.25,107165.328125,0
2025-10-18 12:45:00+00:00,107113.609375,107130.828125,107061.109375,107061.109375,2559803392
2025-10-18 13:00:00+00:00,107062.296875,107118.1171875,106980.7578125,107118.1171875,405438464
2025-10-18 13:15:00+00:00,107063.875,107130.4453125,106997.4375,107091.5546875,0
2025-10-18 13:30:00+00:00,106880.5078125,107078.8046875,106880.5078125,107078.8046875,0
2025-10-18 13:45:00+00:00,106933.453125,107013.671875,106879.234375,106908.453125,194322432
2025-10-18 14:00:00+00:00,106872.484375,106973.0078125,106827.03125,106938.828125,0
2025-10-18 14:15:00+00:00,106936.8671875,107001.375,106871.375,106883.6171875,0
2025-10-18 14:30:00+00:00,107022.84375,107068.421875,106960.921875,106960.921875,0
2025-10-18 14:45:00+00:00,107018.765625,107085.84375,106995.640625,107014.4375,913305600
2025-10-18 15:00:00+00:00,107122.3203125,107179.078125,107048.1328125,107048.1328125,0
2025-10-18 15:15:00+00:00,107043.6328125,107111.9375,107043.6328125,107099.75,0
2025-10-18 15:30:00+00:00,106908.03125,106950.828125,106882.28125,106950.828125,0
2025-10-18 15:45:00+00:00,106986.8203125,107000.3125,106929.140625,106929.140625,622923776
2025-10-18 16:00:00+00:00,106976.3984375,107068.1484375,106965.984375,106987.2265625,660971520
2025-10-18 16:15:00+00:00,106867.7421875,106977.8984375,106795.3984375,106972.796875,0
2025-10-18 16:30:00+00:00,106569.609375,106874.9296875,106569.609375,106874.9296875,41684992
2025-10-18 16:45:00+00:00,106711.03125,106718.8203125,106608.296875,106608.296875,0
2025-10-18 17:00:00+00:00,106682.2265625,106702.6015625,106658.4375,106702.6015625,704573440
2025-10-18 17:15:00+00:00,106930.796875,106941.0546875,106726.203125,106726.203125,2742464512
2025-10-18 17:30:00+00:00,106830.734375,106922.6953125,106830.734375,106922.6953125,0
2025-10-18 17:45:00+00:00,106879.75,106916.15625,106832.34375,106843.6640625,1293234176
2025-10-18 18:00:00+00:00,106791.5859375,106910.7421875,106791.5859375,106910.3125,691011584
2025-10-18 18:15:00+00:00,106795.375,106812.03125,106777.3671875,106777.3671875,0
2025-10-18 18:30:00+00:00,106876.0625,106897.8671875,106827.1015625,106827.1015625,0
2025-10-18 18:45:00+00:00,106875.0859375,106894.9453125,106840.46875,106882.796875,811106304
2025-10-18 19:00:00+00:00,106893.4140625,106893.4140625,106839.34375,106875.6328125,0
2025-10-18 19:15:00+00:00,106990.5078125,106991.6640625,106906.375,106906.375,0
2025-10-18 19:30:00+00:00,107006.7109375,107008.53125,106973.703125,106991.5859375,0
2025-10-18 19:45:00+00:00,107077.109375,107101.359375,107023.0703125,107023.0703125,764444672
2025-10-18 20:00:00+00:00,107108.0390625,107295.9375,107084.625,107102.859375,1219547136
2025-10-18 20:15:00+00:00,107259.8203125,107259.8203125,107062.7734375,107094.46875,0
2025-10-18 20:30:00+00:00,107202.1953125,107287.8046875,107194.5078125,107278.5390625,810180608
2025-10-18 20:45:00+00:00,107101.7578125,107216.5625,107101.7578125,107210.125,837468160
2025-10-18 21:00:00+00:00,106931.4609375,107066.84375,106930.25,107054.3515625,0
2025-10-18 21:15:00+00:00,107103.4609375,107103.4609375,106919.8203125,106945.8359375,28225536
2025-10-18 21:30:00+00:00,107143.1015625,107217.7109375,107139.2421875,107173.546875,758292480
2025-10-18 21:45:00+00:00,107208.6015625,107214.0234375,107111.59375,107121.0546875,53260288
2025-10-18 22:00:00+00:00,107160.2578125,107228.046875,107160.2578125,107227.1328125,753729536
2025-10-18 22:15:00+00:00,107276.953125,107298.28125,107159.0625,107172.3828125,0
2025-10-18 22:30:00+00:00,107205.59375,107276.6484375,107205.59375,107276.6484375,0
2025-10-18 22:45:00+00:00,107154.71875,107175.7890625,107130.1484375,107175.7890625,14753792
2025-10-18 23:00:00+00:00,107115.46875,107219.0625,107115.46875,107156.484375,717426688
2025-10-18 23:15:00+00:00,107088.125,107137.4765625,107058.2890625,107137.4765625,821538816
2025-10-18 23:30:00+00:00,107127.546875,107145.6171875,107090.796875,107090.796875,6811648
2025-10-18 23:45:00+00:00,107171.265625,107181.9140625,107120.9296875,107120.9296875,0
2025-10-19 00:00:00+00:00,107163.765625,107256.140625,107125.7421875,107198.890625,0
2025-10-19 00:15:00+00:00,107135.8984375,107166.171875,107084.6796875,107112.40625,212455424
2025-10-19 00:30:00+00:00,106862.0703125,107118.5703125,106862.0703125,107118.5703125,0
2025-10-19 00:45:00+00:00,106927.3671875,106927.3671875,106789.046875,106893.421875,222138368
2025-10-19 01:00:00+00:00,106857.640625,106923.3515625,106805.90625,106923.3515625,705998848
2025-10-19 01:15:00+00:00,106985.5859375,107000.09375,106840.9609375,106840.9609375,873897984
2025-10-19 01:30:00+00:00,106919.125,106992.8046875,106919.125,106975.0703125,0
2025-10-19 01:45:00+00:00,106972.3125,107004.5078125,106951.75,106955.8125,5349376
2025-10-19 02:00:00+00:00,106942.6953125,107006.0,106942.421875,106978.3671875,0
2025-10-19 02:15:00+00:00,106932.0703125,107008.4453125,106932.0703125,106959.3359375,87175168
2025-10-19 02:30:00+00:00,106881.7109375,106929.71875,106881.7109375,106909.421875,0
2025-10-19 02:45:00+00:00,106883.4921875,106900.796875,106868.8046875,106884.2265625,0
2025-10-19 03:00:00+00:00,106866.1328125,106881.53125,106838.21875,106873.328125,732512256
2025-10-19 03:15:00+00:00,107125.6171875,107155.96875,106865.265625,106865.265625,27090944
2025-10-19 03:30:00+00:00,107278.625,107278.625,107175.9375,107175.9375,17844224
2025-10-19 03:45:00+00:00,107303.8828125,107332.8828125,107266.1640625,107266.1640625,0
2025-10-19 04:00:00+00:00,107060.7578125,107285.515625,107060.7578125,107285.515625,1942276096
2025-10-19 04:15:00+00:00,107070.7734375,107090.3671875,107045.6875,107090.3671875,968423424
2025-10-19 04:30:00+00:00,107133.0703125,107191.2421875,107133.0703125,107151.578125,771674112
2025-10-19 04:45:00+00:00,107089.7578125,107154.1796875,107089.7578125,107154.1796875,8099840
2025-10-19 05:00:00+00:00,107099.4296875,107099.7734375,107067.96875,107081.7890625,0
2025-10-19 05:15:00+00:00,106964.03125,107160.4921875,106964.03125,107094.3359375,3913728
2025-10-19 05:30:00+00:00,107011.7890625,107062.1015625,106988.3046875,107000.609375,2257002496
2025-10-19 05:45:00+00:00,106877.984375,106945.9453125,106846.7578125,106943.0234375,1466484736
2025-10-19 06:00:00+00:00,106842.265625,106941.484375,106842.265625,106915.78125,2074779648
2025-10-19 06:15:00+00:00,106820.8984375,106852.9296875,106820.8984375,106847.8828125,0
2025-10-19 06:30:00+00:00,106763.9765625,106826.6171875,106624.8125,106826.6171875,1046059008
2025-10-19 06:45:00+00:00,106776.4921875,106776.4921875,106723.71875,106733.203125,928010240
2025-10-19 07:00:00+00:00,106850.4609375,106885.4609375,106790.0390625,106796.140625,431456256
2025-10-19 07:15:00+00:00,106913.984375,106948.7421875,106872.296875,106888.984375,826632192
2025-10-19 07:30:00+00:00,106772.515625,106905.6875,106772.515625,106860.1484375,740560896
2025-10-19 07:45:00+00:00,106802.0234375,106813.0390625,106742.5625,106768.4921875,699279360
2025-10-19 08:00:00+00:00,106848.625,106862.6328125,106808.8203125,106808.8203125,0
2025-10-19 08:15:00+00:00,106694.203125,107201.1640625,106657.921875,106841.625,777662464
2025-10-19 08:30:00+00:00,106533.640625,106707.125,106510.78125,106699.46875,93079552
2025-10-19 08:45:00+00:00,106496.453125,106506.484375,106330.5,106506.484375,781570048
2025-10-19 09:00:00+00:00,106241.140625,106479.8515625,106210.1484375,106479.8515625,688754688
2025-10-19 09:15:00+00:00,106175.34375,106417.6640625,106175.34375,106378.640625,943941632
2025-10-19 09:30:00+00:00,107005.0,107012.484375,106229.390625,106229.390625,1212233728
2025-10-19 09:45:00+00:00,107592.75,107751.6484375,106915.0859375,107011.0703125,2471649280
2025-10-19 10:00:00+00:00,107407.3671875,107610.671875,107361.7890625,107610.671875,947863552
2025-10-19 10:15:00+00:00,107874.296875,107874.296875,107377.46875,107424.859375,539117568
2025-10-19 10:30:00+00:00,107727.8125,107831.9921875,107680.40625,107831.9921875,445718528
2025-10-19 10:45:00+00:00,107853.875,107853.875,107604.59375,107720.4296875,756559872
2025-10-19 11:00:00+00:00,108186.9296875,108186.9296875,107881.9765625,107881.9765625,491814912
2025-10-19 11:15:00+00:00,107873.359375,108167.3203125,107873.359375,108167.3203125,456355840
2025-10-19 11:30:00+00:00,107908.9765625,107990.53125,107865.390625,107865.390625,426115072
2025-10-19 11:45:00+00:00,107820.734375,107878.3515625,107700.890625,107878.3515625,1145389056
2025-10-19 12:00:00+00:00,107678.828125,107843.1640625,107678.828125,107815.2109375,711913472
2025-10-19 12:15:00+00:00,107553.59375,107645.7578125,107553.59375,107609.3515625,371003392
2025-10-19 12:30:00+00:00,107673.6015625,107689.234375,107551.2890625,107551.2890625,2009640960
2025-10-19 12:45:00+00:00,107621.125,107621.125,107522.296875,107556.6171875,916746240
2025-10-19 13:00:00+00:00,107441.4375,107638.578125,107441.4375,107620.625,249360384
2025-10-19 13:15:00+00:00,107487.3359375,107523.0625,107450.390625,107450.390625,1262391296
2025-10-19 13:30:00+00:00,107854.171875,107854.171875,107569.3984375,107569.3984375,20303872
2025-10-19 13:45:00+00:00,108128.6953125,108172.75,107818.234375,107832.2734375,480911360
2025-10-19 14:00:00+00:00,108140.4609375,108140.4609375,107957.03125,108111.1796875,377929728
2025-10-19 14:15:00+00:00,108433.8203125,108516.6484375,108040.9375,108044.1640625,468840448
2025-10-19 14:30:00+00:00,108239.3203125,108440.2890625,108239.3203125,108416.0078125,1384837120
2025-10-19 14:45:00+00:00,108495.65625,108495.65625,108240.6640625,108270.5625,311214080
2025-10-19 15:00:00+00:00,108561.28125,108563.515625,108473.8984375,108489.3515625,1047339008
2025-10-19 15:15:00+00:00,108526.4609375,108603.8984375,108459.5546875,108531.4921875,482750464
2025-10-19 15:30:00+00:00,108401.796875,108535.4609375,108375.015625,108535.4609375,770674688
2025-10-19 15:45:00+00:00,108495.3125,108512.625,108413.578125,108413.578125,857522176
2025-10-19 16:00:00+00:00,108413.6484375,108542.15625,108381.25,108542.15625,50737152
2025-10-19 16:15:00+00:00,108398.578125,108398.578125,108350.375,108379.8671875,143716352
2025-10-19 16:30:00+00:00,108827.78125,108827.78125,108336.5,108389.0859375,0
2025-10-19 16:45:00+00:00,108720.609375,108921.3125,108720.609375,108800.859375,1023549440
2025-10-19 17:00:00+00:00,109130.0390625,109130.0390625,108672.3359375,108672.3359375,649490432
2025-10-19 17:15:00+00:00,109163.8515625,109414.875,109130.7890625,109138.7265625,1010868224
2025-10-19 17:30:00+00:00,109186.5234375,109288.578125,109096.0234375,109117.3984375,214888448
2025-10-19 17:45:00+00:00,109133.390625,109207.1328125,109114.703125,109207.1328125,424878080
2025-10-19 18:00:00+00:00,109120.171875,109227.078125,109120.171875,109173.125,997494784
2025-10-19 18:15:00+00:00,109330.0546875,109353.265625,109202.78125,109258.6015625,289341440
2025-10-19 18:30:00+00:00,109423.1484375,109423.1484375,109245.53125,109292.9765625,985710592
2025-10-19 18:45:00+00:00,109455.9375,109465.265625,109380.40625,109403.2890625,1737936896
2025-10-19 19:00:00+00:00,109107.9609375,109440.5625,109018.7890625,109440.5625,142655488
2025-10-19 19:15:00+00:00,109188.7109375,109192.1015625,109129.6796875,109129.6796875,369922048
2025-10-19 19:30:00+00:00,108927.9140625,109148.59375,108927.9140625,109148.59375,653664256
2025-10-19 19:45:00+00:00,108965.1953125,108985.1484375,108880.5703125,108970.9765625,1044033536
2025-10-19 20:00:00+00:00,108972.6484375,109010.546875,108890.75,108961.015625,205246464
2025-10-19 20:15:00+00:00,108979.8203125,108979.8203125,108883.28125,108966.0234375,396042240
2025-10-19 20:30:00+00:00,108918.9375,108978.9921875,108897.109375,108978.9921875,346578944
2025-10-19 20:45:00+00:00,108923.40625,109008.125,108917.1015625,109002.375,189997056
2025-10-19 21:00:00+00:00,108812.1953125,108912.0078125,108812.1953125,108912.0078125,209526784
2025-10-19 21:15:00+00:00,108676.28125,108800.984375,108676.28125,108800.984375,761188352
2025-10-19 21:30:00+00:00,108789.0078125,108804.5625,108673.078125,108674.78125,2065166336
2025-10-19 21:45:00+00:00,108805.9765625,108813.9453125,108683.6015625,108783.578125,150564864
2025-10-19 22:00:00+00:00,109091.5078125,109091.5078125,108791.640625,108791.640625,80269312
2025-10-19 22:15:00+00:00,109201.078125,109249.984375,109101.0625,109123.671875,667762688
2025-10-19 22:30:00+00:00,109321.625,109379.8359375,109233.8359375,109233.8359375,721338368
2025-10-19 22:45:00+00:00,109194.921875,109353.859375,109194.921875,109319.1640625,1006891008
2025-10-19 23:00:00+00:00,108904.5703125,109191.171875,108901.078125,109191.171875,79642624
2025-10-19 23:15:00+00:00,108767.1953125,108914.7109375,108754.890625,108914.7109375,214487040
2025-10-19 23:30:00+00:00,108726.0078125,108855.8125,108715.328125,108855.8125,163778560
2025-10-19 23:45:00+00:00,108663.375,108663.375,108529.453125,108585.828125,434003968
2025-10-20 00:00:00+00:00,108226.7734375,108671.8125,108226.7734375,108671.8125,151646208
2025-10-20 00:15:00+00:00,107611.5390625,108138.8046875,107611.5390625,108106.71875,929488896
2025-10-20 00:30:00+00:00,107977.0234375,108005.1953125,107574.75,107717.953125,628015104
2025-10-20 00:45:00+00:00,108022.6171875,108031.984375,107882.5625,107882.5625,450097152
2025-10-20 01:00:00+00:00,108218.0390625,108280.8125,107956.046875,108083.7265625,887595008
2025-10-20 01:15:00+00:00,108183.34375,108183.34375,108015.296875,108102.7265625,1102151680
2025-10-20 01:30:00+00:00,108160.59375,108160.59375,108045.1328125,108155.46875,494272512
2025-10-20 01:45:00+00:00,108120.875,108214.1953125,108108.5,108125.125,615559168
2025-10-20 02:00:00+00:00,108116.1953125,108116.1953125,107936.984375,108049.21875,1092956160
2025-10-20 02:15:00+00:00,108442.234375,108522.4765625,108082.1015625,108082.1015625,544428032
2025-10-20 02:30:00+00:00,108779.78125,108799.4921875,108403.2890625,108427.09375,845922304
2025-10-20 02:45:00+00:00,108810.671875,108952.421875,108752.96875,108786.4296875,1395773440
2025-10-20 03:00:00+00:00,108709.3984375,108808.90625,108617.1953125,108808.90625,1090625536
2025-10-20 03:15:00+00:00,108760.390625,108932.9296875,108726.765625,108736.3203125,39948288
2025-10-20 03:30:00+00:00,109140.90625,109140.90625,108716.484375,108786.4453125,556912640
2025-10-20 03:45:00+00:00,110211.2109375,110430.0625,109161.8359375,109174.125,2727387136
2025-10-20 04:00:00+00:00,110393.578125,110401.265625,110155.3046875,110288.9921875,777297920
2025-10-20 04:15:00+00:00,110100.3984375,110403.9765625,110031.96875,110403.9765625,774336512
2025-10-20 04:30:00+00:00,110309.9609375,110315.4765625,110092.2578125,110092.2578125,1349619712
2025-10-20 04:45:00+00:00,110477.8046875,110477.8046875,110265.703125,110287.5390625,1157472256
2025-10-20 05:00:00+00:00,110481.890625,110481.890625,110340.34375,110463.328125,946679808
2025-10-20 05:15:00+00:00,110629.796875,110736.7734375,110509.7265625,110565.546875,528568320
2025-10-20 05:30:00+00:00,110732.8671875,110795.78125,110604.3828125,110604.3828125,1713455104
2025-10-20 05:45:00+00:00,111010.6796875,111134.0,110780.6484375,110810.8203125,202362880
2025-10-20 06:00:00+00:00,111221.8046875,111242.09375,111047.0546875,111047.0546875,625242112
2025-10-20 06:15:00+00:00,111092.2265625,111278.203125,111092.2265625,111219.75,725450752
2025-10-20 06:30:00+00:00,111299.484375,111325.734375,111096.6953125,111096.6953125,1257668608
2025-10-20 06:45:00+00:00,111347.203125,111359.8984375,111246.1953125,111319.6171875,552415232
2025-10-20 07:00:00+00:00,111308.6015625,111344.7421875,111201.3828125,111344.7421875,218345472
2025-10-20 07:15:00+00:00,111402.65625,111402.65625,111286.21875,111303.7265625,536563712
2025-10-20 07:30:00+00:00,111254.0625,111394.0703125,111238.5625,111394.0703125,624607232
2025-10-20 07:45:00+00:00,111211.859375,111299.359375,111100.3984375,111299.359375,1371512832
2025-10-20 08:00:00+00:00,111130.3359375,111250.5390625,111106.546875,111209.65625,405123072
2025-10-20 08:15:00+00:00,111152.875,111226.5234375,111005.8828125,111137.9140625,0
2025-10-20 08:30:00+00:00,111274.1171875,111596.296875,111243.4453125,111296.625,528449536
2025-10-20 08:45:00+00:00,111160.59375,111387.5,111142.96875,111336.7734375,781402112
2025-10-20 09:00:00+00:00,111163.921875,111209.203125,111018.703125,111150.828125,81948672
2025-10-20 09:15:00+00:00,110837.9140625,111154.890625,110813.796875,111154.890625,241680384
2025-10-20 09:30:00+00:00,110857.3984375,110873.40625,110746.0703125,110832.0234375,590401536
2025-10-20 09:45:00+00:00,111013.484375,111013.484375,110807.640625,110879.40625,0
2025-10-20 10:00:00+00:00,111015.5234375,111099.5390625,110932.125,110989.7578125,533647360
2025-10-20 10:15:00+00:00,111037.0625,111076.4609375,110949.5703125,111030.25,0
2025-10-20 10:30:00+00:00,111015.5859375,111109.109375,111015.5859375,111054.78125,741314560
2025-10-20 10:45:00+00:00,110781.109375,110990.7890625,110729.265625,110990.7890625,238424064
2025-10-20 11:00:00+00:00,110735.9296875,110781.5390625,110696.2109375,110774.3515625,113397760
2025-10-20 11:15:00+00:00,110848.1328125,110872.234375,110732.6953125,110732.6953125,303632384
2025-10-20 11:30:00+00:00,110831.8125,110847.28125,110766.140625,110847.28125,949846016
2025-10-20 11:45:00+00:00,111014.3671875,111041.2734375,110781.8984375,110781.8984375,154419200
2025-10-20 12:00:00+00:00,110986.6796875,111027.7578125,110931.1953125,111027.7578125,724647936
2025-10-20 12:15:00+00:00,111039.640625,111101.203125,110945.921875,110978.796875,51421184
2025-10-20 12:30:00+00:00,110958.4921875,111206.4609375,110958.4921875,111093.6015625,1021513728
2025-10-20 12:45:00+00:00,110879.1015625,111018.375,110831.6875,110948.484375,39931904
2025-10-20 13:00:00+00:00,110682.0859375,110869.078125,110682.0859375,110868.8671875,761839616
2025-10-20 13:15:00+00:00,110741.2109375,110741.2109375,110627.2109375,110656.078125,802271232
2025-10-20 13:30:00+00:00,110870.7734375,110903.4921875,110703.4609375,110770.7109375,1368850432
2025-10-20 13:45:00+00:00,111196.8671875,111196.8671875,110976.0390625,110976.0390625,244707328
2025-10-20 14:00:00+00:00,111099.1640625,111194.296875,111018.640625,111194.296875,5027053568
2025-10-20 14:15:00+00:00,111191.5859375,111191.5859375,110781.90625,111053.7578125,14802944
2025-10-20 14:30:00+00:00,111082.34375,111284.3984375,111080.234375,111204.140625,783507456
2025-10-20 14:45:00+00:00,111302.25,111351.9375,111107.953125,111107.953125,376430592
2025-10-20 15:00:00+00:00,111540.7890625,111625.1328125,111229.53125,111306.0859375,1687564288
2025-10-20 15:15:00+00:00,111303.734375,111416.5390625,111149.234375,111416.5390625,588128256
2025-10-20 15:30:00+00:00,111369.484375,111406.6953125,111277.6640625,111325.796875,997416960
2025-10-20 15:45:00+00:00,111300.4921875,111711.03125,111300.4921875,111429.03125,0
2025-10-20 16:00:00+00:00,111291.4296875,111323.765625,110864.875,111298.328125,1737461760
2025-10-20 16:15:00+00:00,111244.3125,111277.03125,111103.078125,111128.28125,1437925376
2025-10-20 16:30:00+00:00,110643.5625,111042.8046875,110643.5625,111039.0,1357545472
2025-10-20 16:45:00+00:00,110734.921875,110734.921875,110291.0234375,110560.3203125,323588096
2025-10-20 17:00:00+00:00,110614.5234375,111082.2421875,110604.625,110752.5546875,5271367680
2025-10-20 17:15:00+00:00,110459.1640625,110673.8046875,110423.515625,110594.171875,3118153728
2025-10-20 17:30:00+00:00,110013.171875,110417.46875,109972.09375,110417.46875,265232384
2025-10-20 17:45:00+00:00,110303.84375,110471.6484375,110004.90625,110004.90625,2310668288
2025-10-20 18:00:00+00:00,110418.421875,110541.625,110311.2578125,110311.2578125,977448960
2025-10-20 18:15:00+00:00,110485.359375,110485.359375,110269.7109375,110385.2734375,1278525440
2025-10-20 18:30:00+00:00,110793.609375,110824.2265625,110636.1796875,110664.1015625,346882048
2025-10-20 18:45:00+00:00,110949.5625,110949.5625,110793.9140625,110808.6171875,345927680
2025-10-20 19:00:00+00:00,110756.4921875,111042.390625,110756.4921875,110971.140625,893960192
2025-10-20 19:15:00+00:00,110837.2890625,110837.2890625,110589.8671875,110808.15625,38764544
2025-10-20 19:30:00+00:00,110885.3359375,110925.46875,110774.0703125,110844.3671875,1660215296
2025-10-20 19:45:00+00:00,110878.4609375,110958.75,110857.03125,110860.3515625,177569792
2025-10-20 20:00:00+00:00,111056.0546875,111176.5390625,110724.578125,110856.1875,1685360640
2025-10-20 20:15:00+00:00,111103.109375,111103.109375,110990.0078125,111055.7578125,120143872
2025-10-20 20:30:00+00:00,111089.4765625,111092.5703125,110977.9609375,111072.25,1164541952
2025-10-20 20:45:00+00:00,111036.640625,111122.8515625,110984.75,111106.2734375,1155031040
2025-10-20 21:00:00+00:00,111237.6875,111248.390625,111080.078125,111080.078125,942477312
2025-10-20 21:15:00+00:00,110913.2890625,111087.515625,110863.375,111087.515625,1050234880
2025-10-20 21:30:00+00:00,110695.625,110910.7265625,110686.8359375,110905.265625,76435456
2025-10-20 21:45:00+00:00,110566.5234375,110707.234375,110525.765625,110703.625,254840832
2025-10-20 22:00:00+00:00,110667.3125,110667.3125,110477.1640625,110583.765625,796270592
2025-10-20 22:15:00+00:00,110710.8203125,110787.3203125,110692.4765625,110692.4765625,0
2025-10-20 22:30:00+00:00,110886.765625,110900.4453125,110698.2734375,110698.2734375,75091968
2025-10-20 22:45:00+00:00,110838.828125,110884.2421875,110774.828125,110884.2421875,962084864
2025-10-20 23:00:00+00:00,110650.8203125,110854.6015625,110626.9453125,110821.15625,697815040
2025-10-20 23:15:00+00:00,110685.4609375,110774.3515625,110594.5390625,110625.7109375,183201792
2025-10-20 23:30:00+00:00,110656.4765625,110793.84375,110654.828125,110793.84375,888569856
2025-10-20 23:45:00+00:00,110605.1875,110677.8671875,110576.71875,110651.0546875,137347072
2025-10-21 00:00:00+00:00,110367.7265625,110587.6328125,110346.5,110587.6328125,0
2025-10-21 00:15:00+00:00,110338.015625,110419.859375,110212.3515625,110212.3515625,789721088
2025-10-21 00:30:00+00:00,110513.953125,110522.703125,110342.6953125,110349.8515625,643792896
2025-10-21 00:45:00+00:00,110516.6796875,110525.9140625,110467.1171875,110517.515625,2283466752
2025-10-21 01:00:00+00:00,110205.7734375,110496.34375,110205.7734375,110496.34375,940609536
2025-10-21 01:15:00+00:00,110311.90625,110327.3359375,110167.2109375,110167.2109375,0
2025-10-21 01:30:00+00:00,110179.6796875,110315.6328125,110164.71875,110312.1328125,948793344
2025-10-21 01:45:00+00:00,109839.125,110215.8984375,109694.2734375,110146.140625,14086144
2025-10-21 02:00:00+00:00,109679.5,109905.890625,109532.0546875,109899.5859375,433770496
2025-10-21 02:15:00+00:00,109428.359375,109669.453125,109422.6875,109669.453125,129024000
2025-10-21 02:30:00+00:00,109686.359375,109751.5859375,109475.9921875,109475.9921875,982622208
2025-10-21 02:45:00+00:00,109525.609375,109686.359375,109503.828125,109686.359375,742920192
2025-10-21 03:00:00+00:00,109476.09375,109642.75,109465.546875,109528.109375,168624128
2025-10-21 03:15:00+00:00,109494.09375,109584.703125,109420.609375,109470.6875,232386560
2025-10-21 03:30:00+00:00,109564.7109375,109599.5390625,109473.125,109478.09375,2024796160
2025-10-21 03:45:00+00:00,109181.9453125,109532.796875,109181.9453125,109525.7109375,0
2025-10-21 04:00:00+00:00,108267.5546875,109155.5,108134.6640625,109155.5,1205727232
2025-10-21 04:15:00+00:00,108229.6015625,108312.953125,108158.2734375,108312.953125,693276672
2025-10-21 04:30:00+00:00,107967.0078125,108093.921875,107965.9921875,108015.1640625,520294400
2025-10-21 04:45:00+00:00,107843.015625,107996.8515625,107735.3671875,107910.6796875,689049600
2025-10-21 05:00:00+00:00,107718.578125,107989.34375,107605.84375,107934.828125,1400328192
2025-10-21 05:15:00+00:00,107777.296875,107913.859375,107673.3046875,107745.8984375,693530624
2025-10-21 05:30:00+00:00,107770.5,107975.0390625,107583.8203125,107919.171875,1644109824
2025-10-21 05:45:00+00:00,107571.828125,107836.7421875,107545.8515625,107751.203125,309637120
2025-10-21 06:00:00+00:00,107702.2421875,107717.4140625,107564.0703125,107578.0703125,2632704000
2025-10-21 06:15:00+00:00,108019.8515625,108126.8671875,107745.828125,107745.828125,14610432
2025-10-21 06:30:00+00:00,107990.140625,108040.046875,107979.5390625,108010.8359375,772464640
2025-10-21 06:45:00+00:00,107968.515625,108111.4921875,107917.078125,107947.3125,1075212288
2025-10-21 07:00:00+00:00,107763.1796875,107964.515625,107763.1796875,107964.515625,0
2025-10-21 07:15:00+00:00,108033.6015625,108033.6015625,107707.328125,107730.4765625,848257024
2025-10-21 07:30:00+00:00,108070.4375,108139.84375,108031.265625,108031.265625,0
2025-10-21 07:45:00+00:00,108122.0234375,108186.375,108058.8125,108058.8125,0
2025-10-21 08:00:00+00:00,107918.4921875,108131.34375,107884.7265625,108131.34375,710303744
2025-10-21 08:15:00+00:00,107885.1796875,107907.328125,107803.2109375,107834.6171875,822644736
2025-10-21 08:30:00+00:00,107612.40625,107884.3515625,107612.40625,107884.3515625,192733184
2025-10-21 08:45:00+00:00,107783.546875,107835.4921875,107534.75,107605.859375,490545152
2025-10-21 09:00:00+00:00,107837.109375,107837.109375,107620.71875,107739.703125,539078656
2025-10-21 09:15:00+00:00,107829.390625,107859.09375,107726.1328125,107799.2421875,0
2025-10-21 09:30:00+00:00,107737.1328125,107879.40625,107721.875,107828.3515625,820473856
2025-10-21 09:45:00+00:00,107769.9609375,107812.265625,107738.0859375,107738.0859375,0
2025-10-21 10:00:00+00:00,107805.3828125,107937.703125,107773.734375,107790.234375,1276928000
2025-10-21 10:15:00+00:00,107654.5078125,107799.0390625,107626.84375,107799.0390625,14209024
2025-10-21 10:30:00+00:00,107987.7265625,108081.8515625,107701.6953125,107701.6953125,1217568768
2025-10-21 10:45:00+00:00,108611.6796875,108738.203125,108105.1015625,108105.1015625,596111360
2025-10-21 11:00:00+00:00,108403.546875,108510.1484375,108235.5625,108510.1484375,640389120
2025-10-21 11:15:00+00:00,108371.0546875,108477.671875,108371.0546875,108372.7421875,0
2025-10-21 11:30:00+00:00,108482.9453125,108517.65625,108308.984375,108364.421875,812212224
2025-10-21 11:45:00+00:00,108604.484375,108641.9375,108451.6171875,108451.6171875,12443648
2025-10-21 12:00:00+00:00,108575.640625,108635.578125,108548.3984375,108615.484375,887914496
2025-10-21 12:15:00+00:00,109122.3515625,109429.5859375,108558.5390625,108563.25,890245120
2025-10-21 12:30:00+00:00,109300.3828125,109319.9453125,108936.7109375,109136.96875,586399744
2025-10-21 12:45:00+00:00,108920.34375,109450.421875,108920.34375,109359.234375,2335178752
2025-10-21 13:00:00+00:00,108524.0859375,108896.0078125,108391.171875,108886.953125,832831488
2025-10-21 13:15:00+00:00,108713.25,108723.8125,108541.203125,108621.4140625,346095616
2025-10-21 13:30:00+00:00,108597.2734375,108849.3984375,108470.0,108736.9609375,1952387072
2025-10-21 13:45:00+00:00,108404.0703125,108649.53125,108292.515625,108649.53125,655179776
2025-10-21 14:00:00+00:00,109714.7265625,109744.015625,108458.265625,108458.265625,1531314176
2025-10-21 14:15:00+00:00,109892.6953125,110570.359375,109623.46875,109773.046875,1737437184
2025-10-21 14:30:00+00:00,109920.359375,110125.84375,109867.765625,109867.765625,673243136
2025-10-21 14:45:00+00:00,112040.71875,112091.265625,109907.6875,109978.8671875,1694474240
2025-10-21 15:00:00+00:00,112446.78125,112887.3125,111872.984375,112161.8359375,3425140736
2025-10-21 15:15:00+00:00,113068.5234375,113068.5234375,112426.671875,112444.578125,1607753728
2025-10-21 15:30:00+00:00,113274.4609375,113282.7578125,112816.734375,113020.2265625,2294636544
2025-10-21 15:45:00+00:00,113351.0390625,113536.0234375,113202.6875,113367.8671875,1072832512
2025-10-21 16:00:00+00:00,113592.1875,113592.1875,113203.6328125,113440.3828125,2580029440
2025-10-21 16:15:00+00:00,113815.34375,113841.5,113598.1328125,113598.1328125,3285950464
2025-10-21 16:30:00+00:00,113527.109375,113938.7890625,113476.5234375,113723.21875,410976256
2025-10-21 16:45:00+00:00,112841.3984375,113578.640625,112841.3984375,113535.3359375,473038848
2025-10-21 17:00:00+00:00,112731.6796875,112978.015625,112545.2109375,112793.1484375,697933824
2025-10-21 17:15:00+00:00,112244.140625,112621.03125,111910.8828125,112621.03125,2008268800
2025-10-21 17:30:00+00:00,112546.8671875,112546.8671875,112298.78125,112432.09375,2517843968
2025-10-21 17:45:00+00:00,112099.3125,112573.625,112099.3125,112573.625,2791301120
2025-10-21 18:00:00+00:00,111895.3515625,112283.7734375,111895.3515625,112063.5078125,2786533376
2025-10-21 18:15:00+00:00,112144.6640625,112144.6640625,111891.5625,111975.9296875,513212416
2025-10-21 18:30:00+00:00,111671.09375,111981.2890625,111592.6796875,111961.625,1022033920
2025-10-21 18:45:00+00:00,112030.90625,112063.84375,111855.6328125,111873.8984375,1252106240
2025-10-21 19:00:00+00:00,112125.0078125,112165.734375,112044.421875,112044.625,189399040
2025-10-21 19:15:00+00:00,111789.65625,112202.359375,111780.328125,112202.359375,812474368
2025-10-21 19:30:00+00:00,111794.0625,111828.21875,111674.796875,111789.2109375,233988096
2025-10-21 19:45:00+00:00,111920.5234375,112037.984375,111867.34375,111867.34375,280256512
2025-10-21 20:00:00+00:00,111360.2734375,111831.59375,111360.2734375,111831.59375,724598784
2025-10-21 20:15:00+00:00,110888.296875,111327.234375,110799.6796875,111327.234375,7751598080
2025-10-21 20:30:00+00:00,110993.21875,111084.328125,110769.5703125,110879.6171875,1604780032
2025-10-21 20:45:00+00:00,110983.859375,111124.5234375,110972.09375,110983.96875,569589760
2025-10-21 21:00:00+00:00,111044.5390625,111044.5390625,110762.3828125,110940.453125,1038311424
2025-10-21 21:15:00+00:00,110605.34375,111144.34375,110257.671875,111144.34375,2485821440
2025-10-21 21:30:00+00:00,110876.6875,110876.6875,110492.9765625,110571.875,2073886720
2025-10-21 21:45:00+00:00,110947.3515625,110983.4609375,110896.0703125,110938.1171875,138960896
2025-10-21 22:00:00+00:00,110450.671875,110916.078125,110406.3046875,110916.078125,0
2025-10-21 22:15:00+00:00,109708.8125,110545.578125,109708.8125,110494.5546875,2018246656
2025-10-21 22:30:00+00:00,109192.578125,109828.859375,108824.2890625,109828.859375,2860744704
2025-10-21 22:45:00+00:00,109067.3828125,109400.4765625,109029.2578125,109269.453125,1351467008
2025-10-21 23:00:00+00:00,109252.140625,109343.40625,109045.0703125,109110.84375,1622786048
2025-10-21 23:15:00+00:00,109254.7109375,109479.4296875,109222.3046875,109259.9375,182599680
2025-10-21 23:30:00+00:00,108476.4296875,109227.6484375,108283.7578125,109227.6484375,1283473408
2025-10-21 23:45:00+00:00,108400.8828125,108627.1953125,108400.8828125,108627.1953125,719536128
2025-10-22 00:00:00+00:00,108535.1640625,108551.78125,108308.9765625,108380.0078125,1483538432
2025-10-22 00:15:00+00:00,108187.21875,108612.0,108187.21875,108612.0,656211968
2025-10-22 00:30:00+00:00,108069.53125,108295.0,107990.3359375,108060.828125,179036160
2025-10-22 00:45:00+00:00,108117.6953125,108264.859375,108117.6953125,108120.96875,1273126912
2025-10-22 01:00:00+00:00,108488.765625,108488.765625,108065.5390625,108065.5390625,691691520
2025-10-22 01:15:00+00:00,108309.9453125,108338.859375,108139.9375,108314.46875,1284005888
2025-10-22 01:30:00+00:00,108232.5234375,108259.21875,108117.921875,108148.4921875,1338146816
2025-10-22 01:45:00+00:00,108429.015625,108429.015625,108249.5390625,108306.0859375,798007296
2025-10-22 02:00:00+00:00,108561.921875,108561.921875,108424.5859375,108424.5859375,0
2025-10-22 02:15:00+00:00,108575.8515625,108650.078125,108551.0546875,108650.078125,726589440
2025-10-22 02:30:00+00:00,108365.4609375,108642.5625,108358.0078125,108642.5625,812892160
2025-10-22 02:45:00+00:00,108344.375,108367.6875,108311.5,108321.125,1003610112
2025-10-22 03:00:00+00:00,108244.25,108255.3359375,108219.34375,108223.8046875,2245967872
2025-10-22 03:15:00+00:00,108206.546875,108206.546875,107950.9765625,108085.5390625,1015521280
2025-10-22 03:30:00+00:00,108079.6328125,108215.1328125,108051.15625,108208.7578125,1097744384
2025-10-22 03:45:00+00:00,108249.3671875,108249.3671875,108078.1640625,108078.1640625,140476416
2025-10-22 04:00:00+00:00,108481.0859375,108522.328125,108221.890625,108272.5546875,0
2025-10-22 04:15:00+00:00,108439.78125,108576.71875,108439.78125,108494.109375,11649024
2025-10-22 04:30:00+00:00,108536.3046875,108597.1796875,108436.140625,108436.140625,712933376
2025-10-22 04:45:00+00:00,108652.3046875,108652.3046875,108533.90625,108533.90625,69033984
2025-10-22 05:00:00+00:00,108475.3828125,108673.1171875,108425.453125,108660.0,657481728
2025-10-22 05:15:00+00:00,108060.796875,108433.1796875,108047.96875,108422.9609375,0
2025-10-22 05:30:00+00:00,108049.2109375,108140.7578125,107948.109375,108110.15625,457285632
2025-10-22 05:45:00+00:00,108213.625,108236.2265625,108012.9375,108017.2890625,373170176
2025-10-22 06:00:00+00:00,108153.015625,108226.359375,108117.96875,108225.796875,706715648
2025-10-22 06:15:00+00:00,108342.2265625,108383.28125,108147.9375,108176.1328125,133496832
2025-10-22 06:30:00+00:00,108061.5859375,108324.859375,108061.5859375,108301.7109375,917520384
2025-10-22 06:45:00+00:00,108066.21875,108125.640625,108036.640625,108094.484375,871735296
2025-10-22 07:00:00+00:00,107793.2890625,108056.203125,107747.625,108053.5078125,415531008
2025-10-22 07:15:00+00:00,108013.328125,108013.328125,107701.4140625,107701.4140625,378552320
2025-10-22 07:30:00+00:00,108234.2890625,108334.6953125,108016.484375,108032.765625,924327936
2025-10-22 07:45:00+00:00,108344.0,108344.0,108158.8828125,108228.171875,1034813440
2025-10-22 08:00:00+00:00,108145.375,108383.4765625,108145.375,108383.4765625,245694464
2025-10-22 08:15:00+00:00,108362.5625,108362.5625,108148.3984375,108155.8359375,0
2025-10-22 08:30:00+00:00,108328.1640625,108381.8984375,108244.953125,108381.8984375,1112588288
2025-10-22 08:45:00+00:00,108288.5078125,108395.0078125,108276.9375,108354.203125,68517888
2025-10-22 09:00:00+00:00,108089.9296875,108295.78125,108089.9296875,108280.34375,158941184
2025-10-22 09:15:00+00:00,108161.8828125,108161.8828125,107944.03125,108071.71875,345726976
2025-10-22 09:30:00+00:00,107964.546875,108302.5,107964.546875,108261.8984375,1156079616
2025-10-22 09:45:00+00:00,108006.6171875,108080.328125,107867.6015625,107867.6015625,236003328
2025-10-22 10:00:00+00:00,108010.2109375,108076.234375,107945.3515625,108020.21875,43769856
2025-10-22 10:15:00+00:00,107978.3828125,108137.5234375,107904.8125,108002.9765625,385966080
2025-10-22 10:30:00+00:00,107882.09375,108028.6015625,107882.09375,107965.0390625,1311440896
2025-10-22 10:45:00+00:00,107698.8125,107917.953125,107698.8125,107917.953125,195166208
2025-10-22 11:00:00+00:00,107968.4296875,107968.4296875,106965.2265625,107724.890625,2223906816
2025-10-22 11:15:00+00:00,107893.8671875,108180.2265625,107861.421875,107981.75,793378816
2025-10-22 11:30:00+00:00,107832.4921875,108028.28125,107832.4921875,107885.75,480657408
2025-10-22 11:45:00+00:00,107582.3359375,107794.3125,107432.625,107792.6640625,646668288
2025-10-22 12:00:00+00:00,107801.125,107801.125,107561.6484375,107596.7578125,520413184
2025-10-22 12:15:00+00:00,108122.2421875,108122.2421875,107758.828125,107758.828125,1093656576
2025-10-22 12:30:00+00:00,108293.6171875,108293.6171875,108058.6953125,108081.796875,2411528192
2025-10-22 12:45:00+00:00,108066.890625,108258.3828125,108047.71875,108258.3828125,77676544
2025-10-22 13:00:00+00:00,108337.703125,108337.703125,107993.078125,108082.375,125059072
2025-10-22 13:15:00+00:00,108186.8671875,108390.03125,108186.8671875,108390.03125,1058062336
2025-10-22 13:30:00+00:00,108233.875,108404.125,107787.2421875,108162.1796875,978804736
2025-10-22 13:45:00+00:00,108915.3203125,108915.3203125,107968.9921875,108150.6328125,236609536
2025-10-22 14:00:00+00:00,108242.3046875,108753.3046875,108175.015625,108753.3046875,1661263872
2025-10-22 14:15:00+00:00,108020.25,108322.546875,107705.8046875,108199.2421875,1922605056
2025-10-22 14:30:00+00:00,107937.3125,108125.9765625,107811.703125,107879.390625,802660352
2025-10-22 14:45:00+00:00,108796.15625,108796.15625,107775.1875,107832.7578125,967311360
2025-10-22 15:00:00+00:00,108528.6328125,109070.765625,108528.6328125,108899.4140625,0
2025-10-22 15:15:00+00:00,107946.8125,108441.359375,107869.09375,108441.359375,8206000128
2025-10-22 15:30:00+00:00,108419.046875,108510.265625,107864.90625,107864.90625,225632256
2025-10-22 15:45:00+00:00,108365.640625,108641.84375,108348.09375,108519.5234375,0
2025-10-22 16:00:00+00:00,108486.984375,108591.125,108383.1796875,108403.4609375,1831837696
2025-10-22 16:15:00+00:00,108617.15625,108617.15625,108136.4296875,108430.65625,793591808
2025-10-22 16:30:00+00:00,108454.90625,108731.6328125,107983.03125,108552.9921875,1360404480
2025-10-22 16:45:00+00:00,108415.078125,108617.296875,108251.1484375,108449.625,182239232
2025-10-22 17:00:00+00:00,108185.9609375,108284.7265625,108090.90625,108242.5,0
2025-10-22 17:15:00+00:00,107948.328125,108192.0234375,107948.328125,108192.0234375,0
2025-10-22 17:30:00+00:00,107799.03125,108198.8984375,107797.3984375,107946.390625,267960320
2025-10-22 17:45:00+00:00,107781.3125,107952.8359375,107630.890625,107841.4140625,0
2025-10-22 18:00:00+00:00,107887.53125,107952.5390625,107770.359375,107770.359375,603668480
2025-10-22 18:15:00+00:00,107941.0546875,107973.71875,107530.6953125,107785.0625,644898816
2025-10-22 18:30:00+00:00,107992.6953125,108183.5,107966.765625,107989.8984375,471293952
2025-10-22 18:45:00+00:00,107978.9296875,108045.859375,107907.9453125,107965.796875,0
2025-10-22 19:00:00+00:00,108122.8828125,108324.96875,107993.21875,108004.9140625,1115045888
2025-10-22 19:15:00+00:00,108173.8515625,108374.390625,108159.328125,108159.328125,86786048
2025-10-22 19:30:00+00:00,108070.0546875,108210.9921875,108061.796875,108153.484375,836288512
2025-10-22 19:45:00+00:00,107788.953125,108055.8671875,107788.953125,108041.859375,23314432
2025-10-22 20:00:00+00:00,107955.2109375,108003.6796875,107837.4140625,107837.4140625,1910374400
2025-10-22 20:15:00+00:00,107695.8359375,107924.4765625,107672.7578125,107924.4765625,0
2025-10-22 20:30:00+00:00,107894.3984375,107915.3671875,107576.484375,107654.375,1677983744
2025-10-22 20:45:00+00:00,107658.9375,107885.6796875,107511.5234375,107885.6796875,395542528
2025-10-22 21:00:00+00:00,107012.2578125,107676.765625,106862.5,107676.765625,1147879424
2025-10-22 21:15:00+00:00,106813.421875,107289.0703125,106813.421875,107135.9453125,356139008
2025-10-22 21:30:00+00:00,107043.890625,107052.1015625,106793.546875,106793.546875,1364393984
2025-10-22 21:45:00+00:00,107200.1015625,107295.4296875,107012.2265625,107012.2265625,56680448
2025-10-22 22:00:00+00:00,107437.84375,107575.0390625,107178.5078125,107178.5078125,0
2025-10-22 22:15:00+00:00,107082.0390625,107437.0625,106988.8359375,107437.0625,623788032
2025-10-22 22:30:00+00:00,107304.84375,107304.84375,107045.2890625,107045.2890625,722255872
2025-10-22 22:45:00+00:00,107207.0,107307.328125,107086.421875,107307.328125,760561664
2025-10-22 23:00:00+00:00,107489.484375,107563.484375,107232.046875,107232.046875,0
2025-10-22 23:15:00+00:00,107820.765625,107856.75,107439.5234375,107439.5234375,37593088
2025-10-22 23:30:00+00:00,107674.9140625,107885.4609375,107674.9140625,107795.203125,54837248
2025-10-22 23:45:00+00:00,107719.2890625,107719.2890625,107618.4296875,107661.2734375,727973888
2025-10-23 00:00:00+00:00,107726.9765625,107726.9765625,107563.6640625,107609.4375,0
2025-10-23 00:15:00+00:00,107599.015625,107811.5,107585.8046875,107692.5546875,0
2025-10-23 00:30:00+00:00,107731.84375,107836.65625,107610.375,107610.375,373407744
2025-10-23 00:45:00+00:00,107881.53125,107961.6640625,107752.515625,107758.3203125,819191808
2025-10-23 01:00:00+00:00,108298.59375,108333.2265625,107858.5,107872.484375,0
2025-10-23 01:15:00+00:00,108178.4296875,108468.859375,108158.9375,108341.0703125,982458368
2025-10-23 01:30:00+00:00,108283.6953125,108339.71875,108206.6953125,108220.65625,871514112
2025-10-23 01:45:00+00:00,108196.21875,108276.6953125,108187.8984375,108267.7890625,0
2025-10-23 02:00:00+00:00,108179.53125,108184.5,108118.859375,108181.25,572047360
2025-10-23 02:15:00+00:00,108258.7265625,108401.4453125,108178.984375,108178.984375,823664640
2025-10-23 02:30:00+00:00,108278.3671875,108335.4140625,108239.0234375,108273.4765625,0
2025-10-23 02:45:00+00:00,108371.84375,108371.84375,108260.03125,108300.7890625,748969984
2025-10-23 03:00:00+00:00,108550.453125,108573.4453125,108392.9609375,108428.1953125,566755328
2025-10-23 03:15:00+00:00,108727.1953125,108727.1953125,108529.0234375,108529.0234375,785719296
2025-10-23 03:30:00+00:00,108551.9375,108726.9453125,108543.546875,108719.15625,753451008
2025-10-23 03:45:00+00:00,108404.8828125,108478.2734375,108385.703125,108478.2734375,133373952
2025-10-23 04:00:00+00:00,108405.984375,108489.453125,108405.984375,108407.25,0
2025-10-23 04:15:00+00:00,108607.9140625,108615.46875,108401.6875,108401.6875,13139968
2025-10-23 04:30:00+00:00,108953.1953125,108953.1953125,108530.734375,108593.828125,810868736
2025-10-23 04:45:00+00:00,108748.9296875,108894.484375,108748.9296875,108894.484375,182796288
2025-10-23 05:00:00+00:00,108817.0,108837.2734375,108714.7421875,108726.328125,996450304
2025-10-23 05:15:00+00:00,108802.6796875,108856.5859375,108802.6796875,108847.9140625,523993088
2025-10-23 05:30:00+00:00,108741.484375,108810.7109375,108728.375,108810.7109375,0
2025-10-23 05:45:00+00:00,108999.0859375,108999.0859375,108719.203125,108719.203125,544980992
2025-10-23 06:00:00+00:00,109050.390625,109056.34375,108914.8203125,108987.703125,110526464
2025-10-23 06:15:00+00:00,109974.796875,110106.921875,109113.875,109113.875,1274290176
2025-10-23 06:30:00+00:00,110029.28125,110085.625,109850.9765625,110043.21875,508837888
2025-10-23 06:45:00+00:00,110241.6484375,110241.6484375,110051.6484375,110051.6484375,264323072
2025-10-23 07:00:00+00:00,109946.046875,110241.65625,109946.046875,110241.65625,754573312
2025-10-23 07:15:00+00:00,109549.125,109885.4375,109459.3671875,109853.7578125,316448768
2025-10-23 07:30:00+00:00,109390.703125,109612.9765625,109296.546875,109588.125,43687936
2025-10-23 07:45:00+00:00,109303.3203125,109559.8984375,109295.421875,109455.796875,589381632
2025-10-23 08:00:00+00:00,109723.78125,109724.3671875,109303.4765625,109303.4765625,678158336
2025-10-23 08:15:00+00:00,109739.640625,109848.3046875,109685.265625,109737.3125,238313472
2025-10-23 08:30:00+00:00,109578.9453125,109789.7578125,109485.78125,109789.7578125,711540736
2025-10-23 08:45:00+00:00,109511.3515625,109669.421875,109461.390625,109605.0390625,858120192
2025-10-23 09:00:00+00:00,109271.6171875,109549.5859375,109237.9375,109531.984375,681238528
2025-10-23 09:15:00+00:00,109382.390625,109405.21875,109187.59375,109204.5703125,180633600
2025-10-23 09:30:00+00:00,109401.7265625,109455.21875,109387.6328125,109391.015625,0
2025-10-23 09:45:00+00:00,109459.484375,109473.1328125,109328.4375,109396.625,323420160
2025-10-23 10:00:00+00:00,109581.2890625,109581.2890625,109445.8125,109445.8125,66125824
2025-10-23 10:15:00+00:00,109576.5703125,109694.34375,109569.2421875,109581.3984375,104890368
2025-10-23 10:30:00+00:00,109485.34375,109559.171875,109459.125,109559.171875,1384849408
2025-10-23 10:45:00+00:00,109508.765625,109575.5390625,109466.8125,109482.59375,16785408
2025-10-23 11:00:00+00:00,109411.609375,109497.5703125,109411.609375,109464.9765625,0
2025-10-23 11:15:00+00:00,109645.515625,109645.515625,109389.3359375,109429.046875,0
2025-10-23 11:30:00+00:00,109234.390625,109573.046875,109226.65625,109573.046875,0
2025-10-23 11:45:00+00:00,109244.2265625,109295.59375,109192.984375,109223.5703125,40681472
2025-10-23 12:00:00+00:00,109015.640625,109274.3203125,108804.1796875,109274.3203125,303636480
2025-10-23 12:15:00+00:00,109160.328125,109179.4921875,108919.9765625,108994.0703125,751902720
2025-10-23 12:30:00+00:00,109081.125,109165.8984375,108899.78125,109165.8984375,1118978048
2025-10-23 12:45:00+00:00,109109.53125,109161.671875,109089.609375,109092.25,160735232
2025-10-23 13:00:00+00:00,109006.6015625,109181.0703125,108894.0625,109181.0703125,5275648
2025-10-23 13:15:00+00:00,109153.59375,109153.59375,108984.1875,109064.7265625,27205632
2025-10-23 13:30:00+00:00,109312.359375,109553.5625,109129.875,109156.265625,540614656
2025-10-23 13:45:00+00:00,109432.5390625,109585.0390625,109341.578125,109391.6640625,868114432
2025-10-23 14:00:00+00:00,109158.71875,109512.546875,109121.4765625,109512.359375,0
2025-10-23 14:15:00+00:00,109362.515625,109428.21875,108904.296875,108918.1796875,1149677568
2025-10-23 14:30:00+00:00,109579.1171875,109803.765625,109367.078125,109367.078125,338649088
2025-10-23 14:45:00+00:00,109597.703125,109725.2421875,109473.65625,109592.875,0
2025-10-23 15:00:00+00:00,109819.4453125,110000.5546875,109591.5546875,109618.671875,0
2025-10-23 15:15:00+00:00,109731.2109375,109926.90625,109616.890625,109854.0859375,704270336
2025-10-23 15:30:00+00:00,109958.0625,110099.7890625,109812.234375,109812.234375,716279808
2025-10-23 15:45:00+00:00,109981.8828125,110051.4375,109740.8828125,109740.8828125,671154176
2025-10-23 16:00:00+00:00,110048.1640625,110051.8046875,109860.140625,109975.2421875,973365248
2025-10-23 16:15:00+00:00,109899.5078125,110109.125,109899.5078125,110044.4140625,85725184
2025-10-23 16:30:00+00:00,109803.21875,109927.2265625,109724.3984375,109880.71875,301834240
2025-10-23 16:45:00+00:00,110312.9921875,110527.9375,109855.9140625,109855.9140625,0
2025-10-23 17:00:00+00:00,109969.8671875,110293.171875,109753.390625,110293.171875,891478016
2025-10-23 17:15:00+00:00,110123.96875,110161.1171875,109967.9375,109967.9375,75194368
2025-10-23 17:30:00+00:00,110856.2578125,110943.0234375,110223.1484375,110223.1484375,1489817600
2025-10-23 17:45:00+00:00,111233.1875,111244.796875,110803.140625,110803.140625,668033024
2025-10-23 18:00:00+00:00,110957.1328125,111282.578125,110957.1328125,111254.34375,2309615616
2025-10-23 18:15:00+00:00,110603.3203125,110874.6640625,110581.5,110823.3515625,139542528
2025-10-23 18:30:00+00:00,110503.3046875,110595.8203125,110448.75,110595.8203125,110166016
2025-10-23 18:45:00+00:00,110589.453125,110636.0859375,110357.1484375,110543.2734375,103096320
2025-10-23 19:00:00+00:00,110409.1328125,110591.90625,110193.8515625,110591.90625,471670784
2025-10-23 19:15:00+00:00,110570.6796875,110570.6796875,110270.7265625,110410.1015625,560840704
2025-10-23 19:30:00+00:00,110445.3515625,110585.5546875,110398.5625,110585.5546875,0
2025-10-23 19:45:00+00:00,110331.484375,110585.109375,110309.8671875,110400.125,585728
2025-10-23 20:00:00+00:00,109921.03125,110272.0546875,109921.03125,110272.0546875,552181760
2025-10-23 20:15:00+00:00,110007.2734375,110023.3515625,109939.4296875,109962.0859375,140656640
2025-10-23 20:30:00+00:00,109907.1875,110088.140625,109907.1875,110004.4296875,648417280
2025-10-23 20:45:00+00:00,109521.6171875,109936.6796875,109521.6171875,109919.625,510246912
2025-10-23 21:00:00+00:00,109675.6796875,109726.09375,109519.234375,109570.0859375,541634560
2025-10-23 21:15:00+00:00,109717.7578125,109758.5390625,109657.5390625,109683.671875,0
2025-10-23 21:30:00+00:00,109574.8125,109698.8828125,109499.78125,109698.8828125,765136896
2025-10-23 21:45:00+00:00,109584.6328125,109659.578125,109490.9609375,109490.9609375,0
2025-10-23 22:00:00+00:00,109886.78125,110004.828125,109588.0,109588.0,510910464
2025-10-23 22:15:00+00:00,109954.1484375,109954.1484375,109862.3515625,109880.1953125,8499200
2025-10-23 22:30:00+00:00,110072.4609375,110155.1875,110023.9375,110023.9375,0
2025-10-23 22:45:00+00:00,110011.953125,110095.90625,109958.6171875,110070.6015625,640491520
2025-10-23 23:00:00+00:00,110006.6875,110006.6875,109898.21875,109990.0546875,592486400
2025-10-23 23:15:00+00:00,110084.0546875,110112.546875,110034.7421875,110064.9453125,13713408
2025-10-23 23:30:00+00:00,110082.28125,110110.5625,110032.3359375,110108.4921875,608645120
2025-10-23 23:45:00+00:00,110071.640625,110106.15625,110032.4296875,110106.15625,747102208
2025-10-24 00:00:00+00:00,110226.7890625,110256.640625,110034.703125,110115.0625,0
2025-10-24 00:15:00+00:00,110214.8125,110451.140625,110208.234375,110257.984375,1196544000
2025-10-24 00:30:00+00:00,110508.9140625,110508.9140625,110210.265625,110219.578125,59420672
2025-10-24 00:45:00+00:00,110572.96875,110694.5859375,110430.2109375,110430.2109375,1208250368
2025-10-24 01:00:00+00:00,110595.640625,110683.8984375,110556.90625,110563.34375,709447680
2025-10-24 01:15:00+00:00,110301.671875,110578.390625,110301.671875,110578.390625,0
2025-10-24 01:30:00+00:00,110439.15625,110439.15625,110272.3046875,110272.3046875,597680128
2025-10-24 01:45:00+00:00,110628.7578125,110671.875,110442.1171875,110442.1171875,103170048
2025-10-24 02:00:00+00:00,110488.7890625,110617.171875,110472.5625,110597.9453125,74887168
2025-10-24 02:15:00+00:00,110474.5703125,110572.8984375,110392.78125,110488.3828125,676257792
2025-10-24 02:30:00+00:00,110629.8671875,110629.8671875,110449.8359375,110460.96875,76976128
2025-10-24 02:45:00+00:00,110714.453125,110779.78125,110655.125,110701.359375,103526400
2025-10-24 03:00:00+00:00,110516.5,110667.6953125,110496.4921875,110667.6953125,680017920
2025-10-24 03:15:00+00:00,110515.28125,110575.5078125,110503.3125,110526.515625,0
2025-10-24 03:30:00+00:00,110528.078125,110528.078125,110358.328125,110474.6875,0
2025-10-24 03:45:00+00:00,110477.9296875,110488.0,110367.078125,110468.640625,109211648
2025-10-24 04:00:00+00:00,110555.2109375,110555.2109375,110406.65625,110489.25,0
2025-10-24 04:15:00+00:00,110979.53125,110995.703125,110587.1328125,110618.421875,783761408
2025-10-24 04:30:00+00:00,111172.7421875,111382.0859375,110979.15625,110979.15625,1204404224
2025-10-24 04:45:00+00:00,111240.5234375,111321.1640625,111188.546875,111188.546875,89739264
2025-10-24 05:00:00+00:00,111134.0390625,111231.5625,111038.7734375,111229.3515625,903213056
2025-10-24 05:15:00+00:00,111075.515625,111172.75,111008.4453125,111161.2109375,847589376
2025-10-24 05:30:00+00:00,111170.09375,111289.8671875,111034.1015625,111034.1015625,11612160
2025-10-24 05:45:00+00:00,111293.5859375,111303.7109375,111174.21875,111174.21875,929284096
2025-10-24 06:00:00+00:00,111252.3671875,111285.53125,111201.53125,111277.9453125,632967168
2025-10-24 06:15:00+00:00,111319.609375,111342.9140625,111198.8671875,111253.921875,139083776
2025-10-24 06:30:00+00:00,111467.6328125,111491.9296875,111305.4921875,111305.4921875,0
2025-10-24 06:45:00+00:00,111496.4921875,111496.4921875,111414.6875,111459.328125,0
2025-10-24 07:00:00+00:00,111148.71875,111480.4921875,111148.71875,111480.4921875,679391232
2025-10-24 07:15:00+00:00,111199.03125,111199.0546875,111145.4453125,111145.4453125,0
2025-10-24 07:30:00+00:00,111079.390625,111246.015625,111079.390625,111213.65625,583573504
2025-10-24 07:45:00+00:00,111111.8203125,111111.8203125,110839.984375,110980.3359375,721240064
2025-10-24 08:00:00+00:00,111172.40625,111172.40625,110883.5859375,111097.8515625,574988288
2025-10-24 08:15:00+00:00,110895.1328125,111134.3828125,110895.1328125,111134.3828125,0
2025-10-24 08:30:00+00:00,111070.0703125,111070.0703125,110770.6796875,110857.078125,826724352
2025-10-24 08:45:00+00:00,111116.984375,111206.53125,111111.3828125,111118.6640625,184827904
2025-10-24 09:00:00+00:00,111363.734375,111363.734375,111038.4609375,111125.328125,826572800
2025-10-24 09:15:00+00:00,111434.0234375,111434.0234375,111337.6328125,111343.6484375,143671296
2025-10-24 09:30:00+00:00,111363.7265625,111434.0234375,111293.2421875,111434.0234375,810020864
2025-10-24 09:45:00+00:00,111325.984375,111477.671875,111300.765625,111374.15625,144560128
2025-10-24 10:00:00+00:00,111286.84375,111342.21875,111238.2265625,111337.765625,4059136
2025-10-24 10:15:00+00:00,111116.6328125,111291.921875,111110.8359375,111291.921875,100397056
2025-10-24 10:30:00+00:00,111177.4609375,111267.2265625,111102.890625,111102.890625,875933696
2025-10-24 10:45:00+00:00,111185.1953125,111225.7578125,111135.5390625,111187.1953125,864575488
2025-10-24 11:00:00+00:00,111250.3359375,111250.3359375,111096.96875,111157.765625,56258560
2025-10-24 11:15:00+00:00,111130.90625,111251.3359375,111126.828125,111237.296875,629104640
2025-10-24 11:30:00+00:00,111004.40625,111135.7109375,110664.8984375,111132.8359375,43487232
2025-10-24 11:45:00+00:00,111063.3984375,111095.453125,110927.4140625,111004.34375,191635456
2025-10-24 12:00:00+00:00,111246.015625,111246.015625,111150.4453125,111150.4453125,613756928
2025-10-24 12:15:00+00:00,110954.0078125,111219.3671875,110934.9609375,111219.3671875,1471721472
2025-10-24 12:30:00+00:00,111470.609375,111842.53125,111013.4296875,111013.4296875,939192320
2025-10-24 12:45:00+00:00,111312.21875,111541.484375,111279.6015625,111527.3359375,2664882176
2025-10-24 13:00:00+00:00,111279.421875,111443.53125,111255.3203125,111308.734375,1816915968
2025-10-24 13:15:00+00:00,111281.09375,111386.625,111204.7265625,111238.671875,130568192
2025-10-24 13:30:00+00:00,110854.1171875,111286.2109375,110805.546875,111286.2109375,602750976
2025-10-24 13:45:00+00:00,110897.4765625,110933.3515625,110467.8671875,110753.3359375,449966080
2025-10-24 14:00:00+00:00,110496.125,110953.1171875,110390.671875,110953.1171875,273375232
2025-10-24 14:15:00+00:00,109956.1953125,110615.2265625,109832.2109375,110615.2265625,578617344
2025-10-24 14:30:00+00:00,110097.78125,110202.765625,109876.234375,110024.7109375,465657856
2025-10-24 14:45:00+00:00,110167.1171875,110167.1171875,109954.21875,110093.2734375,570650624
2025-10-24 15:00:00+00:00,110525.6640625,110525.6640625,110090.390625,110209.0390625,752455680
2025-10-24 15:15:00+00:00,110542.1171875,110587.9921875,110373.15625,110495.796875,317558784
2025-10-24 15:30:00+00:00,110153.015625,110593.2578125,110153.015625,110578.4765625,340054016
2025-10-24 15:45:00+00:00,110044.8046875,110180.4140625,110012.7265625,110161.015625,530464768
2025-10-24 16:00:00+00:00,110017.3046875,110095.2890625,109866.6953125,110065.1015625,129667072
2025-10-24 16:15:00+00:00,110334.59375,110334.59375,110048.0,110048.0,861683712
2025-10-24 16:30:00+00:00,110028.2265625,110382.6640625,109968.21875,110382.6640625,36982784
2025-10-24 16:45:00+00:00,110277.1015625,110310.0078125,110018.3828125,110018.3828125,615186432
2025-10-24 17:00:00+00:00,110301.7734375,110470.8203125,110259.1796875,110288.8828125,0
2025-10-24 17:15:00+00:00,110509.9375,110588.8671875,110258.2734375,110271.4296875,838516736
2025-10-24 17:30:00+00:00,110346.46875,110480.265625,110346.46875,110475.6015625,657973248
2025-10-24 17:45:00+00:00,110281.2734375,110400.1796875,110281.2734375,110381.0,535314432
2025-10-24 18:00:00+00:00,110508.9140625,110508.9140625,110195.2890625,110288.1796875,599461888
2025-10-24 18:15:00+00:00,110528.9296875,110622.546875,110501.390625,110501.390625,0
2025-10-24 18:30:00+00:00,110519.890625,110567.3828125,110468.3203125,110536.7109375,625532928
2025-10-24 18:45:00+00:00,110640.734375,110640.734375,110540.21875,110578.203125,131694592
2025-10-24 19:00:00+00:00,110760.2109375,110842.9765625,110625.453125,110625.453125,667512832
2025-10-24 19:15:00+00:00,110941.1796875,110941.1796875,110759.484375,110759.484375,10563584
2025-10-24 19:30:00+00:00,110717.4765625,110937.9453125,110710.4375,110937.9453125,875098112
2025-10-24 19:45:00+00:00,110626.46875,110750.2265625,110580.640625,110750.2265625,736346112
2025-10-24 20:00:00+00:00,110643.359375,110668.9296875,110541.46875,110648.4375,605880320
2025-10-24 20:15:00+00:00,110775.90625,110777.59375,110656.2421875,110656.2421875,7180288
2025-10-24 20:30:00+00:00,110810.984375,110810.984375,110728.421875,110763.125,93814784
2025-10-24 20:45:00+00:00,110871.09375,110989.28125,110791.859375,110805.328125,1263960064
2025-10-24 21:00:00+00:00,110722.0234375,111013.4375,110669.4609375,110905.3671875,848433152
2025-10-24 21:15:00+00:00,110839.8828125,111037.640625,110710.171875,110710.171875,1011970048
2025-10-24 21:30:00+00:00,111015.1328125,111015.1328125,110890.4765625,110890.4765625,67891200
2025-10-24 21:45:00+00:00,111121.0234375,111121.0234375,111002.828125,111038.6875,657317888
2025-10-24 22:00:00+00:00,111053.3359375,111113.4609375,110981.0,111113.4609375,650797056
2025-10-24 22:15:00+00:00,111090.5,111109.625,111008.34375,111008.34375,719613952
2025-10-24 22:30:00+00:00,111088.7734375,111148.140625,111075.3125,111093.2578125,565157888
2025-10-24 22:45:00+00:00,111079.984375,111089.9609375,110988.0234375,111089.9609375,0
2025-10-24 23:00:00+00:00,110949.6796875,111064.984375,110930.984375,111064.984375,33550336
2025-10-24 23:15:00+00:00,111085.0390625,111089.7734375,110926.578125,110938.6875,648392704
2025-10-24 23:30:00+00:00,110993.3671875,111163.3125,110993.3671875,111080.6640625,702783488
2025-10-24 23:45:00+00:00,111001.2421875,111014.8984375,110990.90625,110991.6875,0
2025-10-25 00:00:00+00:00,110950.7109375,111072.5234375,110939.6875,111042.21875,57278464
2025-10-25 00:15:00+00:00,110889.4765625,110947.5390625,110859.9921875,110947.5390625,0
2025-10-25 00:30:00+00:00,110819.2890625,110872.6328125,110750.7890625,110871.7890625,0
2025-10-25 00:45:00+00:00,110744.3671875,110962.40625,110704.40625,110819.5390625,610115584
2025-10-25 01:00:00+00:00,110917.5625,110917.5625,110797.140625,110797.140625,569856000
2025-10-25 01:15:00+00:00,111147.1875,111147.1875,110885.0546875,110928.9296875,0
2025-10-25 01:30:00+00:00,110995.796875,111227.4296875,110995.796875,111139.3828125,730230784
2025-10-25 01:45:00+00:00,111050.875,111070.25,110990.40625,110990.40625,0
2025-10-25 02:00:00+00:00,110987.640625,111125.46875,110987.640625,111107.0,657965056
2025-10-25 02:15:00+00:00,111032.3359375,111045.84375,111010.8984375,111014.390625,674332672
2025-10-25 02:30:00+00:00,111024.8828125,111046.4921875,111004.0859375,111026.6328125,0
2025-10-25 02:45:00+00:00,111086.2578125,111151.046875,111022.9453125,111027.4765625,695242752
2025-10-25 03:00:00+00:00,111048.3984375,111129.2890625,111045.9921875,111093.7421875,46866432
2025-10-25 03:15:00+00:00,111100.4453125,111147.015625,111075.7734375,111075.7734375,753582080
2025-10-25 03:30:00+00:00,111106.3046875,111139.0625,111099.84375,111110.5,0
2025-10-25 03:45:00+00:00,111074.65625,111115.7890625,111046.234375,111115.7890625,0
2025-10-25 04:00:00+00:00,111148.40625,111173.9453125,111056.578125,111056.578125,0
2025-10-25 04:15:00+00:00,111351.515625,111453.0234375,111184.8828125,111184.8828125,730451968
2025-10-25 04:30:00+00:00,111338.609375,111369.765625,111292.390625,111340.0,0
2025-10-25 04:45:00+00:00,111298.0,111341.25,111298.0,111333.8828125,0
2025-10-25 05:00:00+00:00,111170.1328125,111275.5078125,111164.2421875,111255.6875,653205504
2025-10-25 05:15:00+00:00,111191.265625,111235.34375,111115.140625,111169.0390625,664551424
2025-10-25 05:30:00+00:00,111299.703125,111328.9453125,111203.4140625,111203.4140625,679505920
2025-10-25 05:45:00+00:00,111360.046875,111405.9296875,111311.015625,111311.015625,631664640
2025-10-25 06:00:00+00:00,111426.03125,111503.484375,111359.484375,111490.4609375,756572160
2025-10-25 06:15:00+00:00,111367.4609375,111429.609375,111366.2421875,111423.1875,664834048
2025-10-25 06:30:00+00:00,111357.65625,111367.984375,111307.28125,111367.984375,771952640
2025-10-25 06:45:00+00:00,111397.140625,111450.4609375,111370.3359375,111370.3359375,38834176
2025-10-25 07:00:00+00:00,111459.765625,111479.2890625,111403.0390625,111405.796875,0
2025-10-25 07:15:00+00:00,111684.28125,111704.375,111461.921875,111461.921875,123838464
2025-10-25 07:30:00+00:00,111581.765625,111735.1875,111538.2734375,111652.078125,877264896
2025-10-25 07:45:00+00:00,111519.5625,111578.703125,111491.796875,111578.703125,0
2025-10-25 08:00:00+00:00,111595.3515625,111595.3515625,111503.421875,111525.0859375,0
2025-10-25 08:15:00+00:00,111690.90625,111707.765625,111578.7578125,111603.4296875,88264704
2025-10-25 08:30:00+00:00,111599.4921875,111690.8359375,111572.9140625,111673.3984375,0
2025-10-25 08:45:00+00:00,111785.328125,111785.328125,111613.4765625,111613.4765625,42725376
2025-10-25 09:00:00+00:00,111794.125,111840.796875,111725.75,111784.2265625,3112960
2025-10-25 09:15:00+00:00,111675.0859375,111806.453125,111642.28125,111806.453125,820142080
2025-10-25 09:30:00+00:00,111705.484375,111758.9140625,111659.5703125,111696.7734375,0
2025-10-25 09:45:00+00:00,111543.375,111722.625,111532.4375,111720.2578125,112648192
2025-10-25 10:00:00+00:00,111445.609375,111613.609375,111445.609375,111540.1328125,810590208
2025-10-25 10:15:00+00:00,111550.0703125,111590.4453125,111445.4140625,111445.4140625,113655808
2025-10-25 10:30:00+00:00,111699.1796875,111699.328125,111513.125,111547.953125,205160448
2025-10-25 10:45:00+00:00,111633.953125,111737.9921875,111633.953125,111697.71875,77647872
2025-10-25 11:00:00+00:00,111561.984375,111614.4921875,111561.984375,111614.4921875,917299200
2025-10-25 11:15:00+00:00,111646.6015625,111646.6015625,111556.140625,111556.140625,708120576
2025-10-25 11:30:00+00:00,111601.0859375,111677.3828125,111601.0859375,111649.625,0
2025-10-25 11:45:00+00:00,111606.1484375,111676.765625,111599.7109375,111610.3125,661680128
2025-10-25 12:00:00+00:00,111665.65625,111672.3359375,111579.3828125,111598.2890625,0
2025-10-25 12:15:00+00:00,111729.5546875,111729.5546875,111664.8515625,111689.578125,0
2025-10-25 12:30:00+00:00,111717.4140625,111729.3125,111690.578125,111729.3125,0
2025-10-25 12:45:00+00:00,111934.421875,111934.421875,111730.71875,111732.234375,1099644928
2025-10-25 13:00:00+00:00,111788.375,111929.3671875,111773.0078125,111929.3671875,1115848704
2025-10-25 13:15:00+00:00,111769.6875,111871.625,111753.4609375,111809.7421875,638013440
2025-10-25 13:30:00+00:00,111631.4609375,111796.890625,111631.4609375,111779.5078125,563929088
2025-10-25 13:45:00+00:00,111678.609375,111678.609375,111573.0,111613.890625,262098944
2025-10-25 14:00:00+00:00,111743.3984375,111755.7109375,111691.109375,111691.109375,348659712
2025-10-25 14:15:00+00:00,111667.3046875,111761.125,111667.3046875,111759.3125,177723392
2025-10-25 14:30:00+00:00,111642.46875,111664.828125,111570.4296875,111664.828125,538087424
2025-10-25 14:45:00+00:00,111602.8203125,111651.0,111594.1796875,111651.0,249858048
2025-10-25 15:00:00+00:00,111463.75,111608.984375,111444.609375,111602.640625,0
2025-10-25 15:15:00+00:00,111472.5625,111472.5625,111451.890625,111451.890625,0
2025-10-25 15:30:00+00:00,111522.4140625,111524.109375,111442.453125,111466.640625,639203328
2025-10-25 15:45:00+00:00,111404.171875,111513.765625,111380.9765625,111508.0078125,565573632
2025-10-25 16:00:00+00:00,111244.015625,111421.3984375,111228.3125,111412.9921875,113039360
2025-10-25 16:15:00+00:00,111267.7890625,111296.2421875,111255.8984375,111255.8984375,0
2025-10-25 16:30:00+00:00,111295.078125,111295.078125,111264.6796875,111264.6796875,0
2025-10-25 16:45:00+00:00,111374.140625,111465.2109375,111294.4609375,111294.4609375,5771415552
2025-10-25 17:00:00+00:00,111466.8046875,111466.8046875,111370.671875,111384.359375,0
2025-10-25 17:15:00+00:00,111377.8984375,111452.4375,111377.8984375,111452.4375,0
2025-10-25 17:30:00+00:00,111344.3125,111386.4140625,111337.9609375,111381.0,1328396288
2025-10-25 17:45:00+00:00,111370.890625,111370.890625,111336.5,111351.7890625,0
2025-10-25 18:00:00+00:00,111437.8671875,111437.8671875,111354.390625,111372.7109375,0
2025-10-25 18:15:00+00:00,111488.203125,111494.515625,111428.1796875,111440.765625,704053248
2025-10-25 18:30:00+00:00,111699.0625,111734.609375,111574.046875,111583.1953125,13070336
2025-10-25 18:45:00+00:00,111696.421875,111708.109375,111632.5390625,111693.2421875,50044928
2025-10-25 19:00:00+00:00,111642.9296875,111726.7890625,111642.9296875,111726.7890625,701528064
2025-10-25 19:15:00+00:00,111676.1640625,111677.515625,111633.921875,111633.921875,724817920
2025-10-25 19:30:00+00:00,111670.9296875,111726.65625,111653.8125,111677.4921875,58675200
2025-10-25 19:45:00+00:00,111622.515625,111671.1796875,111611.6171875,111671.1796875,17799168
2025-10-25 20:00:00+00:00,111634.2734375,111661.4609375,111628.8515625,111628.8515625,193992704
2025-10-25 20:15:00+00:00,111546.015625,111617.796875,111546.015625,111617.796875,0
2025-10-25 20:30:00+00:00,111496.2109375,111556.1875,111432.8046875,111555.7421875,66525184
2025-10-25 20:45:00+00:00,111498.390625,111507.5390625,111488.1640625,111488.1640625,0
2025-10-25 21:00:00+00:00,111449.953125,111470.9609375,111419.8203125,111470.9609375,500740096
2025-10-25 21:15:00+00:00,111417.6953125,111466.75,111411.1875,111466.75,0
2025-10-25 21:30:00+00:00,111371.171875,111429.84375,111371.171875,111422.1484375,0
2025-10-25 21:45:00+00:00,111447.46875,111447.46875,111367.8671875,111370.203125,0
2025-10-25 22:00:00+00:00,111435.96875,111490.9453125,111435.96875,111471.3359375,43712512
2025-10-25 22:15:00+00:00,111495.1484375,111496.71875,111437.0390625,111437.0390625,0
2025-10-25 22:30:00+00:00,111607.09375,111609.578125,111504.296875,111510.75,27287552
2025-10-25 22:45:00+00:00,111667.625,111691.6953125,111600.2890625,111600.2890625,791341056
2025-10-25 23:00:00+00:00,111629.75,111683.109375,111575.34375,111650.7421875,62347264
2025-10-25 23:15:00+00:00,111612.2265625,111665.671875,111583.7109375,111632.1640625,738961408
2025-10-25 23:30:00+00:00,111599.734375,111645.0390625,111566.1484375,111645.0390625,462848
2025-10-25 23:45:00+00:00,111654.6953125,111655.828125,111565.890625,111565.890625,43980800
2025-10-26 00:00:00+00:00,111597.796875,111650.640625,111577.3359375,111650.640625,82577408
2025-10-26 00:15:00+00:00,111656.109375,111656.109375,111591.2421875,111591.2421875,453767168
2025-10-26 00:30:00+00:00,111819.8359375,111844.8359375,111720.4140625,111720.4140625,180346880
2025-10-26 00:45:00+00:00,111745.9296875,111869.8515625,111723.90625,111833.859375,870764544
2025-10-26 01:00:00+00:00,111811.3203125,111827.1953125,111732.203125,111736.3828125,10440704
2025-10-26 01:15:00+00:00,111737.734375,111820.21875,111734.546875,111816.8046875,48715776
2025-10-26 01:30:00+00:00,111774.46875,111774.46875,111727.09375,111743.703125,12294144
2025-10-26 01:45:00+00:00,111635.015625,111788.8125,111608.1328125,111758.703125,133320704
2025-10-26 02:00:00+00:00,111580.2734375,111648.953125,111509.2890625,111648.953125,28495872
2025-10-26 02:15:00+00:00,111596.984375,111604.6875,111561.9609375,111572.296875,89032704
2025-10-26 02:30:00+00:00,111641.9140625,111689.203125,111585.5703125,111623.078125,853960704
2025-10-26 02:45:00+00:00,111474.84375,111623.8984375,111466.53125,111623.8984375,48965632
2025-10-26 03:00:00+00:00,111461.7578125,111476.140625,111438.3046875,111476.140625,35690496
2025-10-26 03:15:00+00:00,111481.8125,111497.46875,111459.2265625,111459.2265625,845326336
2025-10-26 03:30:00+00:00,111362.6640625,111498.2109375,111360.8828125,111498.2109375,0
2025-10-26 03:45:00+00:00,111288.1171875,111324.8515625,111284.1953125,111323.09375,810713088
2025-10-26 04:00:00+00:00,111355.9140625,111355.9140625,111268.546875,111286.78125,729522176
2025-10-26 04:15:00+00:00,111398.8359375,111398.8359375,111331.328125,111356.875,0
2025-10-26 04:30:00+00:00,111423.9296875,111442.4296875,111384.3515625,111390.46875,546816
2025-10-26 04:45:00+00:00,111439.109375,111465.1171875,111432.2265625,111440.4375,57720832
2025-10-26 05:00:00+00:00,111455.3125,111455.3125,111393.90625,111441.8671875,740433920
2025-10-26 05:15:00+00:00,111487.9921875,111495.0,111462.1015625,111467.484375,46254080
2025-10-26 05:30:00+00:00,111607.6015625,111608.3515625,111494.1328125,111494.1328125,891774976
2025-10-26 05:45:00+00:00,111629.78125,111635.4609375,111618.5546875,111622.8828125,0
2025-10-26 06:00:00+00:00,111584.765625,111621.03125,111572.625,111621.03125,660834304
2025-10-26 06:15:00+00:00,111609.7578125,111615.0234375,111557.0234375,111586.140625,55242752
2025-10-26 06:30:00+00:00,111597.203125,111660.3671875,111594.09375,111626.1640625,49975296
2025-10-26 06:45:00+00:00,111630.1640625,111635.4609375,111609.1640625,111618.8359375,743487488
2025-10-26 07:00:00+00:00,111664.328125,111666.3046875,111624.078125,111629.9453125,771696640
2025-10-26 07:15:00+00:00,111674.5234375,111688.6875,111658.3671875,111671.0703125,0
2025-10-26 07:30:00+00:00,111700.4921875,111705.578125,111670.1953125,111674.8671875,0
2025-10-26 07:45:00+00:00,111718.9140625,111726.8828125,111690.59375,111690.59375,5177344
2025-10-26 08:00:00+00:00,111803.390625,111820.7734375,111734.4140625,111734.4140625,742062080
2025-10-26 08:15:00+00:00,111783.4609375,111809.7578125,111779.953125,111805.6640625,0
2025-10-26 08:30:00+00:00,111839.375,111851.1171875,111768.3046875,111793.609375,676763648
2025-10-26 08:45:00+00:00,111797.9609375,111852.90625,111785.953125,111846.859375,0
2025-10-26 09:00:00+00:00,111757.9375,111798.4453125,111757.6015625,111794.4765625,0
2025-10-26 09:15:00+00:00,112698.4375,112698.4375,111741.8125,111741.8125,726054912
2025-10-26 09:30:00+00:00,112312.8125,112692.421875,112312.8125,112681.9609375,43633178624
2025-10-26 09:45:00+00:00,112464.703125,112520.09375,112310.15625,112321.59375,429535232
2025-10-26 10:00:00+00:00,112402.7578125,112549.515625,112359.46875,112494.671875,844980224
2025-10-26 10:15:00+00:00,112356.1015625,112391.8125,112354.03125,112380.359375,25722880
2025-10-26 10:30:00+00:00,112426.3671875,112440.984375,112252.7890625,112349.46875,103356416
2025-10-26 10:45:00+00:00,112450.4296875,112516.984375,112427.2421875,112427.2421875,88281088
2025-10-26 11:00:00+00:00,112526.078125,112540.890625,112468.171875,112468.171875,926138368
2025-10-26 11:15:00+00:00,112708.203125,112713.5390625,112517.5,112517.5,257626112
2025-10-26 11:30:00+00:00,113210.9921875,113210.9921875,112698.859375,112699.953125,513116160
2025-10-26 11:45:00+00:00,113275.234375,113329.3828125,113106.8203125,113282.625,1205123072
2025-10-26 12:00:00+00:00,113676.1875,113676.1875,113292.453125,113292.453125,841342976
2025-10-26 12:15:00+00:00,113647.34375,113760.40625,113546.453125,113667.8671875,981231616
2025-10-26 12:30:00+00:00,113514.640625,113683.1484375,113514.640625,113662.6328125,1327833088
2025-10-26 12:45:00+00:00,113605.4921875,113701.2734375,113491.1796875,113491.1796875,685611008
2025-10-26 13:00:00+00:00,113430.2890625,113617.203125,113405.546875,113572.203125,990427136
2025-10-26 13:15:00+00:00,113607.5,113607.5,113343.234375,113412.6484375,1130588160
2025-10-26 13:30:00+00:00,113705.8359375,113705.8359375,113547.6328125,113631.96875,55009280
2025-10-26 13:45:00+00:00,113723.4375,113895.5703125,113622.515625,113856.0859375,955117568
2025-10-26 14:00:00+00:00,113756.375,113775.84375,113623.65625,113709.9921875,1095512064
2025-10-26 14:15:00+00:00,113680.9921875,113847.296875,113660.7578125,113793.65625,1159970816
2025-10-26 14:30:00+00:00,113841.5,113841.5,113658.21875,113686.0859375,512727040
2025-10-26 14:45:00+00:00,113575.6796875,113856.453125,113565.921875,113856.453125,134453248
2025-10-26 15:00:00+00:00,113528.28125,113568.96875,113453.0078125,113555.3046875,119304192
2025-10-26 15:15:00+00:00,113461.84375,113580.046875,113457.4140625,113534.0859375,222564352
2025-10-26 15:30:00+00:00,113482.078125,113539.2109375,113463.6484375,113488.359375,1063202816
2025-10-26 15:45:00+00:00,113693.71875,113696.96875,113485.8671875,113494.8046875,133410816
2025-10-26 16:00:00+00:00,113488.09375,113695.7890625,113488.09375,113695.7890625,915523584
2025-10-26 16:15:00+00:00,113431.1875,113475.28125,113315.171875,113475.28125,105283584
2025-10-26 16:30:00+00:00,113592.5390625,113592.5390625,113341.796875,113404.2578125,1064257536
2025-10-26 16:45:00+00:00,113549.6640625,113708.1875,113548.984375,113616.84375,822657024
2025-10-26 17:00:00+00:00,113672.90625,113711.4765625,113501.796875,113531.0078125,300810240
2025-10-26 17:15:00+00:00,113652.125,113693.3515625,113632.59375,113671.2421875,814047232
2025-10-26 17:30:00+00:00,113570.96875,113655.21875,113570.96875,113637.3359375,302254080
2025-10-26 17:45:00+00:00,113460.6171875,113587.234375,113460.6171875,113556.109375,894738432
2025-10-26 18:00:00+00:00,113540.140625,113550.0,113452.5703125,113455.15625,915095552
2025-10-26 18:15:00+00:00,113518.34375,113596.34375,113495.3984375,113547.5078125,56821760
2025-10-26 18:30:00+00:00,113716.6328125,113748.1328125,113511.625,113511.625,40998912
2025-10-26 18:45:00+00:00,113628.78125,113732.2421875,113628.78125,113712.5234375,87871488
2025-10-26 19:00:00+00:00,113542.1171875,113608.1875,113532.71875,113608.1875,356352
2025-10-26 19:15:00+00:00,113659.0078125,113659.0078125,113520.5546875,113551.8828125,959225856
2025-10-26 19:30:00+00:00,113615.6015625,113697.1953125,113615.6015625,113667.6015625,831801344
2025-10-26 19:45:00+00:00,113562.71875,113618.1484375,113562.71875,113616.109375,29044736
2025-10-26 20:00:00+00:00,113544.53125,113583.4375,113523.859375,113583.4375,50827264
2025-10-26 20:15:00+00:00,113398.7109375,113538.9375,113398.7109375,113538.265625,912719872
2025-10-26 20:30:00+00:00,113427.09375,113468.6953125,113388.390625,113388.390625,1049833472
2025-10-26 20:45:00+00:00,113416.015625,113472.3203125,113407.5859375,113464.3203125,1695739904
2025-10-26 21:00:00+00:00,113421.9453125,113421.9453125,113366.359375,113366.359375,19374080
2025-10-26 21:15:00+00:00,113034.421875,113406.0546875,113034.421875,113406.0546875,20856832
2025-10-26 21:30:00+00:00,113449.484375,113482.2109375,113043.7734375,113095.6875,1448978432
2025-10-26 21:45:00+00:00,113439.9296875,113549.3984375,113423.3828125,113441.15625,1072656384
2025-10-26 22:00:00+00:00,114517.484375,115017.4765625,113450.8515625,113450.8515625,2277109760
2025-10-26 22:15:00+00:00,114352.09375,114607.5390625,114284.7734375,114578.1015625,1311703040
2025-10-26 22:30:00+00:00,114504.734375,114520.4765625,114362.875,114376.828125,1170997248
2025-10-26 22:45:00+00:00,114670.8125,114758.7734375,114531.421875,114531.421875,540110848
2025-10-26 23:00:00+00:00,114500.4140625,114884.7578125,114500.4140625,114664.7890625,1590493184
2025-10-26 23:15:00+00:00,114444.3359375,114561.3515625,114431.5,114459.09375,368852992
2025-10-26 23:30:00+00:00,114645.890625,114660.6796875,114409.796875,114409.796875,240119808
2025-10-26 23:45:00+00:00,114455.125,114624.140625,114455.125,114622.0390625,1125699584
2025-10-27 00:00:00+00:00,114844.7421875,114844.7421875,114431.703125,114557.6640625,1162158080
2025-10-27 00:15:00+00:00,114822.921875,114968.875,114783.4375,114876.90625,633602048
2025-10-27 00:30:00+00:00,114843.796875,115073.53125,114816.703125,114851.8203125,451551232
2025-10-27 00:45:00+00:00,114819.1953125,114891.1796875,114693.8359375,114863.6484375,1091088384
2025-10-27 01:00:00+00:00,114982.6171875,114982.6171875,114720.484375,114771.8046875,92823552
2025-10-27 01:15:00+00:00,115164.984375,115185.0,114939.4921875,114984.859375,709300224
2025-10-27 01:30:00+00:00,115231.4375,115261.9296875,115072.859375,115155.5859375,397729792
2025-10-27 01:45:00+00:00,115296.9296875,115339.0546875,115222.6953125,115222.6953125,268902400
2025-10-27 02:00:00+00:00,115375.0859375,115432.1953125,115285.6875,115285.6875,1189183488
2025-10-27 02:15:00+00:00,114996.5234375,115297.546875,114996.5234375,115297.546875,1073618944
2025-10-27 02:30:00+00:00,115017.5703125,115017.5703125,114828.8046875,114967.671875,1117507584
2025-10-27 02:45:00+00:00,114903.3046875,115035.78125,114838.203125,115035.78125,364118016
2025-10-27 03:00:00+00:00,115128.7109375,115128.7109375,114854.0234375,114890.8828125,953020416
2025-10-27 03:15:00+00:00,114988.9921875,115175.9375,114984.4296875,115094.859375,872853504
2025-10-27 03:30:00+00:00,114960.890625,114981.9609375,114929.3203125,114959.875,166944768
2025-10-27 03:45:00+00:00,114961.671875,115028.328125,114912.6171875,114922.4453125,1036038144
2025-10-27 04:00:00+00:00,115184.1875,115184.1875,114969.3515625,114976.34375,946569216
2025-10-27 04:15:00+00:00,115195.890625,115211.609375,115171.40625,115211.609375,1225203712
2025-10-27 04:30:00+00:00,115207.234375,115229.640625,115182.2265625,115206.1328125,936763392
2025-10-27 04:45:00+00:00,115244.3671875,115276.2265625,115224.5078125,115248.5390625,991526912
2025-10-27 05:00:00+00:00,115460.1796875,115470.2109375,115243.8671875,115243.8671875,118083584
2025-10-27 05:15:00+00:00,115538.9453125,115541.4765625,115428.265625,115470.8203125,373694464
2025-10-27 05:30:00+00:00,115601.234375,115601.234375,115469.53125,115526.8828125,1352626176
2025-10-27 05:45:00+00:00,115572.5703125,115594.9453125,115514.0546875,115586.9609375,1032298496
2025-10-27 06:00:00+00:00,115458.1640625,115558.015625,115405.1171875,115558.015625,1809154048
2025-10-27 06:15:00+00:00,115679.6015625,115704.9296875,115475.8828125,115475.8828125,1535922176
2025-10-27 06:30:00+00:00,115692.5,115753.90625,115563.6484375,115697.3984375,363868160
2025-10-27 06:45:00+00:00,116070.2890625,116070.2890625,115645.75,115645.75,2234032128
2025-10-27 07:00:00+00:00,115912.5078125,116078.65625,115912.5078125,116002.109375,1364791296
2025-10-27 07:15:00+00:00,115944.1171875,116020.328125,115870.796875,115870.796875,1168449536
2025-10-27 07:30:00+00:00,115581.2265625,115858.5703125,115500.515625,115858.5703125,127930368
2025-10-27 07:45:00+00:00,115579.359375,115733.4140625,115557.8515625,115615.8984375,1866567680
2025-10-27 08:00:00+00:00,115481.8671875,115563.3984375,115481.8671875,115562.3515625,1477148672
2025-10-27 08:15:00+00:00,115197.46875,115563.2890625,115197.46875,115440.171875,239689728
2025-10-27 08:30:00+00:00,115263.0859375,115382.6484375,115136.4375,115136.4375,885862400
2025-10-27 08:45:00+00:00,114994.0078125,115241.7421875,114926.6171875,115241.7421875,794152960
2025-10-27 09:00:00+00:00,115045.640625,115045.640625,114835.796875,115006.6796875,1509736448
2025-10-27 09:15:00+00:00,115150.84375,115209.3984375,114968.234375,115062.453125,710516736
2025-10-27 09:30:00+00:00,115320.6171875,115320.6171875,115115.6875,115161.765625,3305472
2025-10-27 09:45:00+00:00,115263.0703125,115317.6484375,115238.578125,115317.6484375,0
2025-10-27 10:00:00+00:00,115319.8828125,115350.734375,115157.9765625,115255.3359375,912252928
2025-10-27 10:15:00+00:00,115420.8984375,115506.6796875,115327.1484375,115327.1484375,1722605568
2025-10-27 10:30:00+00:00,115458.890625,115479.546875,115423.4375,115461.4296875,103411712
2025-10-27 10:45:00+00:00,115418.3359375,115498.2578125,115401.859375,115429.3671875,223010816
2025-10-27 11:00:00+00:00,115438.3671875,115471.265625,115411.4375,115423.5703125,0
2025-10-27 11:15:00+00:00,115308.4609375,115436.4375,115204.21875,115436.4375,253251584
2025-10-27 11:30:00+00:00,115505.3046875,115505.3046875,115281.1015625,115281.1015625,1443864576
2025-10-27 11:45:00+00:00,115418.453125,115451.296875,115324.7265625,115438.015625,0
2025-10-27 12:00:00+00:00,115255.2421875,115365.765625,115196.3671875,115365.765625,435597312
2025-10-27 12:15:00+00:00,115240.8671875,115271.828125,115187.03125,115271.828125,904298496
2025-10-27 12:30:00+00:00,115058.9921875,115278.84375,115058.9921875,115266.765625,637480960
2025-10-27 12:45:00+00:00,115054.4921875,115088.1484375,115042.0625,115053.4375,0
2025-10-27 13:00:00+00:00,115098.6015625,115189.4140625,115047.21875,115047.21875,665407488
2025-10-27 13:15:00+00:00,115114.9140625,115219.0,115114.9140625,115115.9296875,817795072
2025-10-27 13:30:00+00:00,114721.90625,115181.28125,114631.390625,115181.28125,3014656
2025-10-27 13:45:00+00:00,115250.796875,115329.0625,114818.2734375,114818.2734375,1181220864
2025-10-27 14:00:00+00:00,114766.4375,115271.859375,114700.0,115245.4765625,846430208
2025-10-27 14:15:00+00:00,114940.6796875,114940.6796875,114604.078125,114823.78125,1242968064
2025-10-27 14:30:00+00:00,114945.125,115036.421875,114824.3671875,114998.0,1087766528
2025-10-27 14:45:00+00:00,114802.1484375,114918.1875,114718.8984375,114876.375,117415936
2025-10-27 15:00:00+00:00,114953.46875,115010.859375,114796.4375,114796.4375,872472576
2025-10-27 15:15:00+00:00,114955.8515625,115050.0078125,114921.8984375,114989.4453125,2261491712
2025-10-27 15:30:00+00:00,114991.703125,115147.3984375,114953.5390625,115056.9609375,1258643456
2025-10-27 15:45:00+00:00,114995.8984375,115035.0390625,114913.4765625,114966.5703125,1023361024
2025-10-27 16:00:00+00:00,115258.5234375,115290.7421875,114932.625,114951.2265625,340959232
2025-10-27 16:15:00+00:00,115313.8125,115379.4296875,115201.171875,115242.1171875,100683776
2025-10-27 16:30:00+00:00,115467.1875,115503.8671875,115302.03125,115336.8515625,1486020608
2025-10-27 16:45:00+00:00,115558.9765625,115606.6640625,115377.6953125,115438.953125,1062793216
2025-10-27 17:00:00+00:00,115558.4375,115577.734375,115478.1640625,115497.0859375,1125081088
2025-10-27 17:15:00+00:00,115371.625,115552.0,115342.1953125,115549.28125,26861568
2025-10-27 17:30:00+00:00,115645.5703125,115647.7734375,115330.8671875,115353.796875,1087004672
2025-10-27 17:45:00+00:00,115664.40625,115664.40625,115535.9765625,115630.1875,1259491328
2025-10-27 18:00:00+00:00,115756.984375,115759.40625,115578.640625,115707.828125,37965824
2025-10-27 18:15:00+00:00,115381.203125,115755.078125,115381.203125,115755.078125,993947648
2025-10-27 18:30:00+00:00,115492.5,115492.5,115373.328125,115403.2734375,69144576
2025-10-27 18:45:00+00:00,115362.6640625,115489.75,115362.6640625,115465.3515625,109649920
2025-10-27 19:00:00+00:00,115217.8828125,115325.25,115004.578125,115325.25,196300800
2025-10-27 19:15:00+00:00,115017.328125,115303.734375,114999.4375,115303.734375,1195151360
2025-10-27 19:30:00+00:00,114934.65625,115044.734375,114798.515625,115044.734375,557211648
2025-10-27 19:45:00+00:00,114914.3359375,115011.5546875,114849.859375,114954.0625,217436160
2025-10-27 20:00:00+00:00,114775.9609375,114897.9609375,114742.53125,114897.9609375,340185088
2025-10-27 20:15:00+00:00,114771.5859375,114845.6015625,114738.015625,114785.0703125,178323456
2025-10-27 20:30:00+00:00,114703.9765625,114758.703125,114644.203125,114749.765625,1175146496
2025-10-27 20:45:00+00:00,114515.8828125,114699.828125,114478.3125,114681.0078125,162422784
2025-10-27 21:00:00+00:00,114486.34375,114552.3671875,114451.25,114488.1640625,224555008
2025-10-27 21:15:00+00:00,114185.5078125,114458.421875,114177.8203125,114458.421875,853491712
2025-10-27 21:30:00+00:00,114336.3046875,114351.9921875,114167.2578125,114178.6875,953786368
2025-10-27 21:45:00+00:00,114447.4921875,114572.3515625,114306.671875,114306.671875,986390528
2025-10-27 22:00:00+00:00,114475.4453125,114479.375,114175.0078125,114389.015625,0
2025-10-27 22:15:00+00:00,114484.671875,114580.078125,114411.1640625,114462.0546875,1551769600
2025-10-27 22:30:00+00:00,114275.5625,114441.390625,114266.453125,114441.390625,44244992
2025-10-27 22:45:00+00:00,114117.0390625,114297.296875,114097.0546875,114250.9765625,42225664
2025-10-27 23:00:00+00:00,114054.8359375,114122.09375,114018.2890625,114116.4609375,0
2025-10-27 23:15:00+00:00,114005.6875,114059.9296875,113899.0,114059.9296875,195338240
2025-10-27 23:30:00+00:00,114116.3984375,114155.484375,114032.015625,114032.015625,1025667072
2025-10-27 23:45:00+00:00,114123.109375,114178.421875,114113.203125,114141.625,974442496
2025-10-28 00:00:00+00:00,114031.5546875,114117.03125,113929.7109375,114117.03125,0
2025-10-28 00:15:00+00:00,114270.421875,114303.484375,114091.609375,114091.609375,0
2025-10-28 00:30:00+00:00,113972.9453125,114263.375,113969.46875,114263.375,0
2025-10-28 00:45:00+00:00,113948.3828125,114002.3984375,113859.3828125,114002.3984375,716906496
2025-10-28 01:00:00+00:00,114211.40625,114211.40625,113955.5234375,113955.5234375,1366720512
2025-10-28 01:15:00+00:00,114208.1015625,114264.3515625,114199.390625,114199.390625,0
2025-10-28 01:30:00+00:00,114474.3984375,114474.3984375,114126.2265625,114206.0625,105508864
2025-10-28 01:45:00+00:00,114451.5078125,114499.421875,114426.484375,114488.5625,39378944
2025-10-28 02:00:00+00:00,114144.7734375,114463.0390625,114144.7734375,114432.0703125,0
2025-10-28 02:15:00+00:00,114033.765625,114161.15625,113944.875,114157.0625,123842560
2025-10-28 02:30:00+00:00,114017.5703125,114112.9453125,113985.8125,114077.3203125,888365056
2025-10-28 02:45:00+00:00,113950.7734375,113978.3359375,113712.25,113942.6953125,932241408
2025-10-28 03:00:00+00:00,113830.75,114079.2109375,113830.75,113930.421875,915808256
2025-10-28 03:15:00+00:00,113901.1171875,113974.59375,113793.546875,113816.359375,1013936128
2025-10-28 03:30:00+00:00,113838.671875,113965.0,113792.4453125,113965.0,5197824
2025-10-28 03:45:00+00:00,113933.46875,113933.46875,113793.9140625,113842.2734375,160460800
2025-10-28 04:00:00+00:00,113865.5078125,113909.2890625,113835.328125,113909.2890625,939511808
2025-10-28 04:15:00+00:00,113890.359375,113929.5546875,113870.671875,113894.7890625,1227399168
2025-10-28 04:30:00+00:00,113912.71875,113939.8828125,113827.3125,113870.0859375,112300032
2025-10-28 04:45:00+00:00,113977.6953125,114045.953125,113886.2265625,113886.2265625,922550272
2025-10-28 05:00:00+00:00,113874.6640625,113982.8984375,113867.9375,113982.8984375,0
2025-10-28 05:15:00+00:00,113955.8359375,113955.8359375,113811.2890625,113848.203125,757104640
2025-10-28 05:30:00+00:00,113844.5390625,113965.1015625,113834.03125,113965.1015625,60166144
2025-10-28 05:45:00+00:00,113621.7578125,113791.359375,113588.09375,113791.359375,261750784
2025-10-28 06:00:00+00:00,113811.1875,113811.1875,113619.484375,113619.484375,863625216
2025-10-28 06:15:00+00:00,113857.2109375,113857.2109375,113779.2890625,113782.453125,0
2025-10-28 06:30:00+00:00,114018.6484375,114018.6484375,113802.3828125,113802.3828125,0
2025-10-28 06:45:00+00:00,114099.1640625,114161.3046875,113994.734375,113994.734375,0
2025-10-28 07:00:00+00:00,114134.125,114266.4140625,114106.2890625,114106.2890625,624214016
2025-10-28 07:15:00+00:00,114250.3984375,114284.2890625,114127.375,114127.375,622620672
2025-10-28 07:30:00+00:00,114178.546875,114257.515625,114134.28125,114253.296875,768299008
2025-10-28 07:45:00+00:00,114215.25,114296.1640625,114181.2265625,114218.6328125,0
2025-10-28 08:00:00+00:00,114134.3046875,114219.1875,114134.3046875,114200.59375,968753152
2025-10-28 08:15:00+00:00,114351.671875,114397.9609375,114139.140625,114141.046875,0
2025-10-28 08:30:00+00:00,114415.8515625,114422.3671875,114352.5078125,114352.5078125,0
2025-10-28 08:45:00+00:00,114413.9140625,114447.234375,114372.8984375,114417.4140625,0
2025-10-28 09:00:00+00:00,114368.8046875,114568.3671875,114347.390625,114411.2109375,685215744
2025-10-28 09:15:00+00:00,114209.3203125,114384.5078125,114209.3203125,114366.3515625,0
2025-10-28 09:30:00+00:00,114493.78125,114493.78125,114216.9375,114216.9375,842964992
2025-10-28 09:45:00+00:00,114516.875,114535.7421875,114439.078125,114474.6953125,34926592
2025-10-28 10:00:00+00:00,114463.71875,114512.90625,114442.484375,114512.90625,856051712
2025-10-28 10:15:00+00:00,114517.15625,114532.15625,114459.796875,114482.0859375,0
2025-10-28 10:30:00+00:00,114508.7421875,114516.265625,114436.6796875,114516.265625,801710080
2025-10-28 10:45:00+00:00,114590.4375,114592.4296875,114512.0234375,114512.0234375,28176384
2025-10-28 11:00:00+00:00,114511.015625,114588.4375,114487.0,114588.4375,25563136
2025-10-28 11:15:00+00:00,114514.8046875,114586.3671875,114509.2578125,114517.2421875,47702016
2025-10-28 11:30:00+00:00,114512.7578125,114615.4921875,114512.7578125,114533.53125,1075994624
2025-10-28 11:45:00+00:00,114347.1484375,114505.734375,114311.96875,114505.734375,77975552
2025-10-28 12:00:00+00:00,114288.0546875,114347.9140625,114263.5078125,114347.9140625,1402875904
2025-10-28 12:15:00+00:00,114146.2578125,114302.921875,114139.484375,114288.0546875,1587740672
2025-10-28 12:30:00+00:00,114324.890625,114326.7578125,114180.640625,114180.640625,1790955520
2025-10-28 12:45:00+00:00,114469.5859375,114488.859375,114342.9296875,114342.9296875,187879424
2025-10-28 13:00:00+00:00,114793.3671875,114793.3671875,114446.8046875,114446.8046875,403308544
2025-10-28 13:15:00+00:00,115085.71875,115092.2734375,114749.4296875,114749.4296875,878157824
2025-10-28 13:30:00+00:00,115068.9140625,115077.1640625,114987.671875,115059.828125,229511168
2025-10-28 13:45:00+00:00,115442.03125,115442.03125,115088.8359375,115088.8359375,238649344
2025-10-28 14:00:00+00:00,115745.1484375,115745.1484375,115371.7890625,115483.7890625,921305088
2025-10-28 14:15:00+00:00,115854.2890625,116049.546875,115712.3203125,115761.9765625,987205632
2025-10-28 14:30:00+00:00,114649.21875,115907.59375,114649.21875,115907.59375,1218252800
2025-10-28 14:45:00+00:00,115080.40625,115208.1328125,114350.3203125,114723.1171875,1487126528
2025-10-28 15:00:00+00:00,115270.359375,115334.5234375,115048.5234375,115048.5234375,398495744
2025-10-28 15:15:00+00:00,115167.203125,115325.1484375,115065.0078125,115325.1484375,557076480
2025-10-28 15:30:00+00:00,114564.921875,115074.109375,114564.921875,115074.109375,147980288
2025-10-28 15:45:00+00:00,114707.984375,114844.671875,114545.703125,114545.703125,588738560
2025-10-28 16:00:00+00:00,114805.2578125,114805.2578125,114546.09375,114636.796875,927395840
2025-10-28 16:15:00+00:00,115062.40625,115062.40625,114719.875,114856.625,1075236864
2025-10-28 16:30:00+00:00,115038.59375,115271.0234375,114999.625,115069.390625,521539584
2025-10-28 16:45:00+00:00,115371.1484375,115467.125,115056.453125,115056.453125,419897344
2025-10-28 17:00:00+00:00,115517.015625,115517.015625,115324.890625,115366.3671875,408653824
2025-10-28 17:15:00+00:00,115472.5859375,115558.859375,115402.8359375,115502.2734375,279232512
2025-10-28 17:30:00+00:00,115539.734375,115559.265625,115286.1484375,115479.8671875,1031860224
2025-10-28 17:45:00+00:00,115325.6796875,115528.625,115325.6796875,115528.625,1117429760
2025-10-28 18:00:00+00:00,115261.53125,115333.203125,115140.8046875,115315.9453125,1003130880
2025-10-28 18:15:00+00:00,114987.40625,115310.4453125,114987.40625,115294.171875,61018112
2025-10-28 18:30:00+00:00,114726.234375,114987.2265625,114709.0625,114893.9453125,582373376
2025-10-28 18:45:00+00:00,114936.515625,114936.515625,114683.0,114711.2421875,291782656
2025-10-28 19:00:00+00:00,114939.5078125,115013.2890625,114919.8828125,114977.546875,1178828800
2025-10-28 19:15:00+00:00,113808.234375,114842.1484375,113808.234375,114842.1484375,1115422720
2025-10-28 19:30:00+00:00,113936.4453125,114099.2734375,113773.734375,113773.734375,623558656
2025-10-28 19:45:00+00:00,113635.1953125,113977.0078125,113601.609375,113962.15625,437993472
2025-10-28 20:00:00+00:00,112934.0234375,113662.3828125,112934.0234375,113662.3828125,3059085312
2025-10-28 20:15:00+00:00,112488.0703125,112972.1015625,112488.0703125,112972.1015625,1495941120
2025-10-28 20:30:00+00:00,112858.15625,112954.203125,112423.9375,112555.875,1765167104
2025-10-28 20:45:00+00:00,112863.7890625,112884.09375,112659.9296875,112806.8125,367849472
2025-10-28 21:00:00+00:00,112574.828125,112838.5078125,112291.6796875,112838.5078125,3354177536
2025-10-28 21:15:00+00:00,112737.2265625,112737.2265625,112612.609375,112672.3984375,1543917568
2025-10-28 21:30:00+00:00,113061.7578125,113061.7578125,112690.4453125,112728.3046875,180428800
2025-10-28 21:45:00+00:00,113085.8359375,113191.21875,113071.6796875,113132.1171875,1392656384
2025-10-28 22:00:00+00:00,112947.6875,113142.7890625,112866.40625,113061.234375,2150576128
2025-10-28 22:15:00+00:00,113099.2578125,113099.2578125,112890.2578125,112917.8984375,1541234688
2025-10-28 22:30:00+00:00,113290.3359375,113290.3359375,113173.1875,113180.6875,904028160
2025-10-28 22:45:00+00:00,113239.0625,113281.53125,113190.859375,113277.484375,239276032
2025-10-28 23:00:00+00:00,113044.640625,113247.0703125,113033.0625,113247.0703125,100163584
2025-10-28 23:15:00+00:00,112886.25,113147.8046875,112838.859375,113050.6015625,977518592
2025-10-28 23:30:00+00:00,112991.46875,113087.9765625,112918.5703125,112918.5703125,932331520
2025-10-28 23:45:00+00:00,112963.1875,113057.8359375,112941.984375,112980.53125,787845120
2025-10-29 00:00:00+00:00,112822.9765625,112887.8671875,112715.6015625,112849.84375,936566784
2025-10-29 00:15:00+00:00,112714.6171875,112831.7734375,112695.5,112788.3203125,161128448
2025-10-29 00:30:00+00:00,112662.3125,112771.4453125,112662.3125,112771.4453125,212611072
2025-10-29 00:45:00+00:00,112545.453125,112652.484375,112541.234375,112647.1328125,949043200
2025-10-29 01:00:00+00:00,112412.0546875,112578.59375,112324.3203125,112518.09375,1188057088
2025-10-29 01:15:00+00:00,112227.7578125,112384.59375,112127.2890625,112384.59375,561602560
2025-10-29 01:30:00+00:00,112839.1796875,112907.9375,112369.9296875,112370.28125,1305198592
2025-10-29 01:45:00+00:00,112573.2578125,112812.0625,112357.171875,112812.0625,774324224
2025-10-29 02:00:00+00:00,112523.015625,112555.1796875,112466.0390625,112546.2734375,7344128
2025-10-29 02:15:00+00:00,112760.1015625,112760.1015625,112470.3125,112519.3359375,783704064
2025-10-29 02:30:00+00:00,112618.796875,112623.828125,112573.0,112616.59375,189161472
2025-10-29 02:45:00+00:00,112685.484375,112742.1796875,112594.203125,112608.3125,0
2025-10-29 03:00:00+00:00,112526.8515625,112687.640625,112418.0859375,112687.640625,1576718336
2025-10-29 03:15:00+00:00,112447.609375,112563.1953125,112447.609375,112513.1796875,802086912
2025-10-29 03:30:00+00:00,112582.1640625,112598.84375,112526.9296875,112526.9296875,0
2025-10-29 03:45:00+00:00,112539.2265625,112579.40625,112539.2265625,112572.484375,40681472
2025-10-29 04:00:00+00:00,112606.9921875,112638.203125,112543.6796875,112543.6796875,0
2025-10-29 04:15:00+00:00,112703.9609375,112760.3046875,112666.9296875,112666.9296875,117608448
2025-10-29 04:30:00+00:00,112769.109375,112851.640625,112709.4140625,112709.4140625,710402048
2025-10-29 04:45:00+00:00,112838.28125,112842.609375,112744.3984375,112744.3984375,63090688
2025-10-29 05:00:00+00:00,112883.640625,112968.453125,112840.8359375,112840.8359375,956882944
2025-10-29 05:15:00+00:00,113005.796875,113062.6796875,112903.4375,112903.4375,217866240
2025-10-29 05:30:00+00:00,113260.4609375,113337.6640625,112986.3828125,113008.3046875,383561728
2025-10-29 05:45:00+00:00,113103.8046875,113191.71875,113076.2578125,113191.71875,865034240
2025-10-29 06:00:00+00:00,113120.4375,113212.171875,113001.171875,113071.546875,1468772352
2025-10-29 06:15:00+00:00,113040.7890625,113117.0859375,113040.7890625,113117.0859375,29446144
2025-10-29 06:30:00+00:00,113047.7421875,113087.765625,113017.5625,113064.8671875,844058624
2025-10-29 06:45:00+00:00,113326.2578125,113339.4296875,113055.8125,113055.8125,913833984
2025-10-29 07:00:00+00:00,113281.859375,113302.109375,113271.375,113280.421875,1213444096
2025-10-29 07:15:00+00:00,113428.59375,113446.4765625,113278.25,113285.453125,298319872
2025-10-29 07:30:00+00:00,113312.09375,113454.0234375,113303.609375,113454.0234375,998473728
2025-10-29 07:45:00+00:00,113547.703125,113547.703125,113299.0078125,113309.875,107470848
2025-10-29 08:00:00+00:00,113452.796875,113626.5390625,113452.796875,113565.203125,1182543872
2025-10-29 08:15:00+00:00,113325.5390625,113412.15625,113325.5390625,113380.015625,82640896
2025-10-29 08:30:00+00:00,113115.0625,113320.921875,113042.1796875,113320.921875,28712960
2025-10-29 08:45:00+00:00,113060.796875,113157.78125,113020.9296875,113131.5078125,81596416
2025-10-29 09:00:00+00:00,112945.40625,113101.65625,112945.40625,113080.5703125,769904640
2025-10-29 09:15:00+00:00,113008.6171875,113065.8359375,112937.265625,112937.265625,1204936704
2025-10-29 09:30:00+00:00,112901.3046875,112968.0546875,112835.1796875,112930.15625,2415230976
2025-10-29 09:45:00+00:00,113024.09375,113063.734375,112914.1875,112958.6953125,964546560
2025-10-29 10:00:00+00:00,112974.5390625,113115.4453125,112974.5390625,113001.1875,3260342272
2025-10-29 10:15:00+00:00,113080.4453125,113107.40625,112943.1875,112970.6640625,146038784
2025-10-29 10:30:00+00:00,113100.03125,113165.953125,113050.7421875,113050.7421875,16572416
2025-10-29 10:45:00+00:00,112900.0390625,113103.7421875,112819.484375,113085.46875,333557760
2025-10-29 11:00:00+00:00,113046.1171875,113086.4375,112824.171875,112888.171875,880979968
2025-10-29 11:15:00+00:00,113090.78125,113169.9375,113050.75,113067.859375,85327872
2025-10-29 11:30:00+00:00,113089.6171875,113263.7578125,113089.6171875,113145.421875,118849536
2025-10-29 11:45:00+00:00,113180.046875,113183.2890625,113065.4296875,113065.4296875,0
2025-10-29 12:00:00+00:00,113252.484375,113329.6953125,113164.171875,113164.171875,0
2025-10-29 12:15:00+00:00,113127.4375,113284.7265625,113127.4375,113278.234375,688709632
2025-10-29 12:30:00+00:00,113162.6796875,113170.1875,113086.8515625,113111.015625,17145856
2025-10-29 12:45:00+00:00,113172.9453125,113264.4453125,113146.125,113179.8984375,40976384
2025-10-29 13:00:00+00:00,113382.9453125,113391.2109375,113154.34375,113208.7265625,61894656
2025-10-29 13:15:00+00:00,113587.2109375,113612.2578125,113374.8125,113387.7109375,548130816
2025-10-29 13:30:00+00:00,113079.828125,113570.65625,113001.734375,113560.484375,775311360
2025-10-29 13:45:00+00:00,112935.28125,113037.6796875,112816.40625,113037.6796875,235151360
2025-10-29 14:00:00+00:00,112655.5546875,112927.2734375,112568.796875,112927.2734375,1507487744
2025-10-29 14:15:00+00:00,112331.0,112701.9296875,112331.0,112689.3203125,0
2025-10-29 14:30:00+00:00,112614.796875,112696.375,112310.5546875,112310.5546875,700342272
2025-10-29 14:45:00+00:00,112419.6640625,112708.2265625,112419.6640625,112600.5625,266502144
2025-10-29 15:00:00+00:00,112334.984375,112553.953125,112334.984375,112553.953125,0
2025-10-29 15:15:00+00:00,112359.390625,112453.109375,112284.484375,112339.8828125,193777664
2025-10-29 15:30:00+00:00,111760.234375,112099.2578125,111713.2734375,112099.2578125,1558347776
2025-10-29 15:45:00+00:00,111546.140625,111839.6328125,111492.3828125,111839.6328125,487985152
2025-10-29 16:00:00+00:00,111088.8828125,111540.6171875,111088.8828125,111540.6171875,438304768
2025-10-29 16:15:00+00:00,111202.75,111356.4375,111034.890625,111034.890625,1405394944
2025-10-29 16:30:00+00:00,111371.421875,111371.421875,111117.21875,111117.21875,54210560
2025-10-29 16:45:00+00:00,111172.6796875,111334.734375,111167.8359375,111334.734375,739999744
2025-10-29 17:00:00+00:00,111229.34375,111325.59375,111141.5859375,111141.5859375,51269632
2025-10-29 17:15:00+00:00,111217.140625,111217.140625,111069.4375,111172.046875,0
2025-10-29 17:30:00+00:00,111745.78125,111749.921875,111194.78125,111194.78125,0
2025-10-29 17:45:00+00:00,111786.96875,111877.109375,111682.65625,111722.140625,1466908672
2025-10-29 18:00:00+00:00,111510.171875,111974.9140625,111423.8203125,111817.8125,1749200896
2025-10-29 18:15:00+00:00,111345.2890625,111533.4765625,111300.0625,111300.0625,839905280
2025-10-29 18:30:00+00:00,110090.765625,111739.578125,109653.421875,111425.7109375,2807214080
2025-10-29 18:45:00+00:00,111056.453125,111279.046875,109816.09375,109816.09375,1633255424
2025-10-29 19:00:00+00:00,111419.0546875,111419.0546875,110768.9375,110819.8984375,2392735744
2025-10-29 19:15:00+00:00,111051.4375,111334.4921875,110983.2109375,111322.6796875,0
2025-10-29 19:30:00+00:00,110416.25,110981.9453125,110263.4375,110981.9453125,0
2025-10-29 19:45:00+00:00,110716.0859375,110824.015625,110378.65625,110378.65625,15495168
2025-10-29 20:00:00+00:00,110561.6015625,110832.265625,110471.734375,110716.0859375,459509760
2025-10-29 20:15:00+00:00,111296.671875,111296.671875,110580.390625,110594.796875,0
2025-10-29 20:30:00+00:00,111311.3984375,111343.3984375,111184.328125,111336.109375,623190016
2025-10-29 20:45:00+00:00,111433.90625,111553.15625,111257.5703125,111312.640625,0
2025-10-29 21:00:00+00:00,111486.9765625,111547.1171875,111407.7890625,111463.2265625,2028503040
2025-10-29 21:15:00+00:00,111572.7109375,111572.7109375,111446.359375,111505.1328125,0
2025-10-29 21:30:00+00:00,111679.296875,111806.6015625,111608.140625,111608.140625,813264896
2025-10-29 21:45:00+00:00,111599.0546875,111685.2890625,111545.1875,111663.375,2224943104
2025-10-29 22:00:00+00:00,111437.34375,111643.109375,111284.1875,111643.109375,1576321024
2025-10-29 22:15:00+00:00,111241.84375,111450.2734375,111241.84375,111450.2734375,748560384
2025-10-29 22:30:00+00:00,111236.8125,111252.578125,111154.6015625,111219.1171875,720093184
2025-10-29 22:45:00+00:00,111040.59375,111229.265625,111040.59375,111208.5625,875106304
2025-10-29 23:00:00+00:00,110625.28125,111042.171875,110625.28125,111028.2578125,0
2025-10-29 23:15:00+00:00,110513.5078125,110750.390625,110495.0859375,110617.8515625,233299968
2025-10-29 23:30:00+00:00,109996.9609375,110448.59375,109900.125,110447.3125,378470400
2025-10-29 23:45:00+00:00,110091.921875,110096.3828125,109962.734375,110017.390625,201515008
2025-10-30 00:00:00+00:00,110005.5234375,110092.296875,109768.8046875,110066.0,717336576
2025-10-30 00:15:00+00:00,110326.1875,110343.3515625,110141.765625,110141.765625,326938624
2025-10-30 00:30:00+00:00,110470.7890625,110512.265625,110325.5,110354.7109375,2398986240
2025-10-30 00:45:00+00:00,110551.328125,110572.46875,110429.421875,110458.5234375,1492070400
2025-10-30 01:00:00+00:00,110511.453125,110573.59375,110313.6796875,110562.15625,1065644032
2025-10-30 01:15:00+00:00,110404.8828125,110582.9765625,110381.3203125,110530.6796875,22482944
2025-10-30 01:30:00+00:00,110599.7734375,110620.546875,110405.6953125,110405.6953125,708444160
2025-10-30 01:45:00+00:00,110631.609375,110710.0078125,110613.7734375,110618.9375,306868224
2025-10-30 02:00:00+00:00,110504.1640625,110504.1640625,110420.84375,110420.84375,995282944
2025-10-30 02:15:00+00:00,110945.40625,110945.40625,110567.671875,110567.671875,291512320
2025-10-30 02:30:00+00:00,110971.5078125,110986.09375,110923.1953125,110931.4765625,88530944
2025-10-30 02:45:00+00:00,110958.75,110974.2734375,110839.796875,110974.2734375,2507137024
2025-10-30 03:00:00+00:00,110750.9921875,110963.609375,110705.7578125,110963.609375,974577664
2025-10-30 03:15:00+00:00,110765.0078125,110841.140625,110765.0078125,110773.6171875,188071936
2025-10-30 03:30:00+00:00,110758.265625,110861.203125,110758.265625,110774.6796875,997810176
2025-10-30 03:45:00+00:00,110646.21875,110728.25,110606.4921875,110728.25,157163520
2025-10-30 04:00:00+00:00,110029.59375,110726.90625,110029.59375,110726.90625,1629696000
2025-10-30 04:15:00+00:00,108319.578125,110150.078125,108319.578125,110006.734375,473378816
2025-10-30 04:30:00+00:00,109074.75,109328.4609375,108085.6953125,108378.890625,3622006784
2025-10-30 04:45:00+00:00,108786.546875,109187.9453125,108786.546875,109001.59375,916353024
2025-10-30 05:00:00+00:00,108909.828125,108909.828125,108517.28125,108599.828125,515121152
2025-10-30 05:15:00+00:00,109144.46875,109144.46875,108897.4296875,109015.734375,1171447808
2025-10-30 05:30:00+00:00,109830.6015625,109830.6015625,109144.78125,109170.1796875,60829696
2025-10-30 05:45:00+00:00,110406.9609375,110406.9609375,109911.421875,109915.40625,1148796928
2025-10-30 06:00:00+00:00,110198.734375,110307.25,110179.21875,110297.765625,409620480
2025-10-30 06:15:00+00:00,110182.6328125,110246.890625,110048.625,110160.3671875,1172242432
2025-10-30 06:30:00+00:00,110677.8125,110677.8125,110192.0703125,110192.0703125,1360781312
2025-10-30 06:45:00+00:00,110831.015625,110925.3515625,110813.1171875,110890.25,1060847616
2025-10-30 07:00:00+00:00,111250.4921875,111250.4921875,110719.4921875,110780.375,404619264
2025-10-30 07:15:00+00:00,111364.3828125,111585.46875,111247.796875,111265.734375,837353472
2025-10-30 07:30:00+00:00,111338.4453125,111338.4453125,111235.9765625,111288.1953125,998531072
2025-10-30 07:45:00+00:00,111356.84375,111431.1328125,111302.8125,111402.1875,42958848
2025-10-30 08:00:00+00:00,110928.59375,111342.8671875,110928.59375,111341.515625,640262144
2025-10-30 08:15:00+00:00,110823.09375,110945.140625,110823.09375,110888.21875,386039808
2025-10-30 08:30:00+00:00,110845.25,110891.53125,110735.484375,110735.484375,87572480
2025-10-30 08:45:00+00:00,110736.3359375,110873.7890625,110736.3359375,110873.7890625,129032192
2025-10-30 09:00:00+00:00,110429.5546875,110769.390625,110429.5546875,110724.4296875,2638659584
2025-10-30 09:15:00+00:00,110348.546875,110454.4296875,110179.7421875,110454.4296875,239517696
2025-10-30 09:30:00+00:00,110181.4375,110533.9453125,110180.1171875,110488.2109375,2107506688
2025-10-30 09:45:00+00:00,110231.8828125,110374.7421875,110196.828125,110196.828125,738721792
2025-10-30 10:00:00+00:00,110025.2578125,110208.796875,109992.9296875,110137.265625,1525514240
2025-10-30 10:15:00+00:00,110052.9921875,110076.3515625,109887.0,109887.0,1537327104
2025-10-30 10:30:00+00:00,110007.9609375,110204.7734375,110007.9609375,110084.1484375,916938752
2025-10-30 10:45:00+00:00,110105.015625,110187.5078125,109965.7890625,110016.0703125,935837696
2025-10-30 11:00:00+00:00,110085.875,110128.8203125,109969.1953125,110112.0078125,776437760
2025-10-30 11:15:00+00:00,110002.0703125,110028.6953125,109784.6171875,110023.96875,1097555968
2025-10-30 11:30:00+00:00,109935.9765625,110038.328125,109868.0234375,109959.078125,946069504
2025-10-30 11:45:00+00:00,109796.4765625,110075.890625,109784.4609375,109942.96875,1909678080
2025-10-30 12:00:00+00:00,109466.609375,109776.0234375,109417.421875,109776.0234375,1551859712
2025-10-30 12:15:00+00:00,108754.34375,109435.8203125,108754.34375,109435.8203125,765435904
2025-10-30 12:30:00+00:00,108634.6171875,109011.9296875,108634.6171875,108831.578125,681394176
2025-10-30 12:45:00+00:00,108398.953125,108560.6640625,108374.53125,108560.6640625,1053761536
2025-10-30 13:00:00+00:00,108605.8828125,108710.0390625,108341.6796875,108345.234375,1661992960
2025-10-30 13:15:00+00:00,108438.640625,108551.0703125,108331.96875,108551.0703125,50749440
2025-10-30 13:30:00+00:00,107563.6015625,108493.0546875,107481.2109375,108493.0546875,1547165696
2025-10-30 13:45:00+00:00,107788.15625,108111.3125,107458.8515625,107458.8515625,739205120
2025-10-30 14:00:00+00:00,107923.6796875,108167.0546875,107784.0859375,107784.0859375,1362919424
2025-10-30 14:15:00+00:00,107941.8515625,108042.71875,107851.53125,108042.71875,1075781632
2025-10-30 14:30:00+00:00,108317.9453125,108317.9453125,107873.21875,107958.7109375,267624448
2025-10-30 14:45:00+00:00,108323.9296875,108323.9296875,107949.5390625,108311.328125,1055064064
2025-10-30 15:00:00+00:00,107973.3125,108312.859375,107973.3125,108312.859375,782639104
2025-10-30 15:15:00+00:00,107888.3046875,107964.015625,107817.8984375,107963.1484375,43884544
2025-10-30 15:30:00+00:00,107736.109375,107803.7578125,107542.515625,107797.125,301121536
2025-10-30 15:45:00+00:00,107748.8828125,107748.8828125,107389.28125,107676.140625,0
2025-10-30 16:00:00+00:00,108061.8125,108142.1328125,107638.7734375,107714.4609375,0
2025-10-30 16:15:00+00:00,108210.4375,108210.4375,107923.4609375,108072.6484375,0
2025-10-30 16:30:00+00:00,108061.703125,108178.2109375,108034.9140625,108178.2109375,739852288
2025-10-30 16:45:00+00:00,108065.9296875,108098.0390625,108011.8359375,108011.8359375,15196160
2025-10-30 17:00:00+00:00,107578.4140625,108122.6015625,107578.4140625,108122.6015625,0
2025-10-30 17:15:00+00:00,107254.1875,107481.2734375,106869.2421875,107481.2734375,1290174464
2025-10-30 17:30:00+00:00,107098.71875,107194.6328125,106894.9296875,107053.921875,1725513728
2025-10-30 17:45:00+00:00,107450.15625,107608.7734375,107398.3046875,107398.3046875,1098825728
2025-10-30 18:00:00+00:00,107373.3359375,107474.875,107290.5,107474.875,0
2025-10-30 18:15:00+00:00,107339.6953125,107368.1953125,107267.5,107336.2734375,618315776
2025-10-30 18:30:00+00:00,106986.25,107507.9609375,106963.875,107428.1484375,141041664
2025-10-30 18:45:00+00:00,106886.4296875,107188.734375,106886.4296875,106954.2734375,95543296
2025-10-30 19:00:00+00:00,106932.875,107107.390625,106751.21875,106822.109375,532922368
2025-10-30 19:15:00+00:00,107004.65625,107039.65625,106686.7734375,106886.875,1190916096
2025-10-30 19:30:00+00:00,106798.453125,107066.109375,106467.0078125,107066.109375,1331658752
2025-10-30 19:45:00+00:00,106452.8984375,106955.484375,106452.8984375,106722.203125,510996480
2025-10-30 20:00:00+00:00,106894.9609375,107009.0703125,106398.71875,106510.9609375,859521024
2025-10-30 20:15:00+00:00,107160.515625,107160.515625,106838.25,106838.25,258768896
2025-10-30 20:30:00+00:00,107222.171875,107382.578125,106942.0078125,106942.0078125,653299712
2025-10-30 20:45:00+00:00,107514.5546875,107514.5546875,107261.0078125,107295.5390625,614457344
2025-10-30 21:00:00+00:00,107588.6328125,107625.3828125,107419.546875,107528.15625,237240320
2025-10-30 21:15:00+00:00,107630.171875,107715.015625,107427.203125,107584.1953125,282435584
2025-10-30 21:30:00+00:00,107701.6171875,107768.3984375,107475.9140625,107611.484375,1028259840
2025-10-30 21:45:00+00:00,107900.6015625,107904.46875,107692.453125,107692.453125,617226240
2025-10-30 22:00:00+00:00,107702.859375,107912.5390625,107667.609375,107912.5390625,972111872
2025-10-30 22:15:00+00:00,107661.4453125,107718.515625,107656.90625,107669.875,0
2025-10-30 22:30:00+00:00,107630.578125,107654.0859375,107483.9609375,107628.28125,864665600
2025-10-30 22:45:00+00:00,107880.90625,107880.90625,107617.34375,107655.640625,236437504
2025-10-30 23:00:00+00:00,107632.671875,107900.734375,107616.546875,107891.7421875,627433472
2025-10-30 23:15:00+00:00,107658.6015625,107719.8671875,107633.3203125,107680.4296875,194609152
2025-10-30 23:30:00+00:00,107979.8203125,108232.15625,107730.375,107730.375,0
2025-10-30 23:45:00+00:00,108300.6015625,108300.6015625,107954.9296875,107954.9296875,673595392
2025-10-31 00:00:00+00:00,108567.0,108567.0,108288.2734375,108288.2734375,52297728
2025-10-31 00:15:00+00:00,108450.09375,108663.03125,108443.9375,108631.71875,8511488
2025-10-31 00:30:00+00:00,108646.7109375,108646.7109375,108507.359375,108507.359375,985014272
2025-10-31 00:45:00+00:00,109392.8515625,109500.90625,108742.09375,108781.0078125,906395648
2025-10-31 01:00:00+00:00,109751.3125,109985.84375,109221.1640625,109236.109375,831176704
2025-10-31 01:15:00+00:00,109852.890625,109926.4296875,109736.953125,109751.8671875,676708352
2025-10-31 01:30:00+00:00,109567.4375,109848.9375,109509.9609375,109848.9375,984064000
2025-10-31 01:45:00+00:00,109559.5859375,109706.71875,109514.828125,109568.375,0
2025-10-31 02:00:00+00:00,109091.125,109641.1953125,109091.125,109594.359375,970244096
2025-10-31 02:15:00+00:00,109312.578125,109408.4140625,109040.5234375,109040.5234375,1075445760
2025-10-31 02:30:00+00:00,108794.8671875,109375.015625,108794.8671875,109375.015625,278364160
2025-10-31 02:45:00+00:00,108804.484375,108906.4765625,108690.3203125,108742.46875,1206853632
2025-10-31 03:00:00+00:00,109113.5703125,109180.9765625,108667.0625,108831.8203125,1648140288
2025-10-31 03:15:00+00:00,109052.8671875,109109.1484375,108982.1484375,109071.5546875,1025032192
2025-10-31 03:30:00+00:00,108859.109375,109195.75,108859.109375,109075.796875,457392128
2025-10-31 03:45:00+00:00,109224.1875,109263.8203125,108851.515625,108851.515625,1193328640
2025-10-31 04:00:00+00:00,109413.375,109420.453125,109141.5625,109211.8515625,0
2025-10-31 04:15:00+00:00,109763.46875,109792.7109375,109237.046875,109380.2578125,168607744
2025-10-31 04:30:00+00:00,110105.8828125,110142.8515625,109685.0703125,109768.6953125,0
2025-10-31 04:45:00+00:00,110130.75,110130.75,109959.1796875,110036.390625,229474304
2025-10-31 05:00:00+00:00,109788.6015625,109999.3125,109783.265625,109999.3125,101564416
2025-10-31 05:15:00+00:00,109817.09375,109817.09375,109701.1953125,109794.796875,644280320
2025-10-31 05:30:00+00:00,109866.25,109990.796875,109851.734375,109883.5234375,706277376
2025-10-31 05:45:00+00:00,109878.9140625,109927.96875,109838.6875,109863.890625,1044627456
2025-10-31 06:00:00+00:00,109639.2734375,109923.515625,109578.328125,109873.1875,380809216
2025-10-31 06:15:00+00:00,109665.2265625,109688.3046875,109641.6796875,109659.0703125,0
2025-10-31 06:30:00+00:00,109555.171875,109666.9765625,109555.171875,109666.9765625,904974336
2025-10-31 06:45:00+00:00,109610.796875,109610.796875,109507.7265625,109507.7265625,481898496
2025-10-31 07:00:00+00:00,109621.3515625,109669.9375,109437.546875,109669.9375,102363136
2025-10-31 07:15:00+00:00,109629.6953125,109724.8359375,109602.6875,109722.265625,153108480
2025-10-31 07:30:00+00:00,109538.0,109707.703125,109513.171875,109663.5,873680896
2025-10-31 07:45:00+00:00,109461.15625,109509.375,109280.4765625,109509.375,1789009920
2025-10-31 08:00:00+00:00,109312.0625,109634.65625,109312.0625,109421.9921875,0
2025-10-31 08:15:00+00:00,109590.5,109590.5,109186.0390625,109277.2109375,737439744
2025-10-31 08:30:00+00:00,109731.2578125,109778.65625,109664.3671875,109778.65625,250822656
2025-10-31 08:45:00+00:00,110014.4375,110014.4375,109769.2734375,109769.2734375,291401728
2025-10-31 09:00:00+00:00,110101.7890625,110253.1171875,110016.3046875,110052.65625,552169472
2025-10-31 09:15:00+00:00,109987.53125,110342.0859375,109978.359375,110111.3984375,209911808
2025-10-31 09:30:00+00:00,109914.1328125,110019.828125,109888.953125,110019.828125,2303426560
2025-10-31 09:45:00+00:00,109821.1796875,109996.7734375,109805.1796875,109920.3046875,982151168
2025-10-31 10:00:00+00:00,109782.640625,109910.0703125,109782.640625,109805.96875,165810176
2025-10-31 10:15:00+00:00,109810.2421875,109883.40625,109771.3359375,109771.3359375,222306304
2025-10-31 10:30:00+00:00,110027.6015625,110027.6015625,109727.078125,109809.9453125,0
2025-10-31 10:45:00+00:00,109788.859375,110019.4765625,109788.859375,110019.4765625,849989632
2025-10-31 11:00:00+00:00,109587.890625,109801.75,109587.890625,109801.75,0
2025-10-31 11:15:00+00:00,109513.265625,109618.2265625,109492.3828125,109587.1640625,14389248
2025-10-31 11:30:00+00:00,109602.5390625,109663.734375,109465.921875,109508.109375,1599324160
2025-10-31 11:45:00+00:00,110351.1171875,110351.1171875,109568.828125,109568.828125,1120636928
2025-10-31 12:00:00+00:00,110108.9375,110504.2578125,110108.9375,110299.34375,450813952
2025-10-31 12:15:00+00:00,110165.7265625,110407.9140625,110116.6953125,110116.6953125,0
2025-10-31 12:30:00+00:00,109730.375,110231.8359375,109730.375,110144.8515625,498225152
2025-10-31 12:45:00+00:00,109612.984375,109755.6328125,109612.984375,109716.140625,63541248
2025-10-31 13:00:00+00:00,109999.0,109999.0,109621.3125,109621.3125,0
2025-10-31 13:15:00+00:00,109945.9921875,110154.3203125,109900.53125,110015.671875,65536000
2025-10-31 13:30:00+00:00,109534.7265625,109816.6640625,109489.2578125,109816.6640625,608415744
2025-10-31 13:45:00+00:00,110095.3515625,110146.1875,109539.2109375,109539.2109375,41009152
2025-10-31 14:00:00+00:00,110017.4140625,110472.2421875,109966.734375,110089.203125,258736128
2025-10-31 14:15:00+00:00,109776.78125,110024.09375,109695.109375,109954.359375,909901824
2025-10-31 14:30:00+00:00,109963.3359375,109974.8984375,109625.1796875,109776.1484375,875458560
2025-10-31 14:45:00+00:00,110795.875,110885.3125,109957.8515625,109957.8515625,158248960
2025-10-31 15:00:00+00:00,110611.796875,111004.484375,110414.1015625,110692.9453125,3442208768
2025-10-31 15:15:00+00:00,110433.28125,110728.4375,110374.8203125,110645.8125,198455296
2025-10-31 15:30:00+00:00,110243.03125,110465.1953125,110196.296875,110336.625,459472896
2025-10-31 15:45:00+00:00,110160.484375,110445.5,110133.03125,110407.484375,156659712
2025-10-31 16:00:00+00:00,109988.4921875,110202.078125,109967.234375,110169.2421875,640659456
2025-10-31 16:15:00+00:00,110048.0859375,110055.2421875,109794.578125,110014.8203125,938438656
2025-10-31 16:30:00+00:00,109676.2734375,110066.6171875,109676.2734375,110066.6171875,1192083456
2025-10-31 16:45:00+00:00,108753.390625,109581.96875,108753.390625,109581.96875,257343488
2025-10-31 17:00:00+00:00,109004.6796875,109109.6171875,108605.5546875,108605.5546875,961277952
2025-10-31 17:15:00+00:00,109132.96875,109132.96875,108667.8515625,108888.2109375,3798831104
2025-10-31 17:30:00+00:00,109146.140625,109223.0703125,109046.8203125,109096.578125,1371729920
2025-10-31 17:45:00+00:00,109226.5078125,109337.6796875,109206.5859375,109206.5859375,2322432
2025-10-31 18:00:00+00:00,109373.953125,109453.109375,109238.171875,109238.171875,1921187840
2025-10-31 18:15:00+00:00,109214.28125,109360.7734375,109212.7890625,109360.7734375,13225984
2025-10-31 18:30:00+00:00,109463.140625,109530.203125,108958.9296875,109176.15625,147783680
2025-10-31 18:45:00+00:00,109316.3203125,109704.8671875,109287.3515625,109704.8671875,1041338368
2025-10-31 19:00:00+00:00,109196.5234375,109393.671875,109121.71875,109393.671875,30474240
2025-10-31 19:15:00+00:00,109814.890625,109814.890625,109284.1640625,109284.1640625,880762880
2025-10-31 19:30:00+00:00,109843.359375,110011.8671875,109738.59375,109745.1484375,131338240
2025-10-31 19:45:00+00:00,109818.265625,110147.203125,109818.265625,109900.0859375,181563392
2025-10-31 20:00:00+00:00,109687.859375,109806.0859375,109583.078125,109806.0859375,636010496
2025-10-31 20:15:00+00:00,109612.6953125,109735.5234375,109597.453125,109703.2421875,547184640
2025-10-31 20:30:00+00:00,109495.640625,109610.53125,109484.078125,109610.53125,0
2025-10-31 20:45:00+00:00,109426.515625,109710.75,109419.375,109472.046875,537620480
2025-10-31 21:00:00+00:00,109460.9296875,109525.2421875,109422.5859375,109422.5859375,843051008
2025-10-31 21:15:00+00:00,109522.484375,109596.03125,109279.1875,109279.1875,44797952
2025-10-31 21:30:00+00:00,109649.0546875,109683.7109375,109419.0,109524.703125,340529152
2025-10-31 21:45:00+00:00,109532.765625,109588.09375,109518.109375,109550.8984375,0
2025-10-31 22:00:00+00:00,109644.4609375,109644.4609375,109487.8203125,109501.3046875,40157184
2025-10-31 22:15:00+00:00,109595.40625,109750.09375,109559.875,109631.2265625,437567488
2025-10-31 22:30:00+00:00,109625.8828125,109656.75,109586.8125,109600.8046875,1084768256
2025-10-31 22:45:00+00:00,109581.5546875,109581.5546875,109525.78125,109577.8515625,175497216
2025-10-31 23:00:00+00:00,109535.3515625,109549.90625,109515.6328125,109531.1484375,39301120
2025-10-31 23:15:00+00:00,109563.2265625,109563.2265625,109487.515625,109487.515625,746463232
2025-10-31 23:30:00+00:00,109607.8515625,109607.8515625,109496.609375,109547.0859375,0
2025-10-31 23:45:00+00:00,109561.828125,109621.1484375,109557.7265625,109608.546875,582025216
2025-11-01 00:00:00+00:00,109423.7109375,109562.9140625,109378.6953125,109559.015625,0
2025-11-01 00:15:00+00:00,109475.375,109492.1484375,109373.3203125,109421.203125,836169728
2025-11-01 00:30:00+00:00,109466.28125,109483.6484375,109391.0546875,109483.6484375,150110208
2025-11-01 00:45:00+00:00,109681.0078125,109702.015625,109559.25,109559.25,503500800
2025-11-01 01:00:00+00:00,109748.359375,109829.3203125,109670.671875,109672.515625,0
2025-11-01 01:15:00+00:00,109817.5625,109817.5625,109660.1796875,109725.9765625,666529792
2025-11-01 01:30:00+00:00,109741.25,109976.359375,109741.25,109861.4453125,966504448
2025-11-01 01:45:00+00:00,109722.546875,109787.578125,109722.546875,109768.1875,0
2025-11-01 02:00:00+00:00,109540.53125,109706.609375,109510.859375,109690.03125,0
2025-11-01 02:15:00+00:00,109647.0703125,109730.1015625,109582.4296875,109582.4296875,521752576
2025-11-01 02:30:00+00:00,109568.34375,109593.703125,109434.53125,109593.703125,0
2025-11-01 02:45:00+00:00,109754.1640625,109795.328125,109565.9921875,109565.9921875,589496320
2025-11-01 03:00:00+00:00,109830.71875,109867.96875,109741.65625,109741.65625,0
2025-11-01 03:15:00+00:00,109983.359375,110052.90625,109823.1328125,109823.1328125,0
2025-11-01 03:30:00+00:00,110148.6328125,110148.6328125,109977.25,109977.25,112922624
2025-11-01 03:45:00+00:00,110170.6484375,110207.2265625,110092.046875,110104.5546875,1176924160
2025-11-01 04:00:00+00:00,110230.6640625,110390.5390625,110167.9453125,110167.9453125,1301323776
2025-11-01 04:15:00+00:00,110262.4296875,110282.8828125,110096.28125,110212.7421875,9510912
2025-11-01 04:30:00+00:00,110207.40625,110317.3125,110169.1796875,110251.5234375,0
2025-11-01 04:45:00+00:00,110236.9453125,110252.734375,110184.5625,110201.7578125,713113600
2025-11-01 05:00:00+00:00,110035.7421875,110254.546875,110035.7421875,110239.4609375,0
2025-11-01 05:15:00+00:00,110049.921875,110087.859375,110019.1875,110053.640625,677277696
2025-11-01 05:30:00+00:00,110244.1953125,110295.40625,110056.0390625,110069.3671875,1806336
2025-11-01 05:45:00+00:00,110056.4140625,110213.734375,110054.2421875,110213.734375,0
2025-11-01 06:00:00+00:00,110022.125,110091.4765625,110018.8984375,110078.953125,143265792
2025-11-01 06:15:00+00:00,109963.1640625,110015.78125,109959.171875,110013.6328125,0
2025-11-01 06:30:00+00:00,109949.375,110099.09375,109949.375,109981.3984375,778350592
2025-11-01 06:45:00+00:00,109945.1953125,109952.0078125,109905.6796875,109914.765625,66064384
2025-11-01 07:00:00+00:00,110030.5,110086.296875,109930.6796875,109930.6796875,858243072
2025-11-01 07:15:00+00:00,110105.6640625,110129.3125,110027.9921875,110027.9921875,0
2025-11-01 07:30:00+00:00,110052.28125,110177.9453125,110046.53125,110134.953125,766210048
2025-11-01 07:45:00+00:00,110013.703125,110056.5546875,109999.984375,110056.5546875,0
2025-11-01 08:00:00+00:00,110097.9765625,110121.296875,110004.578125,110004.578125,586969088
2025-11-01 08:15:00+00:00,110127.75,110184.0390625,110104.9765625,110104.9765625,795193344
2025-11-01 08:30:00+00:00,110129.6640625,110164.03125,110124.0234375,110124.0234375,70258688
2025-11-01 08:45:00+00:00,110157.546875,110184.9453125,110122.53125,110122.53125,84705280
2025-11-01 09:00:00+00:00,110157.28125,110182.4375,110127.296875,110182.4375,639098880
2025-11-01 09:15:00+00:00,110115.9296875,110172.0,110104.2421875,110163.2265625,4157440
2025-11-01 09:30:00+00:00,110024.6640625,110105.4453125,110006.4375,110105.4453125,0
2025-11-01 09:45:00+00:00,109939.71875,110019.546875,109929.46875,109977.2578125,182755328
2025-11-01 10:00:00+00:00,109812.46875,110030.671875,109812.46875,109974.984375,96833536
2025-11-01 10:15:00+00:00,109933.8203125,109933.8203125,109828.6875,109828.6875,0
2025-11-01 10:30:00+00:00,109956.09375,109972.796875,109918.28125,109951.9296875,885309440
2025-11-01 10:45:00+00:00,110055.15625,110085.859375,109999.3046875,109999.3046875,28721152
2025-11-01 11:00:00+00:00,110143.6953125,110164.15625,110063.296875,110063.296875,0
2025-11-01 11:15:00+00:00,110011.8828125,110128.703125,110011.8828125,110127.6796875,785866752
2025-11-01 11:30:00+00:00,110027.703125,110027.703125,109955.0,109987.09375,781611008
2025-11-01 11:45:00+00:00,110065.5,110111.1796875,110022.890625,110033.1640625,0
2025-11-01 12:00:00+00:00,110059.5,110128.328125,110059.5,110089.96875,1124216832
2025-11-01 12:15:00+00:00,110025.828125,110074.1171875,109991.71875,110057.234375,0
2025-11-01 12:30:00+00:00,110106.9453125,110121.0546875,110014.1796875,110014.1796875,0
2025-11-01 12:45:00+00:00,109993.09375,110112.625,109986.84375,110112.625,0
2025-11-01 13:00:00+00:00,109917.5234375,109985.7265625,109917.5234375,109985.7265625,623628288
2025-11-01 13:15:00+00:00,109965.125,109976.03125,109919.6640625,109919.6640625,0
2025-11-01 13:30:00+00:00,109719.453125,109992.2421875,109709.9296875,109969.546875,531238912
2025-11-01 13:45:00+00:00,109898.7890625,109940.4609375,109751.3046875,109751.3046875,637906944
2025-11-01 14:00:00+00:00,109732.6015625,109940.34375,109732.6015625,109922.5859375,0
2025-11-01 14:15:00+00:00,109794.3203125,109819.2421875,109702.1953125,109702.1953125,0
2025-11-01 14:30:00+00:00,109899.0,109899.0,109802.4140625,109802.4140625,0
2025-11-01 14:45:00+00:00,109889.7109375,109893.2734375,109846.7734375,109893.2734375,0
2025-11-01 15:00:00+00:00,110212.234375,110328.2109375,109869.1796875,109898.203125,0
2025-11-01 15:15:00+00:00,110038.109375,110257.5625,110038.109375,110224.109375,838512640
2025-11-01 15:30:00+00:00,110081.546875,110167.5078125,110040.1171875,110120.1796875,0
2025-11-01 15:45:00+00:00,110190.203125,110190.203125,110080.4765625,110102.3828125,0
2025-11-01 16:00:00+00:00,110331.9296875,110454.0859375,110293.625,110297.8046875,269051904
2025-11-01 16:15:00+00:00,110233.71875,110327.0703125,110233.71875,110265.4140625,1384013824
2025-11-01 16:30:00+00:00,110457.546875,110457.546875,110259.7109375,110259.7109375,77402112
2025-11-01 16:45:00+00:00,110508.953125,110548.96875,110455.890625,110499.734375,715499520
2025-11-01 17:00:00+00:00,110394.046875,110534.328125,110361.921875,110534.328125,585207808
2025-11-01 17:15:00+00:00,110307.484375,110405.9296875,110305.5078125,110405.9296875,0
2025-11-01 17:30:00+00:00,110403.90625,110420.1171875,110299.5390625,110351.3125,749918208
2025-11-01 17:45:00+00:00,110280.65625,110428.6328125,110264.671875,110361.1328125,0
2025-11-01 18:00:00+00:00,110387.046875,110387.046875,110291.1328125,110294.8203125,946341888
2025-11-01 18:15:00+00:00,110356.8046875,110418.765625,110346.671875,110346.671875,58023936
2025-11-01 18:30:00+00:00,110311.046875,110346.109375,110311.046875,110336.6328125,521709568
2025-11-01 18:45:00+00:00,110415.6171875,110444.0703125,110314.9921875,110314.9921875,0
2025-11-01 19:00:00+00:00,110302.265625,110400.9921875,110302.265625,110400.9921875,120012800
2025-11-01 19:15:00+00:00,110378.2578125,110378.2578125,110292.9609375,110316.875,0
2025-11-01 19:30:00+00:00,110364.0703125,110366.125,110315.578125,110354.109375,0
2025-11-01 19:45:00+00:00,110383.53125,110392.3515625,110332.4453125,110381.3125,0
2025-11-01 20:00:00+00:00,110449.8125,110449.8125,110366.375,110366.375,0
2025-11-01 20:15:00+00:00,110506.34375,110520.1484375,110416.6953125,110416.6953125,28160000
2025-11-01 20:30:00+00:00,110520.015625,110551.515625,110504.40625,110514.875,1145890816
2025-11-01 20:45:00+00:00,110494.8828125,110527.7890625,110481.3984375,110513.21875,1261430784
2025-11-01 21:00:00+00:00,110456.15625,110529.9375,110454.6328125,110502.7890625,0
2025-11-01 21:15:00+00:00,110311.2578125,110431.21875,110286.859375,110353.078125,866973696
2025-11-01 21:30:00+00:00,110156.515625,110308.34375,110133.3359375,110308.34375,778229760
2025-11-01 21:45:00+00:00,109895.546875,110151.90625,109895.546875,110151.90625,53694464
2025-11-01 22:00:00+00:00,109969.015625,109969.015625,109864.7421875,109902.0546875,88418304
2025-11-01 22:15:00+00:00,109971.90625,109971.90625,109918.609375,109930.2109375,69433344
2025-11-01 22:30:00+00:00,110002.4140625,110014.0234375,109961.5703125,109961.5703125,728555520
2025-11-01 22:45:00+00:00,110056.7265625,110056.7265625,109986.7421875,110012.4453125,44111872
2025-11-01 23:00:00+00:00,109999.5234375,110036.375,109976.1328125,110036.375,0
2025-11-01 23:15:00+00:00,110044.3671875,110044.3671875,109954.9921875,109978.5703125,109070336
2025-11-01 23:30:00+00:00,109991.5,110048.96875,109951.46875,110033.4765625,36696064
2025-11-01 23:45:00+00:00,110093.375,110093.375,109981.2578125,109991.171875,98713600
2025-11-02 00:00:00+00:00,109994.375,110033.5546875,109986.3515625,110033.5546875,0
2025-11-02 00:15:00+00:00,110033.78125,110033.78125,109903.5703125,109994.9296875,98875392
2025-11-02 00:30:00+00:00,109947.0390625,110018.65625,109937.7890625,110013.15625,183228416
2025-11-02 00:45:00+00:00,109915.125,109964.5,109915.125,109962.3984375,50243584
2025-11-02 01:00:00+00:00,109944.5546875,109944.5546875,109880.5390625,109923.609375,8366080
2025-11-02 01:15:00+00:00,110029.8828125,110029.8828125,109941.9765625,109941.9765625,0
2025-11-02 01:30:00+00:00,109986.46875,110063.5,109986.46875,110063.5,1101824
2025-11-02 01:45:00+00:00,109935.140625,110001.46875,109932.9609375,110001.46875,869390336
2025-11-02 02:00:00+00:00,109934.40625,109934.40625,109871.640625,109908.6484375,59328512
2025-11-02 02:15:00+00:00,109949.140625,109956.53125,109873.390625,109956.53125,0
2025-11-02 02:30:00+00:00,110001.2578125,110141.8203125,109968.0078125,109968.0078125,874772480
2025-11-02 02:45:00+00:00,109995.2265625,110012.4453125,109956.21875,110011.5546875,71278592
2025-11-02 03:00:00+00:00,109984.640625,109996.3125,109933.59375,109991.40625,808443904
2025-11-02 03:15:00+00:00,109941.875,109992.265625,109941.765625,109968.1640625,0
2025-11-02 03:30:00+00:00,109973.5703125,110003.46875,109937.8203125,109937.8203125,700340224
2025-11-02 03:45:00+00:00,109994.1796875,109994.1796875,109925.125,109976.2265625,45404160
2025-11-02 04:00:00+00:00,110050.4375,110104.0625,109988.9921875,109999.671875,122124288
2025-11-02 04:15:00+00:00,110136.6171875,110136.6171875,110041.140625,110104.890625,224303104
2025-11-02 04:30:00+00:00,110325.546875,110325.546875,110079.6953125,110114.65625,1192740864
2025-11-02 04:45:00+00:00,110666.9921875,110666.9921875,110418.7578125,110418.7578125,632825856
2025-11-02 05:00:00+00:00,110446.1875,110665.1171875,110446.1875,110626.8359375,615395328
2025-11-02 05:15:00+00:00,110403.421875,110550.578125,110334.15625,110506.1171875,198090752
2025-11-02 05:30:00+00:00,110395.6328125,110451.953125,110292.3828125,110398.7265625,1208238080
2025-11-02 05:45:00+00:00,110493.890625,110500.015625,110348.8359375,110485.1171875,470130688
2025-11-02 06:00:00+00:00,110386.640625,110476.84375,110386.640625,110476.84375,856989696
2025-11-02 06:15:00+00:00,110373.140625,110380.4140625,110299.125,110372.5234375,87705600
2025-11-02 06:30:00+00:00,110434.1953125,110434.1953125,110315.0703125,110365.4140625,420478976
2025-11-02 06:45:00+00:00,110636.0703125,110690.0,110588.484375,110588.484375,1022504960
2025-11-02 07:00:00+00:00,110502.375,110644.390625,110497.8515625,110636.3203125,944971776
2025-11-02 07:15:00+00:00,110458.7265625,110517.3515625,110437.53125,110512.484375,117901312
2025-11-02 07:30:00+00:00,110642.421875,110642.421875,110459.4609375,110476.0,246474752
2025-11-02 07:45:00+00:00,110886.0078125,110980.5546875,110621.9375,110655.9921875,294791168
2025-11-02 08:00:00+00:00,110758.796875,110930.125,110758.796875,110925.125,212191232
2025-11-02 08:15:00+00:00,110771.21875,110787.328125,110690.609375,110771.28125,829552640
2025-11-02 08:30:00+00:00,110760.0234375,110789.65625,110710.4296875,110749.3359375,969248768
2025-11-02 08:45:00+00:00,110754.9921875,110803.1171875,110750.96875,110803.1171875,68333568
2025-11-02 09:00:00+00:00,110919.015625,110919.015625,110792.9375,110792.9375,182687744
2025-11-02 09:15:00+00:00,110952.6953125,111000.359375,110892.359375,110934.9921875,160319488
2025-11-02 09:30:00+00:00,110560.703125,110947.625,110560.703125,110947.625,67741696
2025-11-02 09:45:00+00:00,110665.265625,110665.265625,110502.34375,110587.9296875,38631424
2025-11-02 10:00:00+00:00,110735.328125,110735.3828125,110585.5546875,110663.7578125,2167128064
2025-11-02 10:15:00+00:00,110558.3828125,110799.5078125,110558.3828125,110799.5078125,274989056
2025-11-02 10:30:00+00:00,110390.1171875,110560.7578125,110361.7109375,110560.7578125,188991488
2025-11-02 10:45:00+00:00,110400.8359375,110428.0078125,110362.875,110362.875,225517568
2025-11-02 11:00:00+00:00,110635.046875,110656.5625,110503.875,110503.875,70668288
2025-11-02 11:15:00+00:00,110854.9296875,110854.9296875,110637.78125,110637.78125,158121984
2025-11-02 11:30:00+00:00,110900.0703125,110900.0703125,110752.9140625,110842.40625,1070964736
2025-11-02 11:45:00+00:00,111113.234375,111123.921875,110879.4296875,110879.4296875,404865024
2025-11-02 12:00:00+00:00,111102.2578125,111152.6953125,111036.796875,111133.6640625,916664320
2025-11-02 12:15:00+00:00,110977.0703125,111142.5390625,110897.796875,111082.8125,922812416
2025-11-02 12:30:00+00:00,110822.1484375,110956.109375,110777.4453125,110922.671875,894795776
2025-11-02 12:45:00+00:00,110778.109375,110780.2890625,110709.3359375,110746.015625,231456768
2025-11-02 13:00:00+00:00,110587.1328125,110721.3515625,110556.8828125,110712.671875,59179008
2025-11-02 13:15:00+00:00,110332.34375,110572.3828125,110258.9375,110572.3828125,490219520
2025-11-02 13:30:00+00:00,110297.1328125,110413.046875,110292.203125,110344.203125,1069400064
2025-11-02 13:45:00+00:00,110529.6328125,110529.6328125,110281.0,110345.0,127410176
2025-11-02 14:00:00+00:00,110439.9609375,110625.1484375,110439.9609375,110494.6171875,812271616
2025-11-02 14:15:00+00:00,110218.09375,110476.7109375,110218.09375,110443.5390625,1333248
2025-11-02 14:30:00+00:00,110427.4296875,110456.90625,110251.734375,110251.734375,444987392
2025-11-02 14:45:00+00:00,110398.4765625,110443.953125,110226.5859375,110346.8125,973019136
2025-11-02 15:00:00+00:00,110318.890625,110396.3359375,110295.71875,110396.3359375,918794240
2025-11-02 15:15:00+00:00,110493.3515625,110496.9609375,110357.5078125,110357.5078125,50348032
2025-11-02 15:30:00+00:00,110242.53125,110512.2890625,110242.53125,110512.2890625,854405120
2025-11-02 15:45:00+00:00,110125.2421875,110321.5234375,110125.2421875,110251.84375,173207552
2025-11-02 16:00:00+00:00,109849.0625,110013.8984375,109820.875,109958.9609375,2064754688
2025-11-02 16:15:00+00:00,110052.0,110052.0,109747.109375,109824.125,866379776
2025-11-02 16:30:00+00:00,110033.109375,110075.359375,110010.875,110075.359375,54829056
2025-11-02 16:45:00+00:00,110122.578125,110122.578125,109983.96875,110059.0,773976064
2025-11-02 17:00:00+00:00,110187.96875,110206.640625,110098.640625,110119.375,922433536
2025-11-02 17:15:00+00:00,110199.3515625,110252.1484375,110155.421875,110188.625,143960064
2025-11-02 17:30:00+00:00,110045.4453125,110172.1015625,110038.21875,110172.1015625,58345472
2025-11-02 17:45:00+00:00,110153.3203125,110153.3203125,110034.1640625,110048.1875,889405440
2025-11-02 18:00:00+00:00,110226.125,110226.125,110173.4140625,110173.4140625,43251712
2025-11-02 18:15:00+00:00,110214.4296875,110264.7265625,110160.984375,110178.6484375,1536000
2025-11-02 18:30:00+00:00,110274.0078125,110274.0078125,110199.5859375,110226.7265625,835907584
2025-11-02 18:45:00+00:00,110268.265625,110309.9453125,110268.265625,110278.9453125,38053888
2025-11-02 19:00:00+00:00,110218.25,110315.734375,110207.0,110315.734375,102074368
2025-11-02 19:15:00+00:00,110036.265625,110185.65625,110036.265625,110172.828125,75315200
2025-11-02 19:30:00+00:00,110028.6953125,110112.6953125,109970.0078125,109981.5390625,890593280
2025-11-02 19:45:00+00:00,110172.5859375,110172.5859375,110024.1796875,110024.1796875,102131712
2025-11-02 20:00:00+00:00,110015.546875,110173.359375,110015.546875,110173.359375,762232832
2025-11-02 20:15:00+00:00,109909.4140625,110014.421875,109898.265625,109983.0625,222398464
2025-11-02 20:30:00+00:00,110035.7890625,110063.71875,109934.0859375,109934.0859375,85784576
2025-11-02 20:45:00+00:00,110063.5234375,110081.3515625,110025.3984375,110025.3984375,809521152
2025-11-02 21:00:00+00:00,110002.9296875,110113.6953125,109999.40625,110085.5703125,2127661056
2025-11-02 21:15:00+00:00,110038.46875,110043.2421875,109988.3515625,109989.3046875,960325632
2025-11-02 21:30:00+00:00,110014.296875,110058.453125,110009.765625,110020.2109375,117663744
2025-11-02 21:45:00+00:00,110011.9609375,110075.3984375,110011.9609375,110030.03125,819390464
2025-11-02 22:00:00+00:00,109979.3828125,110019.0078125,109979.3828125,110002.09375,0
2025-11-02 22:15:00+00:00,109971.9765625,109990.9140625,109957.5625,109971.0703125,73785344
2025-11-02 22:30:00+00:00,109654.96875,109984.3046875,109559.1015625,109984.3046875,553633792
2025-11-02 22:45:00+00:00,109798.46875,109798.46875,109633.71875,109633.71875,214255616
2025-11-02 23:00:00+00:00,110380.6796875,110380.6796875,109837.1953125,109837.1953125,1271269376
2025-11-02 23:15:00+00:00,110214.84375,110406.765625,110165.4453125,110406.765625,258045952
2025-11-02 23:30:00+00:00,110464.765625,110464.765625,110176.171875,110178.234375,1209372672
2025-11-02 23:45:00+00:00,110678.5546875,110678.5546875,110368.4921875,110423.828125,169648128
2025-11-03 00:00:00+00:00,110610.5234375,110713.7109375,110528.0390625,110528.0390625,848900096
2025-11-03 00:15:00+00:00,110377.75,110678.03125,110377.75,110678.03125,899375104
2025-11-03 00:30:00+00:00,110255.453125,110348.453125,110255.453125,110348.453125,0
2025-11-03 00:45:00+00:00,109835.9921875,110293.84375,109835.9921875,110293.84375,525273088
2025-11-03 01:00:00+00:00,109789.2890625,109814.9375,109524.1171875,109783.703125,517017600
2025-11-03 01:15:00+00:00,109620.4296875,109791.7578125,109569.78125,109740.59375,307052544
2025-11-03 01:30:00+00:00,109650.0546875,109700.1015625,109405.5703125,109637.3828125,2185465856
2025-11-03 01:45:00+00:00,109632.1640625,109828.9453125,109632.1640625,109788.3125,385896448
2025-11-03 02:00:00+00:00,109734.0078125,109734.0078125,109420.3828125,109679.25,245895168
2025-11-03 02:15:00+00:00,109291.859375,109633.609375,109291.859375,109633.609375,138407936
2025-11-03 02:30:00+00:00,108905.828125,109263.3359375,108885.65625,109263.3359375,971771904
2025-11-03 02:45:00+00:00,109011.6796875,109012.3515625,108711.5,108810.2734375,879521792
2025-11-03 03:00:00+00:00,108475.53125,109107.515625,108475.53125,109020.2421875,944529408
2025-11-03 03:15:00+00:00,108154.1328125,108417.0703125,108027.3828125,108261.21875,4016328704
2025-11-03 03:30:00+00:00,108303.9296875,108324.8671875,108040.203125,108115.2734375,735637504
2025-11-03 03:45:00+00:00,108007.796875,108257.484375,107971.4453125,108257.484375,380682240
2025-11-03 04:00:00+00:00,107708.2109375,107975.9609375,107612.7578125,107975.9609375,2107846656
2025-11-03 04:15:00+00:00,107871.609375,107871.609375,107532.7890625,107675.4453125,3426504704
2025-11-03 04:30:00+00:00,107753.8984375,107913.53125,107753.8984375,107851.5078125,576991232
2025-11-03 04:45:00+00:00,107852.1171875,107961.4296875,107699.5703125,107699.5703125,58286080
2025-11-03 05:00:00+00:00,107816.671875,107980.515625,107816.671875,107889.828125,0
2025-11-03 05:15:00+00:00,107957.9765625,107997.7890625,107795.6953125,107997.7890625,158773248
2025-11-03 05:30:00+00:00,107569.5546875,107974.8515625,107569.5546875,107959.765625,16162816
2025-11-03 05:45:00+00:00,107577.953125,107608.4453125,107432.2109375,107570.296875,186470400
2025-11-03 06:00:00+00:00,107329.0546875,107672.546875,107312.65625,107592.0078125,253919232
2025-11-03 06:15:00+00:00,107457.578125,107564.578125,107334.84375,107334.84375,338071552
2025-11-03 06:30:00+00:00,107373.8984375,107636.3515625,107373.6796875,107438.6015625,733560832
2025-11-03 06:45:00+00:00,107538.0234375,107567.71875,107065.546875,107358.5859375,277368832
2025-11-03 07:00:00+00:00,107414.5546875,107488.5625,107300.484375,107488.5625,1284349952
2025-11-03 07:15:00+00:00,107650.34375,107744.1953125,107319.75,107427.5234375,128356352
2025-11-03 07:30:00+00:00,107540.5390625,107642.921875,107539.0703125,107632.734375,1200001024
2025-11-03 07:45:00+00:00,107652.0625,107652.0625,107450.46875,107483.0390625,0
2025-11-03 08:00:00+00:00,107656.7734375,107674.28125,107435.59375,107493.0,796545024
2025-11-03 08:15:00+00:00,107234.546875,107584.3203125,107223.2421875,107584.3203125,145104896
2025-11-03 08:30:00+00:00,107180.484375,107264.90625,107137.0859375,107230.75,214339584
2025-11-03 08:45:00+00:00,107483.8359375,107556.984375,107049.109375,107234.046875,1672937472
2025-11-03 09:00:00+00:00,107781.796875,107844.625,107556.3359375,107556.3359375,135307264
2025-11-03 09:15:00+00:00,107404.6484375,107749.03125,107323.8984375,107749.03125,227143680
2025-11-03 09:30:00+00:00,107231.53125,107402.765625,107221.28125,107360.640625,190586880
2025-11-03 09:45:00+00:00,107120.5859375,107305.9453125,107097.9765625,107305.9453125,89976832
2025-11-03 10:00:00+00:00,107461.3671875,107494.5234375,107217.390625,107218.859375,1429233664
2025-11-03 10:15:00+00:00,107584.5390625,107584.5390625,107484.28125,107484.28125,777891840
2025-11-03 10:30:00+00:00,107248.2265625,107574.1953125,107248.2265625,107574.1953125,201801728
2025-11-03 10:45:00+00:00,107132.890625,107284.578125,107132.890625,107220.03125,179130368
2025-11-03 11:00:00+00:00,107498.359375,107498.359375,106909.953125,106909.953125,1478520832
2025-11-03 11:15:00+00:00,107509.296875,107715.0859375,107483.109375,107510.0,812109824
2025-11-03 11:30:00+00:00,107712.3359375,107712.3359375,107542.9921875,107640.203125,965087232
2025-11-03 11:45:00+00:00,107782.328125,107876.28125,107720.6171875,107730.265625,2134016
2025-11-03 12:00:00+00:00,108038.328125,108072.3125,107779.640625,107779.640625,159768576
2025-11-03 12:15:00+00:00,108203.6953125,108203.6953125,108043.390625,108043.390625,355016704
2025-11-03 12:30:00+00:00,107892.9921875,108219.8125,107886.5546875,108219.8125,216555520
2025-11-03 12:45:00+00:00,107775.34375,107948.0,107743.4296875,107861.28125,2088341504
2025-11-03 13:00:00+00:00,107724.3125,107758.796875,107618.3515625,107740.609375,839487488
2025-11-03 13:15:00+00:00,107644.9765625,107678.609375,107601.9140625,107639.8125,0
2025-11-03 13:30:00+00:00,107803.3828125,107959.6171875,107675.1015625,107675.1015625,471179264
2025-11-03 13:45:00+00:00,107873.296875,108004.421875,107832.2421875,107838.3515625,134094848
2025-11-03 14:00:00+00:00,108008.21875,108271.5703125,107892.859375,107892.859375,242663424
2025-11-03 14:15:00+00:00,107595.2265625,108010.2109375,107595.2265625,108010.2109375,1019281408
2025-11-03 14:30:00+00:00,107533.7421875,107766.796875,107421.0234375,107545.0234375,460169216
2025-11-03 14:45:00+00:00,107995.9296875,107995.9296875,107545.3046875,107565.0546875,1840021504
2025-11-03 15:00:00+00:00,107656.828125,108011.15625,107567.1015625,108011.15625,9748480
2025-11-03 15:15:00+00:00,106332.2890625,107677.7421875,106332.2890625,107677.7421875,2427174912
2025-11-03 15:30:00+00:00,106073.6484375,106444.0,105654.4765625,105883.8203125,3185926144
2025-11-03 15:45:00+00:00,105821.1953125,106167.5,105733.8125,106167.5,2132828160
2025-11-03 16:00:00+00:00,105956.8203125,105956.8203125,105369.6328125,105724.4609375,993705984
2025-11-03 16:15:00+00:00,106304.59375,106524.0546875,105836.0703125,105943.171875,1719255040
2025-11-03 16:30:00+00:00,106540.3203125,106540.3203125,106265.6640625,106331.8359375,1827057664
2025-11-03 16:45:00+00:00,106717.328125,106727.5546875,106467.0546875,106491.296875,1483259904
2025-11-03 17:00:00+00:00,106865.9140625,106866.640625,106565.765625,106690.109375,365088768
2025-11-03 17:15:00+00:00,107198.96875,107560.921875,106828.3359375,106828.3359375,1227718656
2025-11-03 17:30:00+00:00,107481.8046875,107511.0625,107077.9921875,107077.9921875,609472512
2025-11-03 17:45:00+00:00,107464.046875,107618.6640625,107336.3984375,107540.4375,988020736
2025-11-03 18:00:00+00:00,107240.390625,107519.5859375,107240.390625,107372.640625,1052139520
2025-11-03 18:15:00+00:00,107289.6875,107472.4609375,107110.21875,107181.0234375,1160388608
2025-11-03 18:30:00+00:00,106940.4609375,107322.4140625,106940.4609375,107245.6484375,403693568
2025-11-03 18:45:00+00:00,106961.703125,107125.421875,106819.5546875,106884.0078125,3896213504
2025-11-03 19:00:00+00:00,106792.9140625,106902.9453125,106598.6640625,106902.9453125,718393344
2025-11-03 19:15:00+00:00,106881.671875,107025.9765625,106759.078125,106759.078125,1163698176
2025-11-03 19:30:00+00:00,107161.765625,107322.1484375,107006.296875,107029.0078125,1441206272
2025-11-03 19:45:00+00:00,107110.515625,107326.328125,107053.4140625,107238.5390625,749441024
2025-11-03 20:00:00+00:00,106787.234375,107121.203125,106787.234375,107027.671875,1117315072
2025-11-03 20:15:00+00:00,106734.3828125,106734.3828125,106542.828125,106710.265625,567894016
2025-11-03 20:30:00+00:00,106686.5,106877.09375,106686.5,106739.21875,1155514368
2025-11-03 20:45:00+00:00,106418.59375,106612.4609375,106364.7265625,106612.4609375,257957888
2025-11-03 21:00:00+00:00,106578.140625,107027.65625,106578.140625,106613.5078125,1161568256
2025-11-03 21:15:00+00:00,106591.0546875,106608.53125,106286.078125,106533.6484375,1312284672
2025-11-03 21:30:00+00:00,106890.1953125,106902.5625,106559.890625,106609.3046875,557326336
2025-11-03 21:45:00+00:00,106819.1875,106986.1796875,106819.1875,106986.1796875,228655104
2025-11-03 22:00:00+00:00,106481.6484375,106849.65625,106387.6953125,106849.65625,176472064
2025-11-03 22:15:00+00:00,106151.1015625,106545.703125,106151.1015625,106476.1875,946593792
2025-11-03 22:30:00+00:00,106348.3515625,106380.4921875,105910.6796875,105910.6796875,819593216
2025-11-03 22:45:00+00:00,106397.515625,106580.0234375,106315.2265625,106356.5078125,385015808
2025-11-03 23:00:00+00:00,106255.28125,106375.9609375,106034.2734375,106375.9609375,685907968
2025-11-03 23:15:00+00:00,106468.1796875,106472.734375,106232.5859375,106232.5859375,2097152
2025-11-03 23:30:00+00:00,106631.671875,106679.7578125,106428.9765625,106464.9296875,331038720
2025-11-03 23:45:00+00:00,106592.1328125,106622.0234375,106476.0,106604.546875,316932096
2025-11-04 00:00:00+00:00,106354.15625,106557.8046875,106354.15625,106557.8046875,374521856
2025-11-04 00:15:00+00:00,105912.3828125,106300.515625,105893.09375,106300.515625,426139648
2025-11-04 00:30:00+00:00,106746.71875,106746.71875,105925.4921875,105936.515625,1353859072
2025-11-04 00:45:00+00:00,106391.3203125,106645.921875,106310.7578125,106645.921875,283303936
2025-11-04 01:00:00+00:00,106575.34375,106614.453125,106437.15625,106487.546875,610222080
2025-11-04 01:15:00+00:00,106783.9765625,107033.0703125,106529.96875,106564.6171875,1053753344
2025-11-04 01:30:00+00:00,107137.3046875,107188.703125,106858.25,106858.25,80486400
2025-11-04 01:45:00+00:00,107041.5625,107120.8203125,106724.515625,107120.8203125,960102400
2025-11-04 02:00:00+00:00,106936.328125,106936.328125,106726.0390625,106890.2421875,786202624
2025-11-04 02:15:00+00:00,106995.421875,107169.4765625,106858.84375,106915.03125,475340800
2025-11-04 02:30:00+00:00,106669.2578125,106950.5390625,106669.2578125,106866.109375,0
2025-11-04 02:45:00+00:00,106514.5546875,106722.9296875,106482.3828125,106722.9296875,479461376
2025-11-04 03:00:00+00:00,106792.6875,106792.6875,106236.953125,106469.8359375,1014784000
2025-11-04 03:15:00+00:00,106937.09375,106958.53125,106762.5546875,106875.0703125,62644224
2025-11-04 03:30:00+00:00,107150.8828125,107150.8828125,106837.390625,106916.7734375,308150272
2025-11-04 03:45:00+00:00,107136.75,107148.4296875,107016.78125,107141.1953125,397705216
2025-11-04 04:00:00+00:00,107105.6640625,107231.1796875,107105.6640625,107118.2578125,405274624
2025-11-04 04:15:00+00:00,106913.953125,107136.8671875,106913.953125,107136.8671875,117456896
2025-11-04 04:30:00+00:00,106861.8203125,106959.5234375,106796.875,106959.5234375,714055680
2025-11-04 04:45:00+00:00,106749.953125,106841.8515625,106712.140625,106841.8515625,0
2025-11-04 05:00:00+00:00,106578.5703125,106730.1484375,106500.8359375,106730.1484375,859807744
2025-11-04 05:15:00+00:00,105511.609375,106569.078125,105511.609375,106569.078125,520740864
2025-11-04 05:30:00+00:00,105164.09375,105673.7890625,105157.5625,105673.7890625,802930688
2025-11-04 05:45:00+00:00,104219.1484375,105016.9375,104219.1484375,105016.9375,2093948928
2025-11-04 06:00:00+00:00,104654.9765625,104654.9765625,104225.2109375,104225.2109375,1218666496
2025-11-04 06:15:00+00:00,104873.2421875,105135.8046875,104714.609375,104829.421875,2347704320
2025-11-04 06:30:00+00:00,104564.8515625,104878.9765625,104499.40625,104878.9765625,15196160
2025-11-04 06:45:00+00:00,104629.3125,104693.40625,104532.671875,104532.671875,185532416
2025-11-04 07:00:00+00:00,104382.828125,104838.234375,104382.828125,104736.015625,1711316992
2025-11-04 07:15:00+00:00,104470.625,104627.828125,104371.8125,104432.9140625,1604640768
2025-11-04 07:30:00+00:00,104347.75,104659.84375,104347.75,104360.734375,454393856
2025-11-04 07:45:00+00:00,104495.375,104522.9296875,104330.1640625,104337.1015625,983089152
2025-11-04 08:00:00+00:00,104156.5703125,104477.9296875,104049.9609375,104444.53125,324100096
2025-11-04 08:15:00+00:00,104147.859375,104341.09375,103749.71875,103868.75,1088700416
2025-11-04 08:30:00+00:00,104441.5859375,104501.8984375,104192.0,104192.0,275578880
2025-11-04 08:45:00+00:00,104000.140625,104413.625,103946.109375,104400.2109375,1070039040
2025-11-04 09:00:00+00:00,103687.6328125,104016.2890625,103687.6328125,104016.2890625,237993984
2025-11-04 09:15:00+00:00,103939.4921875,103947.984375,103693.234375,103768.8046875,294805504
2025-11-04 09:30:00+00:00,103940.421875,104035.8046875,103817.9765625,103843.6875,3831939072
2025-11-04 09:45:00+00:00,103899.796875,103899.796875,103661.484375,103853.375,741720064
2025-11-04 10:00:00+00:00,103713.125,103759.6015625,103658.5546875,103727.4453125,1032822784
2025-11-04 10:15:00+00:00,103680.5859375,103770.78125,103649.4296875,103717.3203125,151560192
2025-11-04 10:30:00+00:00,103837.640625,103995.953125,103635.4921875,103745.28125,994009088
2025-11-04 10:45:00+00:00,103777.453125,103778.8203125,103608.5,103778.8203125,802676736
2025-11-04 11:00:00+00:00,104135.5,104150.921875,103775.8984375,103783.0859375,0
2025-11-04 11:15:00+00:00,104300.46875,104373.2890625,104150.9921875,104154.5546875,226820096
2025-11-04 11:30:00+00:00,104543.234375,104543.234375,104272.28125,104298.5390625,2209284096
2025-11-04 11:45:00+00:00,104541.5859375,104574.4375,104467.859375,104555.7734375,180232192
2025-11-04 12:00:00+00:00,104287.3671875,104580.109375,104287.3671875,104513.828125,631267328
2025-11-04 12:15:00+00:00,104107.140625,104260.5859375,103868.421875,104251.15625,1514913792
2025-11-04 12:30:00+00:00,103985.1875,104052.6015625,103818.9609375,104052.6015625,147947520
2025-11-04 12:45:00+00:00,103943.203125,104044.09375,103925.6484375,103956.421875,1603362816
2025-11-04 13:00:00+00:00,103844.515625,103984.9921875,103787.8828125,103984.9921875,3039158272
2025-11-04 13:15:00+00:00,103579.4609375,103905.3046875,103579.4609375,103818.1640625,850477056
2025-11-04 13:30:00+00:00,104142.171875,104142.171875,103653.8984375,103653.8984375,409264128
2025-11-04 13:45:00+00:00,103901.125,104036.4375,103876.8515625,104031.34375,283148288
2025-11-04 14:00:00+00:00,103956.0625,103970.8359375,103699.0234375,103866.7265625,240082944
2025-11-04 14:15:00+00:00,103714.2890625,103878.125,103701.2109375,103878.125,61046784
2025-11-04 14:30:00+00:00,103744.109375,103837.328125,102943.9921875,103730.078125,2287599616
2025-11-04 14:45:00+00:00,104435.875,104626.1875,103849.390625,103849.390625,1813069824
2025-11-04 15:00:00+00:00,104381.9453125,104689.5234375,104202.71875,104525.4453125,1024778240
2025-11-04 15:15:00+00:00,104475.9453125,104711.625,104089.1875,104089.1875,215949312
2025-11-04 15:30:00+00:00,104061.9453125,104387.328125,104061.9453125,104387.328125,71802880
2025-11-04 15:45:00+00:00,103363.5625,104050.0234375,103337.8203125,104050.0234375,210411520
2025-11-04 16:00:00+00:00,103192.109375,103445.09375,103022.921875,103218.9296875,0
2025-11-04 16:15:00+00:00,102786.4609375,103084.40625,102572.7578125,103077.2109375,333332480
2025-11-04 16:30:00+00:00,102714.875,102836.9453125,102579.109375,102772.9140625,1022877696
2025-11-04 16:45:00+00:00,102204.0078125,102700.296875,102204.0078125,102635.0859375,583360512
2025-11-04 17:00:00+00:00,101299.0625,102140.5625,101233.5078125,102140.5625,975421440
2025-11-04 17:15:00+00:00,101303.0625,101452.59375,100906.5703125,101140.2421875,1362862080
2025-11-04 17:30:00+00:00,101282.203125,101849.140625,101282.203125,101314.1015625,1375789056
2025-11-04 17:45:00+00:00,101085.3125,101382.5234375,101063.28125,101344.5625,1443151872
2025-11-04 18:00:00+00:00,100879.8671875,101118.8984375,100587.5859375,101118.8984375,1132535808
2025-11-04 18:15:00+00:00,100628.9296875,100782.3359375,100318.6875,100749.5625,520888320
2025-11-04 18:30:00+00:00,100987.21875,100987.21875,100022.8203125,100617.8671875,2669928448
2025-11-04 18:45:00+00:00,101419.1640625,101419.1640625,100517.1015625,101119.640625,569229312
2025-11-04 19:00:00+00:00,101278.671875,101347.8125,101021.9140625,101319.15625,1501380608
2025-11-04 19:15:00+00:00,101325.7109375,101493.3515625,101213.40625,101392.3515625,429539328
2025-11-04 19:30:00+00:00,100659.8359375,101277.65625,100659.8359375,101277.65625,510984192
2025-11-04 19:45:00+00:00,100452.5,100887.53125,100452.5,100734.5625,404905984
2025-11-04 20:00:00+00:00,100346.7578125,100631.1328125,100332.9453125,100458.046875,3636584448
2025-11-04 20:15:00+00:00,100311.765625,100423.9765625,99688.796875,100423.9765625,3175276544
2025-11-04 20:30:00+00:00,100886.0859375,100940.859375,100183.7421875,100501.21875,2158624768
2025-11-04 20:45:00+00:00,100638.90625,100950.46875,100562.90625,100918.0546875,2005188608
2025-11-04 21:00:00+00:00,100555.9375,100774.8203125,100415.4921875,100701.0625,372187136
2025-11-04 21:15:00+00:00,99961.3125,100226.2109375,99746.09375,100155.40625,577183744
2025-11-04 21:30:00+00:00,99156.59375,99904.984375,99065.5546875,99904.984375,5338431488
2025-11-04 21:45:00+00:00,100164.46875,100164.46875,99168.6171875,99238.5625,1683750912
2025-11-04 22:00:00+00:00,100797.8125,100921.984375,100252.7109375,100252.7109375,2379218944
2025-11-04 22:15:00+00:00,101043.109375,101244.390625,100873.515625,100873.515625,764420096
2025-11-04 22:30:00+00:00,101234.6015625,101646.3515625,101074.9921875,101074.9921875,1494081536
2025-11-04 22:45:00+00:00,101071.25,101299.765625,100995.796875,101136.953125,544382976
2025-11-04 23:00:00+00:00,101067.203125,101483.8515625,100958.7265625,101159.25,971882496
2025-11-04 23:15:00+00:00,101126.8046875,101217.1953125,101039.4140625,101217.1953125,911753216
2025-11-04 23:30:00+00:00,101350.984375,101350.984375,101116.9765625,101235.828125,975667200
2025-11-04 23:45:00+00:00,101627.46875,101678.9140625,101357.421875,101357.421875,1364123648
2025-11-05 00:00:00+00:00,101133.8046875,101711.4140625,101121.140625,101517.0859375,656809984
2025-11-05 00:15:00+00:00,101147.6796875,101357.890625,101034.9296875,101102.484375,1160257536
2025-11-05 00:30:00+00:00,100516.015625,101054.21875,100516.015625,101022.234375,6193152
2025-11-05 00:45:00+00:00,100587.90625,100587.90625,100385.6484375,100472.703125,926564352
2025-11-05 01:00:00+00:00,100275.078125,100562.2421875,100082.140625,100562.2421875,172138496
2025-11-05 01:15:00+00:00,99213.4453125,100321.953125,99213.4453125,100321.953125,721936384
2025-11-05 01:30:00+00:00,99359.9453125,99471.6015625,99008.890625,99095.765625,751263744
2025-11-05 01:45:00+00:00,100911.65625,100911.65625,99312.1796875,99312.1796875,3682918400
2025-11-05 02:00:00+00:00,101037.859375,101488.9453125,100820.4140625,100820.4140625,1063419904
2025-11-05 02:15:00+00:00,101290.2578125,101408.078125,100972.21875,100972.21875,1554333696
2025-11-05 02:30:00+00:00,101548.4453125,101589.6171875,101218.890625,101271.203125,2435842048
2025-11-05 02:45:00+00:00,101697.1484375,101697.1484375,101312.2734375,101634.65625,1795325952
2025-11-05 03:00:00+00:00,101692.2265625,101784.109375,101565.5,101675.921875,1491853312
2025-11-05 03:15:00+00:00,102029.5,102029.5,101512.546875,101703.46875,3781189632
2025-11-05 03:30:00+00:00,102153.890625,102203.0234375,102015.8984375,102116.625,899833856
2025-11-05 03:45:00+00:00,102118.2734375,102224.7734375,102039.9453125,102200.6328125,1610022912
2025-11-05 04:00:00+00:00,101971.671875,102191.796875,101971.671875,102094.71875,1999372288
2025-11-05 04:15:00+00:00,101595.015625,101975.1875,101595.015625,101942.4140625,251822080
2025-11-05 04:30:00+00:00,101996.234375,102000.9609375,101562.828125,101562.828125,1948295168
2025-11-05 04:45:00+00:00,101941.546875,102158.6796875,101854.9140625,102112.28125,471924736
2025-11-05 05:00:00+00:00,102238.6171875,102238.6171875,101974.4296875,101974.4296875,270958592
2025-11-05 05:15:00+00:00,101873.5859375,102264.515625,101732.71875,102263.0625,491634688
2025-11-05 05:30:00+00:00,101915.8046875,102007.359375,101804.4140625,101891.453125,0
2025-11-05 05:45:00+00:00,101781.5234375,101781.5234375,101639.9453125,101735.7109375,679239680
2025-11-05 06:00:00+00:00,101577.8359375,101800.140625,101577.8359375,101795.875,0
2025-11-05 06:15:00+00:00,101836.296875,101855.03125,101556.5546875,101680.34375,426049536
2025-11-05 06:30:00+00:00,101807.4375,102031.1328125,101773.296875,101901.296875,942383104
2025-11-05 06:45:00+00:00,102110.515625,102110.515625,101876.5625,101881.484375,645464064
2025-11-05 07:00:00+00:00,101870.578125,102104.4296875,101808.5703125,102104.4296875,3435307008
2025-11-05 07:15:00+00:00,101799.8359375,101907.6875,101664.9296875,101901.3359375,420749312
2025-11-05 07:30:00+00:00,101865.1171875,101912.8984375,101804.8671875,101834.8125,992911360
2025-11-05 07:45:00+00:00,102066.140625,102067.6171875,101884.7421875,101884.7421875,770662400
2025-11-05 08:00:00+00:00,101687.3671875,102026.765625,101687.3671875,102026.765625,3348430848
2025-11-05 08:15:00+00:00,101433.59375,101629.65625,101204.78125,101629.65625,102334464
2025-11-05 08:30:00+00:00,101564.3046875,101707.828125,101351.3359375,101452.28125,506347520
2025-11-05 08:45:00+00:00,101742.4296875,101770.6875,101366.5234375,101487.21875,822738944
2025-11-05 09:00:00+00:00,101876.109375,102110.9140625,101638.234375,101693.6171875,1758748672
2025-11-05 09:15:00+00:00,101882.453125,101947.21875,101656.921875,101900.015625,441876480
2025-11-05 09:30:00+00:00,101937.015625,101955.03125,101804.3359375,101885.3125,34988032
2025-11-05 09:45:00+00:00,101974.6796875,102005.296875,101797.015625,101937.84375,18776064
2025-11-05 10:00:00+00:00,101765.125,101964.3671875,101765.125,101964.3671875,0
2025-11-05 10:15:00+00:00,101760.2890625,101817.1640625,101685.6640625,101761.7734375,73334784
2025-11-05 10:30:00+00:00,101732.59375,101799.3515625,101629.2265625,101780.765625,75948032
2025-11-05 10:45:00+00:00,101418.46875,101731.0390625,101341.9453125,101731.0390625,335904768
2025-11-05 11:00:00+00:00,101569.1796875,101650.5390625,101429.0,101429.0,41287680
2025-11-05 11:15:00+00:00,101573.609375,101720.9609375,101513.2578125,101609.5078125,240435200
2025-11-05 11:30:00+00:00,101730.0703125,101809.65625,101592.3515625,101592.3515625,199196672
2025-11-05 11:45:00+00:00,101998.875,102072.7421875,101748.90625,101748.90625,921018368
2025-11-05 12:00:00+00:00,102035.4140625,102076.40625,101956.9140625,102076.40625,898457600
2025-11-05 12:15:00+00:00,102383.5390625,102593.0078125,102028.921875,102031.015625,0
2025-11-05 12:30:00+00:00,102688.03125,102688.03125,102352.9453125,102519.234375,1274552320
2025-11-05 12:45:00+00:00,102623.484375,102703.03125,102518.5234375,102703.03125,826310656
2025-11-05 13:00:00+00:00,102508.6328125,102743.6015625,102507.8671875,102655.3359375,744677376
2025-11-05 13:15:00+00:00,102522.9609375,102533.8984375,102309.8046875,102492.875,891052032
2025-11-05 13:30:00+00:00,102866.84375,102866.84375,102394.7109375,102518.1328125,0
2025-11-05 13:45:00+00:00,102965.234375,103176.7578125,102832.140625,102941.1171875,406061056
2025-11-05 14:00:00+00:00,102732.1484375,102972.984375,102732.1484375,102972.984375,537837568
2025-11-05 14:15:00+00:00,102645.0546875,102728.9375,102594.3359375,102649.046875,994295808
2025-11-05 14:30:00+00:00,103107.3046875,103107.3046875,102313.234375,102665.5703125,351903744
2025-11-05 14:45:00+00:00,103150.4140625,103398.4921875,102962.75,102977.1875,0
2025-11-05 15:00:00+00:00,103095.9921875,103395.5625,102876.9453125,103194.046875,0
2025-11-05 15:15:00+00:00,103330.3046875,103330.3046875,103097.78125,103108.2265625,3455926272
2025-11-05 15:30:00+00:00,103728.90625,103728.90625,103355.1171875,103361.3125,44744704
2025-11-05 15:45:00+00:00,103686.015625,103717.9140625,103588.40625,103614.1875,311992320
2025-11-05 16:00:00+00:00,103366.6015625,103756.578125,103366.6015625,103708.40625,0
2025-11-05 16:15:00+00:00,103408.6640625,103408.6640625,103135.40625,103289.9765625,0
2025-11-05 16:30:00+00:00,103574.953125,103767.6171875,103494.6875,103494.6875,523018240
2025-11-05 16:45:00+00:00,103905.546875,103984.5859375,103580.453125,103580.453125,37863424
2025-11-05 17:00:00+00:00,103512.5,103930.3828125,103411.0703125,103930.3828125,0
2025-11-05 17:15:00+00:00,103976.109375,103976.109375,103512.6953125,103512.6953125,0
2025-11-05 17:30:00+00:00,103936.0078125,103954.0234375,103800.78125,103954.0234375,538320896
2025-11-05 17:45:00+00:00,103827.5,103919.0703125,103546.6796875,103919.0703125,358760448
2025-11-05 18:00:00+00:00,103888.7578125,103923.9296875,103781.265625,103805.078125,0
2025-11-05 18:15:00+00:00,104046.8828125,104050.09375,103945.5859375,103961.6796875,2740461568
2025-11-05 18:30:00+00:00,104220.8046875,104258.7734375,104071.0234375,104092.1171875,0
2025-11-05 18:45:00+00:00,104308.3203125,104394.8046875,104187.6171875,104199.828125,2484985856
2025-11-05 19:00:00+00:00,104141.7890625,104346.71875,104104.234375,104346.71875,2335940608
2025-11-05 19:15:00+00:00,104332.453125,104420.3671875,104224.7421875,104225.9296875,256442368
2025-11-05 19:30:00+00:00,104385.109375,104436.1328125,104245.21875,104245.21875,2780291072
2025-11-05 19:45:00+00:00,104103.484375,104312.765625,104011.984375,104312.765625,0
2025-11-05 20:00:00+00:00,104499.4765625,104499.4765625,103981.109375,104084.8203125,0
2025-11-05 20:15:00+00:00,104141.078125,104501.3515625,104106.1484375,104501.3515625,2788040704
2025-11-05 20:30:00+00:00,103886.7578125,104046.6875,103839.8359375,104046.6875,0
2025-11-05 20:45:00+00:00,103851.6015625,103963.078125,103768.7421875,103911.7265625,0
2025-11-05 21:00:00+00:00,103626.0,103863.734375,103626.0,103863.734375,0
2025-11-05 21:15:00+00:00,103619.171875,103796.453125,103619.171875,103631.1953125,0
2025-11-05 21:30:00+00:00,103623.0703125,103698.1328125,103576.890625,103583.265625,0
2025-11-05 21:45:00+00:00,103672.265625,103738.5078125,103595.90625,103596.25,0
2025-11-05 22:00:00+00:00,103448.1171875,103674.8671875,103436.0,103674.8671875,0
2025-11-05 22:15:00+00:00,103435.9609375,103456.6796875,103324.578125,103324.578125,0
2025-11-05 22:30:00+00:00,103564.4921875,103564.4921875,103352.171875,103393.0859375,0
2025-11-05 22:45:00+00:00,103765.9921875,103765.9921875,103556.203125,103556.203125,416350208
2025-11-05 23:00:00+00:00,103769.75,103820.1640625,103692.8671875,103772.78125,0
2025-11-05 23:15:00+00:00,103951.5703125,103953.5234375,103777.765625,103777.765625,0
2025-11-05 23:30:00+00:00,103995.5234375,103995.5234375,103899.8515625,103969.6875,1995759616
2025-11-05 23:45:00+00:00,103917.0703125,104061.25,103878.8671875,104061.25,0
2025-11-06 00:00:00+00:00,103744.296875,103896.96875,103482.3515625,103896.96875,0
2025-11-06 00:15:00+00:00,103413.0703125,103749.8046875,103373.5859375,103713.328125,425656320
2025-11-06 00:30:00+00:00,103382.734375,103473.9921875,103376.6328125,103436.0234375,522911744
2025-11-06 00:45:00+00:00,103671.828125,103673.4765625,103384.2734375,103384.2734375,0
2025-11-06 01:00:00+00:00,103259.28125,103623.109375,103197.046875,103623.109375,0
2025-11-06 01:15:00+00:00,102888.0,103251.7265625,102865.2109375,103251.7265625,2023014400
2025-11-06 01:30:00+00:00,103295.34375,103361.0078125,102842.328125,102842.328125,188088320
2025-11-06 01:45:00+00:00,103418.59375,103481.21875,103309.6015625,103309.6015625,1439367168
2025-11-06 02:00:00+00:00,103055.6640625,103372.0078125,103020.3359375,103372.0078125,0
2025-11-06 02:15:00+00:00,102877.40625,103105.1875,102867.140625,102956.90625,0
2025-11-06 02:30:00+00:00,103415.75,103419.28125,102926.7890625,102926.7890625,0
2025-11-06 02:45:00+00:00,103464.6796875,103523.8984375,103407.7265625,103407.7265625,1469300736
2025-11-06 03:00:00+00:00,103513.9921875,103538.796875,103374.8671875,103374.8671875,0
2025-11-06 03:15:00+00:00,103704.8203125,103900.0703125,103540.21875,103540.21875,1488343040
2025-11-06 03:30:00+00:00,103648.9375,103746.71875,103609.59375,103609.59375,0
2025-11-06 03:45:00+00:00,103681.921875,103696.921875,103635.796875,103635.796875,0
2025-11-06 04:00:00+00:00,103689.875,103689.875,103587.421875,103622.421875,0
2025-11-06 04:15:00+00:00,103767.90625,103818.7109375,103720.1015625,103772.125,0
2025-11-06 04:30:00+00:00,103821.8515625,103821.8515625,103695.234375,103758.5234375,0
2025-11-06 04:45:00+00:00,103931.5703125,104147.3046875,103854.640625,103854.640625,8409088
2025-11-06 05:00:00+00:00,103431.359375,104007.65625,103431.359375,104001.4921875,64712704
2025-11-06 05:15:00+00:00,103519.375,103624.375,103442.7265625,103493.21875,0
2025-11-06 05:30:00+00:00,103257.4375,103528.0703125,103128.34375,103528.0703125,100798464
2025-11-06 05:45:00+00:00,103115.7734375,103311.390625,103115.7734375,103254.5,0
2025-11-06 06:00:00+00:00,103204.296875,103221.3203125,103109.265625,103122.2734375,157577216
2025-11-06 06:15:00+00:00,103459.5,103487.7890625,103236.4375,103236.4375,0
2025-11-06 06:30:00+00:00,103344.96875,103569.578125,103325.75,103477.953125,148660224
2025-11-06 06:45:00+00:00,103317.15625,103406.3984375,103306.90625,103344.46875,196526080
2025-11-06 07:00:00+00:00,103323.125,103492.6640625,103211.484375,103340.6015625,320921600
2025-11-06 07:15:00+00:00,103421.6484375,103460.484375,102948.1015625,103302.859375,179642368
2025-11-06 07:30:00+00:00,103094.015625,103415.59375,103072.375,103415.59375,1350586368
2025-11-06 07:45:00+00:00,103235.3984375,103235.3984375,103005.2890625,103173.390625,277856256
2025-11-06 08:00:00+00:00,103219.3046875,103219.3046875,103024.3984375,103189.03125,16285696
2025-11-06 08:15:00+00:00,103314.3515625,103384.8203125,103249.1328125,103249.1328125,0
2025-11-06 08:30:00+00:00,103228.953125,103343.1796875,103219.796875,103343.1796875,31977472
2025-11-06 08:45:00+00:00,103262.78125,103262.78125,103106.0234375,103208.1328125,0
2025-11-06 09:00:00+00:00,103013.734375,103250.203125,102900.890625,103194.09375,2448707584
2025-11-06 09:15:00+00:00,103014.0390625,103129.234375,102996.40625,103100.0703125,705974272
2025-11-06 09:30:00+00:00,102987.0234375,103058.53125,102948.015625,102957.578125,665657344
2025-11-06 09:45:00+00:00,102905.7734375,103028.296875,102884.515625,102968.0859375,0
2025-11-06 10:00:00+00:00,102899.078125,102899.078125,102687.1875,102844.6875,1133711360
2025-11-06 10:15:00+00:00,103025.96875,103058.4140625,102848.7265625,102872.4296875,1577263104
2025-11-06 10:30:00+00:00,103202.890625,103262.796875,103026.90625,103026.90625,742277120
2025-11-06 10:45:00+00:00,103148.328125,103160.0078125,103016.6953125,103118.0546875,625520640
2025-11-06 11:00:00+00:00,102861.53125,103059.546875,102768.109375,103059.546875,64647168
2025-11-06 11:15:00+00:00,103119.0234375,103159.6875,102857.2890625,102861.1640625,647680000
2025-11-06 11:30:00+00:00,103265.203125,103265.203125,103123.4921875,103135.3671875,57552896
2025-11-06 11:45:00+00:00,103199.3515625,103231.828125,103162.359375,103223.671875,102604800
2025-11-06 12:00:00+00:00,103161.453125,103206.1796875,102977.8203125,103199.8984375,1406128128
2025-11-06 12:15:00+00:00,102792.1328125,102991.9453125,102788.953125,102991.9453125,0
2025-11-06 12:30:00+00:00,102574.4375,102874.09375,102574.4375,102829.6953125,0
2025-11-06 12:45:00+00:00,102542.484375,102608.453125,102409.2421875,102474.3828125,467111936
2025-11-06 13:00:00+00:00,102802.8359375,102892.5390625,102607.1875,102612.5546875,856756224
2025-11-06 13:15:00+00:00,103456.6171875,103516.9375,102862.5625,102862.5625,168935424
2025-11-06 13:30:00+00:00,103246.4375,103467.40625,103125.140625,103441.25,491290624
2025-11-06 13:45:00+00:00,103256.4609375,103455.3671875,103239.5625,103239.5625,1331212288
2025-11-06 14:00:00+00:00,102979.3203125,103436.84375,102777.625,103291.5390625,483622912
2025-11-06 14:15:00+00:00,102790.734375,103079.953125,102767.203125,102992.609375,1103855616
2025-11-06 14:30:00+00:00,102575.046875,102833.0703125,102330.0703125,102833.0703125,604741632
2025-11-06 14:45:00+00:00,102043.2421875,102809.6171875,102043.2421875,102456.875,0
2025-11-06 15:00:00+00:00,102228.046875,102308.7578125,101947.3671875,101978.9453125,1048891392
2025-11-06 15:15:00+00:00,102514.78125,102845.8359375,102161.0546875,102222.3359375,295235584
2025-11-06 15:30:00+00:00,102012.2578125,102413.1171875,101811.6875,102413.1171875,1188429824
2025-11-06 15:45:00+00:00,101944.7265625,102084.2578125,101737.375,101892.796875,692834304
2025-11-06 16:00:00+00:00,102008.765625,102233.875,101975.71875,101975.71875,962899968
2025-11-06 16:15:00+00:00,101757.515625,101757.515625,101754.859375,101754.859375,0
2025-11-06 16:30:00+00:00,100345.3515625,101771.421875,100345.3515625,101771.421875,0
2025-11-06 16:45:00+00:00,100851.34375,101034.0625,100342.953125,100521.203125,1245749248
2025-11-06 17:00:00+00:00,101137.421875,101336.3671875,100798.7421875,100921.875,1379258368
2025-11-06 17:15:00+00:00,101347.8046875,101347.8046875,100935.109375,100935.109375,638488576
2025-11-06 17:30:00+00:00,101321.5703125,101460.7109375,101220.3984375,101381.515625,486412288
2025-11-06 17:45:00+00:00,101682.4296875,101800.7109375,101299.875,101299.875,37830656
2025-11-06 18:00:00+00:00,101311.65625,101752.3515625,101298.3671875,101752.3515625,2380447744
2025-11-06 18:15:00+00:00,101358.90625,101445.515625,100943.703125,101333.4296875,314777600
2025-11-06 18:30:00+00:00,101696.78125,101732.125,101313.7890625,101313.7890625,0
2025-11-06 18:45:00+00:00,101700.34375,102233.90625,101631.171875,101631.171875,202174464
2025-11-06 19:00:00+00:00,101811.9296875,101811.9296875,101635.796875,101635.796875,1769467904
2025-11-06 19:15:00+00:00,101804.6015625,101943.0,101712.1015625,101904.0,924205056
2025-11-06 19:30:00+00:00,101253.171875,101803.546875,101253.171875,101705.6171875,752562176
2025-11-06 19:45:00+00:00,101487.046875,101487.046875,101219.546875,101416.9140625,65486848
2025-11-06 20:00:00+00:00,101379.125,101526.890625,101365.96875,101365.96875,999587840
2025-11-06 20:15:00+00:00,101210.7421875,101375.125,101111.140625,101268.2109375,1111375872
2025-11-06 20:30:00+00:00,100723.609375,101071.78125,100723.609375,101054.2578125,285282304
2025-11-06 20:45:00+00:00,100936.9921875,101022.8671875,100678.0234375,100694.2890625,70103040
2025-11-06 21:00:00+00:00,100695.578125,100934.2578125,100676.2890625,100860.140625,1639759872
2025-11-06 21:15:00+00:00,100787.2578125,100787.2578125,100562.203125,100596.78125,49356800
2025-11-06 21:30:00+00:00,101094.0234375,101097.3671875,100831.2890625,100833.484375,319102976
2025-11-06 21:45:00+00:00,101066.046875,101167.15625,100843.4609375,101016.375,157261824
2025-11-06 22:00:00+00:00,101069.890625,101320.296875,101067.796875,101067.796875,2548539392
2025-11-06 22:15:00+00:00,101104.578125,101256.0078125,100983.9765625,100983.9765625,126185472
2025-11-06 22:30:00+00:00,101123.0625,101230.265625,101055.84375,101097.390625,821972992
2025-11-06 22:45:00+00:00,101395.9140625,101395.9140625,101104.1328125,101148.90625,135618560
2025-11-06 23:00:00+00:00,101410.6484375,101416.2109375,101208.046875,101416.2109375,71319552
2025-11-06 23:15:00+00:00,101275.9453125,101475.5078125,101173.4140625,101391.1953125,2171027456
2025-11-06 23:30:00+00:00,101163.8046875,101322.640625,101145.609375,101322.640625,355917824
2025-11-06 23:45:00+00:00,101318.703125,101330.7265625,101217.515625,101217.515625,153616384
2025-11-07 00:00:00+00:00,101222.15625,101586.28125,101222.15625,101298.1328125,2338918400
2025-11-07 00:15:00+00:00,100749.15625,101381.3984375,100749.15625,101288.53125,848691200
2025-11-07 00:30:00+00:00,101280.6015625,101309.25,100791.3671875,100862.8515625,691949568
2025-11-07 00:45:00+00:00,101510.03125,101510.03125,101281.0,101298.5234375,682704896
2025-11-07 01:00:00+00:00,101291.2578125,101483.6328125,101093.453125,101458.734375,929968128
2025-11-07 01:15:00+00:00,101707.75,101834.5546875,101243.03125,101284.3984375,11268096
2025-11-07 01:30:00+00:00,101141.7734375,101666.1484375,100977.0078125,101666.1484375,872263680
2025-11-07 01:45:00+00:00,101432.9921875,101432.9921875,100946.5390625,101096.1171875,1659678720
2025-11-07 02:00:00+00:00,101553.9609375,101563.25,101422.9453125,101497.1875,2753265664
2025-11-07 02:15:00+00:00,101280.40625,101599.109375,101280.40625,101544.65625,288178176
2025-11-07 02:30:00+00:00,101554.421875,101554.421875,101242.7734375,101244.65625,1070743552
2025-11-07 02:45:00+00:00,101808.0859375,101808.0859375,101524.4921875,101524.4921875,194621440
2025-11-07 03:00:00+00:00,102225.9921875,102262.46875,101852.4765625,101852.4765625,888913920
2025-11-07 03:15:00+00:00,102173.5625,102314.984375,102083.9296875,102314.984375,236490752
2025-11-07 03:30:00+00:00,102064.5234375,102242.1328125,102064.5234375,102242.1328125,2377555968
2025-11-07 03:45:00+00:00,101893.6640625,102135.71875,101881.234375,102086.0,0
2025-11-07 04:00:00+00:00,101550.0234375,101913.6484375,101550.0234375,101869.5234375,1966915584
2025-11-07 04:15:00+00:00,101951.1484375,101970.90625,101537.8046875,101537.8046875,379609088
2025-11-07 04:30:00+00:00,101795.8203125,101966.796875,101722.0,101966.796875,1842122752
2025-11-07 04:45:00+00:00,101953.234375,101953.234375,101753.6640625,101782.2421875,996311040
2025-11-07 05:00:00+00:00,102311.875,102431.7421875,101973.1640625,101973.1640625,214720512
2025-11-07 05:15:00+00:00,102288.71875,102381.7421875,102250.390625,102381.7421875,36892672
2025-11-07 05:30:00+00:00,102278.578125,102362.8359375,102256.359375,102362.8359375,2215239680
2025-11-07 05:45:00+00:00,102368.59375,102412.109375,102237.2265625,102270.3125,1157980160
2025-11-07 06:00:00+00:00,102357.7890625,102429.765625,102243.859375,102385.6796875,304513024
2025-11-07 06:15:00+00:00,102246.8984375,102406.7734375,102246.8984375,102321.2109375,32694272
2025-11-07 06:30:00+00:00,102035.203125,102205.3515625,102029.953125,102205.3515625,109215744
2025-11-07 06:45:00+00:00,101857.8828125,102041.078125,101851.453125,102041.078125,302759936
2025-11-07 07:00:00+00:00,101888.8671875,101917.578125,101829.0078125,101844.1953125,666025984
2025-11-07 07:15:00+00:00,101782.3984375,101959.953125,101689.5078125,101845.8046875,1184530432
2025-11-07 07:30:00+00:00,101768.21875,101800.96875,101602.015625,101792.4375,245489664
2025-11-07 07:45:00+00:00,101970.90625,101970.90625,101755.828125,101772.765625,1149812736
2025-11-07 08:00:00+00:00,101849.3828125,101967.6640625,101849.3828125,101967.6640625,846921728
2025-11-07 08:15:00+00:00,101821.7109375,101891.4765625,101717.7265625,101869.6484375,367837184
2025-11-07 08:30:00+00:00,101548.453125,101803.0234375,101518.40625,101803.0234375,126910464
2025-11-07 08:45:00+00:00,101472.078125,101576.390625,101441.5546875,101576.390625,202121216
2025-11-07 09:00:00+00:00,101323.1328125,101453.453125,101175.109375,101453.453125,0
2025-11-07 09:15:00+00:00,100968.2578125,101424.5078125,100968.2578125,101315.671875,576757760
2025-11-07 09:30:00+00:00,100859.75,101047.0625,100829.1953125,100968.53125,670752768
2025-11-07 09:45:00+00:00,100892.0546875,100946.546875,100797.2265625,100892.3359375,604454912
2025-11-07 10:00:00+00:00,100963.984375,101171.5,100932.1171875,100963.8359375,7118848
2025-11-07 10:15:00+00:00,100708.265625,100938.734375,100662.1953125,100938.734375,572293120
2025-11-07 10:30:00+00:00,100778.7265625,100778.7265625,100592.1484375,100651.8515625,369221632
2025-11-07 10:45:00+00:00,100705.59375,100885.1875,100549.265625,100885.1875,492093440
2025-11-07 11:00:00+00:00,100169.2109375,100743.0234375,100169.2109375,100743.0234375,854417408
2025-11-07 11:15:00+00:00,99945.34375,100174.59375,99842.5078125,100100.6015625,1514512384
2025-11-07 11:30:00+00:00,100148.5859375,100178.125,99902.0,99976.4375,1582604288
2025-11-07 11:45:00+00:00,100313.25,100491.046875,100082.9609375,100082.9609375,1357103104
2025-11-07 12:00:00+00:00,100260.75,100524.8828125,100260.75,100349.6015625,2177474560
2025-11-07 12:15:00+00:00,99830.1484375,100244.734375,99830.1484375,100237.84375,888692736
2025-11-07 12:30:00+00:00,99660.921875,99880.0703125,99623.953125,99880.0703125,2648154112
2025-11-07 12:45:00+00:00,99586.625,99706.9375,99309.9609375,99706.9375,1363075072
2025-11-07 13:00:00+00:00,99930.6796875,100147.390625,99436.9921875,99573.078125,374620160
2025-11-07 13:15:00+00:00,100094.2890625,100426.1640625,99864.296875,99987.578125,739745792
2025-11-07 13:30:00+00:00,100073.6015625,100265.28125,100039.984375,100039.984375,2098151424
2025-11-07 13:45:00+00:00,100249.6875,100487.6171875,100121.9140625,100121.9140625,359751680
2025-11-07 14:00:00+00:00,100400.28125,100400.28125,99981.7421875,100266.640625,879132672
2025-11-07 14:15:00+00:00,100259.0859375,100294.0546875,100038.6015625,100294.0546875,1551212544
2025-11-07 14:30:00+00:00,100397.25,100397.25,99618.1953125,100244.3359375,317939712
2025-11-07 14:45:00+00:00,100710.0,100715.015625,100394.7265625,100583.34375,2419867648
2025-11-07 15:00:00+00:00,100998.3359375,101041.5234375,100417.7890625,100681.8203125,341753856
2025-11-07 15:15:00+00:00,100979.5859375,101149.421875,100626.421875,101061.7109375,4111204352
2025-11-07 15:30:00+00:00,100492.7890625,100989.6953125,100394.2734375,100944.2109375,1080705024
2025-11-07 15:45:00+00:00,100866.7578125,100987.40625,100517.7265625,100517.7265625,1693245440
2025-11-07 16:00:00+00:00,100525.875,100832.171875,100525.875,100764.2109375,55582720
2025-11-07 16:15:00+00:00,101506.1953125,101506.1953125,100492.5859375,100492.5859375,520921088
2025-11-07 16:30:00+00:00,101317.265625,101533.09375,101039.3046875,101469.4453125,480313344
2025-11-07 16:45:00+00:00,100971.84375,101348.734375,100965.828125,101323.3828125,0
2025-11-07 17:00:00+00:00,101438.1875,101438.1875,100911.8828125,101089.5078125,1080385536
2025-11-07 17:15:00+00:00,102136.015625,102333.0390625,101553.8671875,101553.8671875,489963520
2025-11-07 17:30:00+00:00,102082.875,102594.7578125,102054.78125,102267.921875,3566051328
2025-11-07 17:45:00+00:00,102289.4296875,102308.625,101867.875,102070.90625,1557929984
2025-11-07 18:00:00+00:00,102621.5390625,102691.984375,102312.6484375,102316.8828125,3968221184
2025-11-07 18:15:00+00:00,102616.359375,102744.78125,102373.53125,102555.078125,462635008
2025-11-07 18:30:00+00:00,102552.984375,102713.46875,102492.3984375,102613.1796875,1551613952
2025-11-07 18:45:00+00:00,102604.1640625,102610.3046875,102266.53125,102575.859375,128516096
2025-11-07 19:00:00+00:00,102637.390625,102637.390625,102467.40625,102483.3828125,300195840
2025-11-07 19:15:00+00:00,102833.421875,102862.328125,102738.109375,102760.53125,347029504
2025-11-07 19:30:00+00:00,103167.609375,103189.671875,102779.28125,102779.28125,931856384
2025-11-07 19:45:00+00:00,103244.1796875,103244.1796875,103091.4140625,103203.015625,578797568
2025-11-07 20:00:00+00:00,103302.625,103346.0234375,102958.6875,103339.796875,1132437504
2025-11-07 20:15:00+00:00,103203.5859375,103327.796875,102991.7890625,103286.5078125,172048384
2025-11-07 20:30:00+00:00,103682.8671875,103708.9140625,103250.4921875,103250.4921875,2578137088
2025-11-07 20:45:00+00:00,103746.3515625,103852.1640625,103693.96875,103784.265625,325099520
2025-11-07 21:00:00+00:00,103421.453125,103766.359375,103396.8828125,103766.359375,4493697024
2025-11-07 21:15:00+00:00,103415.6796875,103512.4375,103386.578125,103431.1875,353820672
2025-11-07 21:30:00+00:00,103458.3671875,103484.046875,103384.25,103412.0078125,324214784
2025-11-07 21:45:00+00:00,103814.828125,103814.828125,103431.859375,103457.4296875,2447859712
2025-11-07 22:00:00+00:00,103931.96875,104036.640625,103776.6875,103839.625,1376788480
2025-11-07 22:15:00+00:00,103964.703125,103970.046875,103698.5234375,103698.5234375,0
2025-11-07 22:30:00+00:00,103746.078125,103936.3046875,103746.078125,103936.3046875,3021815808
2025-11-07 23:45:00+00:00,103373.3671875,103476.5234375,103352.1875,103436.6484375,0
2025-11-08 00:00:00+00:00,103199.484375,103344.234375,103098.9296875,103296.953125,26902528
2025-11-08 00:15:00+00:00,103042.625,103359.0625,103042.625,103249.453125,64978944
2025-11-08 00:30:00+00:00,102845.3359375,103046.90625,102613.7578125,103027.9140625,42893312
2025-11-08 00:45:00+00:00,102696.0078125,103082.6953125,102627.2578125,102841.9453125,87957504
2025-11-08 01:00:00+00:00,102873.8125,103011.1953125,102617.6953125,102617.6953125,1498456064
2025-11-08 01:15:00+00:00,102928.4453125,102997.6015625,102832.5390625,102832.5390625,0
2025-11-08 01:30:00+00:00,103014.1015625,103147.140625,102860.5078125,102923.515625,656441344
2025-11-08 01:45:00+00:00,102935.203125,103030.4296875,102917.3203125,102984.828125,1780187136
2025-11-08 02:00:00+00:00,103043.1484375,103043.1484375,102895.3203125,102926.21875,738246656
2025-11-08 02:15:00+00:00,103222.7109375,103222.7109375,103050.7734375,103076.4375,873455616
2025-11-08 02:30:00+00:00,103113.0703125,103254.578125,103109.25,103195.90625,796164096
2025-11-08 02:45:00+00:00,102831.546875,103124.1640625,102728.140625,103124.1640625,65667072
2025-11-08 03:00:00+00:00,103036.59375,103113.421875,102835.8203125,102835.8203125,664928256
2025-11-08 03:15:00+00:00,103129.8125,103237.3984375,103029.890625,103029.890625,705159168
2025-11-08 03:30:00+00:00,102713.21875,103100.5078125,102680.375,103100.5078125,0
2025-11-08 03:45:00+00:00,102600.0390625,102712.1875,102569.5078125,102712.1875,2018533376
2025-11-08 04:00:00+00:00,102611.5625,102663.1015625,102602.5703125,102630.40625,1016897536
2025-11-08 04:15:00+00:00,102475.5703125,102593.3203125,102468.5859375,102593.3203125,904028160
2025-11-08 04:30:00+00:00,102649.25,102649.25,102383.75,102446.859375,1307246592
2025-11-08 04:45:00+00:00,102474.8046875,102748.40625,102430.0546875,102693.578125,853049344
2025-11-08 05:00:00+00:00,102516.7109375,102659.265625,102513.8125,102531.1171875,772726784
2025-11-08 05:15:00+00:00,102486.8125,102524.1015625,102450.8125,102482.2421875,0
2025-11-08 05:30:00+00:00,102404.84375,102525.6796875,102404.84375,102472.2578125,902987776
2025-11-08 05:45:00+00:00,102293.1640625,102471.375,102283.078125,102404.84375,1471176704
2025-11-08 06:00:00+00:00,102183.1328125,102283.9609375,102136.828125,102257.390625,1418428416
2025-11-08 06:15:00+00:00,102244.890625,102366.6953125,102159.5859375,102159.5859375,2440798208
2025-11-08 06:30:00+00:00,102451.4765625,102468.03125,102290.2578125,102290.2578125,235536384
2025-11-08 06:45:00+00:00,102182.0859375,102409.078125,102182.0859375,102405.5078125,775561216
2025-11-08 07:00:00+00:00,102225.8984375,102225.8984375,102138.7890625,102180.578125,1896226816
2025-11-08 07:15:00+00:00,102018.2890625,102282.640625,101911.6015625,102232.890625,75759616
2025-11-08 07:30:00+00:00,102225.0234375,102225.0234375,102000.796875,102065.6875,675545088
2025-11-08 07:45:00+00:00,102301.4140625,102333.8125,102199.3984375,102199.3984375,38821888
2025-11-08 08:00:00+00:00,102401.3359375,102413.5078125,102271.5625,102309.9921875,98467840
2025-11-08 08:15:00+00:00,102451.890625,102451.890625,102146.0703125,102381.5,882417664
2025-11-08 08:30:00+00:00,102599.6875,102619.5078125,102397.5078125,102416.984375,299155456
2025-11-08 08:45:00+00:00,102421.28125,102581.6875,102421.28125,102581.6875,44474368
2025-11-08 09:00:00+00:00,102221.625,102413.7890625,102220.4453125,102413.7890625,0
2025-11-08 09:15:00+00:00,102421.9140625,102441.1953125,102213.0546875,102228.3046875,0
2025-11-08 09:30:00+00:00,102532.84375,102545.3359375,102431.9921875,102431.9921875,974921728
2025-11-08 09:45:00+00:00,102347.8046875,102523.9453125,102299.578125,102522.1953125,0
2025-11-08 10:00:00+00:00,102312.390625,102352.109375,102263.8359375,102352.109375,0
2025-11-08 10:15:00+00:00,102469.203125,102469.203125,102308.296875,102308.296875,592740352
2025-11-08 10:30:00+00:00,102425.75,102509.234375,102425.75,102467.34375,1079115776
2025-11-08 10:45:00+00:00,102504.71875,102515.2734375,102446.4921875,102446.4921875,0
2025-11-08 11:00:00+00:00,102565.21875,102565.21875,102433.921875,102474.34375,484245504
2025-11-08 11:15:00+00:00,102487.9453125,102582.3125,102467.5390625,102582.3125,0
2025-11-08 11:30:00+00:00,102006.6796875,102462.2890625,101963.875,102462.2890625,82812928
2025-11-08 11:45:00+00:00,101775.734375,102015.6640625,101760.0859375,101994.046875,0
2025-11-08 12:00:00+00:00,101766.4375,102006.515625,101766.4375,101804.6171875,785514496
2025-11-08 12:15:00+00:00,101989.3359375,101989.3359375,101732.8359375,101732.8359375,684531712
2025-11-08 12:30:00+00:00,102001.1640625,102001.1640625,101955.765625,101977.046875,0
2025-11-08 12:45:00+00:00,101972.8515625,101985.3671875,101876.3984375,101938.6875,146579456
2025-11-08 13:00:00+00:00,101918.203125,102027.5546875,101751.2578125,102000.375,605855744
2025-11-08 13:15:00+00:00,102064.671875,102109.8515625,101851.6640625,101931.46875,0
2025-11-08 13:30:00+00:00,102093.6328125,102154.59375,101930.0859375,102059.4765625,726261760
2025-11-08 13:45:00+00:00,101922.296875,101980.3359375,101869.8515625,101980.3359375,0
2025-11-08 14:00:00+00:00,101599.765625,101799.1015625,101599.765625,101772.140625,0
2025-11-08 14:15:00+00:00,101666.421875,101687.0390625,101463.1953125,101589.75,18227200
2025-11-08 14:30:00+00:00,101967.6484375,102019.0390625,101698.6875,101710.28125,640327680
2025-11-08 14:45:00+00:00,101829.4296875,102013.859375,101829.4296875,101939.328125,477200384
2025-11-08 15:00:00+00:00,101755.4765625,101878.890625,101755.4765625,101819.6171875,172957696
2025-11-08 15:15:00+00:00,101502.9140625,101883.9296875,101498.921875,101802.015625,673562624
2025-11-08 15:30:00+00:00,101546.609375,101621.7421875,101501.0,101553.453125,0
2025-11-08 15:45:00+00:00,101637.4375,101694.9921875,101524.640625,101524.640625,0
2025-11-08 16:00:00+00:00,101831.125,101831.125,101535.1015625,101678.3046875,451629056
2025-11-08 16:15:00+00:00,101824.4140625,101901.65625,101724.296875,101895.4140625,0
2025-11-08 16:30:00+00:00,101784.703125,101908.0,101783.953125,101817.8671875,0
2025-11-08 16:45:00+00:00,101747.3984375,101761.3984375,101711.671875,101756.953125,23773184
2025-11-08 17:00:00+00:00,101627.4140625,101834.5,101592.9453125,101834.5,82190336
2025-11-08 17:15:00+00:00,101797.625,101815.984375,101627.9140625,101627.9140625,605696000
2025-11-08 17:30:00+00:00,101895.703125,101913.4765625,101786.0703125,101786.0703125,0
2025-11-08 17:45:00+00:00,101963.703125,101963.703125,101812.78125,101910.453125,950243328
2025-11-08 18:00:00+00:00,101982.0703125,101982.0703125,101918.9609375,101956.0546875,353058816
2025-11-08 18:15:00+00:00,101896.6953125,101976.5078125,101819.015625,101974.4296875,597098496
2025-11-08 18:30:00+00:00,102030.9921875,102065.8828125,101915.0234375,101959.9140625,0
2025-11-08 18:45:00+00:00,102201.7421875,102201.7421875,102000.1015625,102041.6953125,0
2025-11-08 19:00:00+00:00,102109.8203125,102169.140625,102087.25,102169.140625,0
2025-11-08 19:15:00+00:00,101733.71875,102103.0234375,101557.6796875,102103.0234375,509026304
2025-11-08 19:30:00+00:00,101968.53125,101993.0625,101760.46875,101778.2578125,0
2025-11-08 19:45:00+00:00,101920.5546875,101962.8515625,101878.125,101937.625,0
2025-11-08 20:00:00+00:00,101993.234375,102027.3125,101955.2890625,101955.2890625,1003593728
2025-11-08 20:15:00+00:00,102067.703125,102067.703125,101951.0078125,101956.1328125,0
2025-11-08 20:30:00+00:00,102094.8125,102108.28125,102054.59375,102079.3359375,667258880
2025-11-08 20:45:00+00:00,102022.8046875,102127.5546875,102022.8046875,102099.03125,685158400
2025-11-08 21:00:00+00:00,102073.046875,102096.0234375,102032.0625,102032.0625,727764992
2025-11-08 21:15:00+00:00,102084.515625,102084.515625,102040.234375,102040.234375,5165056
2025-11-08 21:30:00+00:00,102291.8984375,102291.8984375,102077.7265625,102081.1796875,19951616
2025-11-08 21:45:00+00:00,102261.375,102329.9375,102228.4765625,102298.5625,97955840
2025-11-08 22:00:00+00:00,102258.09375,102267.8046875,102200.9921875,102267.8046875,565317632
2025-11-08 22:15:00+00:00,102310.7109375,102328.3984375,102225.65625,102328.3984375,865476608
2025-11-08 22:30:00+00:00,102264.0546875,102303.21875,102217.53125,102300.0390625,666488832
2025-11-08 22:45:00+00:00,102375.125,102396.3828125,102251.9921875,102264.7578125,917106688
2025-11-08 23:00:00+00:00,102381.1484375,102397.96875,102339.6875,102365.5078125,666603520
2025-11-08 23:15:00+00:00,102405.21875,102405.21875,102365.6171875,102365.6171875,0
2025-11-08 23:30:00+00:00,102350.8515625,102455.3203125,102311.9921875,102418.1484375,694185984
2025-11-08 23:45:00+00:00,102283.6875,102363.171875,102279.125,102363.171875,37842944
2025-11-09 00:00:00+00:00,102069.71875,102307.6328125,102069.71875,102287.390625,460156928
2025-11-09 00:15:00+00:00,101714.125,102053.546875,101677.78125,102053.546875,157323264
2025-11-09 00:30:00+00:00,102001.453125,102041.59375,101748.7421875,101748.7421875,1045241856
2025-11-09 00:45:00+00:00,101766.984375,102001.0859375,101749.5625,102001.0859375,711970816
2025-11-09 01:00:00+00:00,101852.4140625,101979.9453125,101760.6328125,101760.6328125,175001600
2025-11-09 01:15:00+00:00,101763.8515625,101952.7421875,101763.8515625,101897.1953125,23891968
2025-11-09 01:30:00+00:00,101884.59375,101899.890625,101712.0625,101812.6953125,54452224
2025-11-09 01:45:00+00:00,102041.6796875,102061.375,101948.25,101948.25,446464
2025-11-09 02:00:00+00:00,101807.6484375,102025.0625,101807.6484375,102025.0625,862269440
2025-11-09 02:15:00+00:00,101874.6796875,101965.71875,101818.0390625,101837.5234375,10215424
2025-11-09 02:30:00+00:00,101784.7578125,101873.828125,101775.0703125,101873.828125,0
2025-11-09 02:45:00+00:00,101616.46875,101854.890625,101616.46875,101769.3515625,890281984
2025-11-09 03:00:00+00:00,101728.8359375,101764.6171875,101578.0,101613.8359375,1057751040
2025-11-09 03:15:00+00:00,101526.234375,101782.40625,101512.3671875,101721.234375,48668672
2025-11-09 03:30:00+00:00,101704.3359375,101704.3359375,101468.875,101468.875,980529152
2025-11-09 03:45:00+00:00,101650.90625,101693.8203125,101543.484375,101642.9453125,49504256
2025-11-09 04:00:00+00:00,101788.796875,101802.5,101632.546875,101634.7421875,1531555840
2025-11-09 04:15:00+00:00,102020.6796875,102064.609375,101802.21875,101802.21875,883142656
2025-11-09 04:30:00+00:00,101848.71875,102053.9375,101848.71875,102040.6875,774610944
2025-11-09 04:45:00+00:00,101702.1015625,101851.8125,101702.1015625,101849.625,0
2025-11-09 05:00:00+00:00,101751.0625,101752.375,101660.859375,101701.4765625,0
2025-11-09 05:15:00+00:00,101889.0859375,101889.0859375,101762.6328125,101763.703125,850186240
2025-11-09 05:30:00+00:00,101842.3515625,101911.3046875,101796.9921875,101911.3046875,212619264
2025-11-09 05:45:00+00:00,101884.125,101884.125,101816.765625,101816.765625,38981632
2025-11-09 06:00:00+00:00,101837.3359375,101912.5,101831.328125,101895.65625,618635264
2025-11-09 06:15:00+00:00,101867.0390625,101880.6953125,101830.4765625,101846.40625,0
2025-11-09 06:30:00+00:00,101898.7421875,101910.8984375,101811.5625,101862.7734375,0
2025-11-09 06:45:00+00:00,101699.9375,101902.3359375,101699.9375,101902.3359375,795922432
2025-11-09 07:00:00+00:00,101845.0,101845.0,101699.65625,101727.2109375,746971136
2025-11-09 07:15:00+00:00,101784.640625,101818.6015625,101744.9609375,101818.6015625,813494272
2025-11-09 07:30:00+00:00,101852.953125,101886.453125,101763.7109375,101769.6875,792322048
2025-11-09 07:45:00+00:00,101885.4609375,101904.8359375,101846.2734375,101848.578125,104546304
2025-11-09 08:00:00+00:00,101918.3125,101931.046875,101887.65625,101922.34375,704364544
2025-11-09 08:15:00+00:00,101881.828125,101999.328125,101822.4296875,101950.578125,799850496
2025-11-09 08:30:00+00:00,101904.3125,101993.8515625,101891.765625,101915.1953125,790982656
2025-11-09 08:45:00+00:00,101939.59375,101939.59375,101883.671875,101907.0390625,576638976
2025-11-09 09:00:00+00:00,102071.2265625,102071.2265625,101961.296875,101961.296875,0
2025-11-09 09:15:00+00:00,101936.734375,102117.5234375,101936.734375,102046.9765625,1622110208
2025-11-09 09:30:00+00:00,101949.46875,101979.546875,101926.140625,101933.296875,21655552
2025-11-09 09:45:00+00:00,101657.390625,101906.375,101626.484375,101906.375,50626560
2025-11-09 10:00:00+00:00,101562.2734375,101638.2890625,101524.90625,101638.2890625,341315584
2025-11-09 10:15:00+00:00,101739.4296875,101786.8125,101532.796875,101573.2265625,209207296
2025-11-09 10:30:00+00:00,101676.1328125,101718.359375,101584.1953125,101718.359375,996618240
2025-11-09 10:45:00+00:00,101826.2734375,101869.34375,101752.9296875,101752.9296875,924934144
2025-11-09 11:00:00+00:00,102069.75,102069.75,101849.7109375,101849.7109375,48128000
2025-11-09 11:15:00+00:00,102201.015625,102242.875,102140.171875,102162.40625,554864640
2025-11-09 11:30:00+00:00,102155.75,102155.75,102054.90625,102140.9375,751845376
2025-11-09 11:45:00+00:00,102188.7109375,102266.2890625,102151.1484375,102151.1484375,627163136
2025-11-09 12:00:00+00:00,102228.2421875,102228.2421875,102127.078125,102208.90625,0
2025-11-09 12:15:00+00:00,102238.3984375,102384.4765625,102228.3046875,102228.3046875,965672960
2025-11-09 12:30:00+00:00,102150.484375,102245.46875,102114.328125,102164.8515625,1030156288
2025-11-09 12:45:00+00:00,102055.9140625,102179.3984375,102055.9140625,102143.265625,10477568
2025-11-09 13:00:00+00:00,102403.0390625,102403.0390625,102065.234375,102065.234375,672600064
2025-11-09 13:15:00+00:00,102460.90625,102460.90625,102334.6875,102340.078125,783413248
2025-11-09 13:30:00+00:00,102706.625,102731.78125,102472.84375,102478.8125,289153024
2025-11-09 13:45:00+00:00,102877.796875,102970.890625,102730.609375,102747.890625,887586816
2025-11-09 14:00:00+00:00,103078.640625,103105.3671875,102775.5078125,102901.2578125,0
2025-11-09 14:15:00+00:00,103622.2109375,103622.2109375,102949.828125,103061.2890625,971227136
2025-11-09 14:30:00+00:00,103290.375,103976.703125,103287.9921875,103831.765625,3059261440
2025-11-09 14:45:00+00:00,102975.3828125,103322.9296875,102975.3828125,103312.5390625,324820992
2025-11-09 15:00:00+00:00,103367.734375,103431.984375,102996.1328125,102996.1328125,1408774144
2025-11-09 15:15:00+00:00,103467.2109375,103568.171875,103340.265625,103340.265625,954953728
2025-11-09 15:30:00+00:00,103853.6015625,103859.6484375,103518.953125,103532.640625,263180288
2025-11-09 15:45:00+00:00,103758.5078125,104012.7421875,103707.8125,103833.359375,1507090432
2025-11-09 16:00:00+00:00,103478.421875,103822.265625,103459.9921875,103730.7734375,238395392
2025-11-09 16:15:00+00:00,103500.859375,103522.6875,103367.890625,103380.046875,84008960
2025-11-09 16:30:00+00:00,103495.3046875,103495.3046875,103345.8515625,103488.5859375,997269504
2025-11-09 16:45:00+00:00,103818.515625,103839.796875,103491.9140625,103491.9140625,275259392
2025-11-09 17:00:00+00:00,103643.4375,103915.578125,103579.4296875,103819.6953125,73678848
2025-11-09 17:15:00+00:00,103466.328125,103633.859375,103393.984375,103633.859375,931606528
2025-11-09 17:30:00+00:00,103512.1796875,103774.8671875,103512.1796875,103574.4375,942583808
2025-11-09 17:45:00+00:00,103601.1953125,103639.84375,103489.7265625,103489.7265625,1811759104
2025-11-09 18:00:00+00:00,103659.9609375,103710.9296875,103581.9921875,103617.9453125,173899776
2025-11-09 18:15:00+00:00,103624.25,103669.59375,103566.203125,103638.5,764776448
2025-11-09 18:30:00+00:00,103766.3359375,103770.75,103619.8828125,103619.8828125,0
2025-11-09 18:45:00+00:00,104487.046875,104487.046875,103788.5625,103788.5625,752955392
2025-11-09 19:00:00+00:00,104292.015625,104571.34375,104268.0703125,104507.8203125,329846784
2025-11-09 19:15:00+00:00,104634.25,104634.25,104190.6875,104229.3828125,236007424
2025-11-09 19:30:00+00:00,104709.390625,104774.03125,104600.890625,104731.7421875,539353088
2025-11-09 19:45:00+00:00,104786.1875,104786.1875,104691.8359375,104722.953125,815505408
2025-11-09 20:00:00+00:00,104517.8671875,104987.3984375,104477.078125,104788.0625,1848672256
2025-11-09 20:15:00+00:00,104507.140625,104580.390625,104462.8125,104533.6328125,254078976
2025-11-09 20:30:00+00:00,104550.328125,104674.0546875,104491.796875,104499.0,974675968
2025-11-09 20:45:00+00:00,104588.6171875,104614.625,104525.4609375,104561.5,77119488
2025-11-09 21:00:00+00:00,104409.765625,104637.9453125,104386.1640625,104622.8828125,2267496448
2025-11-09 21:15:00+00:00,104634.140625,104646.859375,104382.90625,104382.90625,75948032
2025-11-09 21:30:00+00:00,104650.671875,104793.03125,104602.8125,104631.9765625,129638400
2025-11-09 21:45:00+00:00,104523.21875,104771.265625,104341.6875,104771.265625,340099072
2025-11-09 22:00:00+00:00,104375.203125,104594.0859375,104205.515625,104504.6171875,528445440
2025-11-09 22:15:00+00:00,104444.03125,104655.6328125,104427.109375,104427.109375,1024327680
2025-11-09 22:30:00+00:00,104260.546875,104424.1875,104189.84375,104393.546875,1184440320
2025-11-09 22:45:00+00:00,104688.78125,104774.640625,104273.65625,104273.65625,1135579136
2025-11-09 23:00:00+00:00,105045.875,105253.3046875,104675.6484375,104675.6484375,614928384
2025-11-09 23:15:00+00:00,104766.1484375,105028.421875,104718.7734375,104951.203125,535957504
2025-11-09 23:30:00+00:00,104597.078125,104748.078125,104566.4140625,104689.6015625,1449713664
2025-11-09 23:45:00+00:00,104740.078125,104740.625,104534.5625,104569.6640625,327028736
2025-11-10 00:00:00+00:00,104970.5859375,104970.5859375,104365.1796875,104725.828125,1001811968
2025-11-10 00:15:00+00:00,105510.140625,105643.3515625,104991.4140625,105021.484375,1470758912
2025-11-10 00:30:00+00:00,105973.34375,105990.8203125,105500.1484375,105508.84375,2191675392
2025-11-10 00:45:00+00:00,106373.5703125,106432.9375,105978.203125,105996.8203125,311169024
2025-11-10 01:00:00+00:00,106529.5234375,106529.5234375,106151.7421875,106284.1640625,3547099136
2025-11-10 01:15:00+00:00,106152.78125,106343.4140625,106080.4296875,106342.1640625,1037832192
2025-11-10 01:30:00+00:00,105855.09375,106123.296875,105815.125,106064.5625,1109684224
2025-11-10 01:45:00+00:00,105757.2109375,106027.7578125,105757.2109375,105806.375,897724416
2025-11-10 02:00:00+00:00,105785.609375,105804.4140625,105636.921875,105727.796875,1315205120
2025-11-10 02:15:00+00:00,105919.3828125,105919.3828125,105799.3125,105801.2265625,98471936
2025-11-10 02:30:00+00:00,105704.4140625,105910.0,105704.4140625,105760.5390625,297549824
2025-11-10 02:45:00+00:00,105904.9609375,105915.9609375,105676.078125,105678.9296875,32849920
2025-11-10 03:00:00+00:00,105892.1953125,106209.71875,105861.609375,106066.484375,795971584
2025-11-10 03:15:00+00:00,105924.6015625,106012.140625,105885.1328125,105885.1328125,62111744
2025-11-10 03:30:00+00:00,106144.09375,106144.09375,105897.015625,105955.6328125,862158848
2025-11-10 03:45:00+00:00,106007.0859375,106198.34375,105977.0546875,106198.34375,1332314112
2025-11-10 04:00:00+00:00,106191.7578125,106237.7578125,106021.4296875,106021.4296875,378818560
2025-11-10 04:15:00+00:00,105921.8359375,106165.6953125,105888.2109375,106165.6953125,818896896
2025-11-10 04:30:00+00:00,105877.453125,105925.234375,105859.90625,105916.015625,0
2025-11-10 04:45:00+00:00,106187.7421875,106224.34375,105863.0859375,105908.9921875,672669696
2025-11-10 05:00:00+00:00,106328.421875,106328.421875,106160.9609375,106168.328125,619708416
2025-11-10 05:15:00+00:00,106237.1484375,106416.171875,106110.125,106333.296875,935006208
2025-11-10 05:30:00+00:00,106130.6015625,106266.1328125,106031.546875,106235.796875,947970048
2025-11-10 05:45:00+00:00,106085.9609375,106165.84375,106046.984375,106145.2421875,41947136
2025-11-10 06:00:00+00:00,106142.359375,106212.953125,106062.6640625,106062.6640625,783179776
2025-11-10 06:15:00+00:00,106068.90625,106214.5078125,105995.1953125,106195.0234375,111063040
2025-11-10 06:30:00+00:00,106160.7109375,106160.7109375,106098.1640625,106098.1640625,125476864
2025-11-10 06:45:00+00:00,106233.1796875,106284.5234375,106167.2734375,106184.078125,1022808064
2025-11-10 07:00:00+00:00,106510.4921875,106510.4921875,106214.484375,106216.3046875,0
2025-11-10 07:15:00+00:00,106335.75,106511.3125,106285.6328125,106511.3125,933167104
2025-11-10 07:30:00+00:00,106353.234375,106414.609375,106245.90625,106337.875,1129934848
2025-11-10 07:45:00+00:00,106421.890625,106421.890625,106339.125,106339.125,437542912
2025-11-10 08:00:00+00:00,106327.0078125,106513.96875,106327.0078125,106442.296875,1058025472
2025-11-10 08:15:00+00:00,106246.4453125,106287.015625,106237.2109375,106272.8046875,93134848
2025-11-10 08:30:00+00:00,105926.84375,106253.765625,105922.125,106253.765625,1624125440
2025-11-10 08:45:00+00:00,105923.7734375,105993.171875,105916.5,105916.5,359251968
2025-11-10 09:00:00+00:00,105980.4140625,106071.9375,105946.9296875,105946.9296875,2182750208
2025-11-10 09:15:00+00:00,106280.9140625,106280.9140625,105957.390625,105959.34375,334929920
2025-11-10 09:30:00+00:00,106470.453125,106486.9140625,106365.359375,106368.09375,386088960
2025-11-10 09:45:00+00:00,106386.796875,106545.859375,106386.046875,106481.7578125,237649920
2025-11-10 10:00:00+00:00,106275.7734375,106424.65625,106275.7734375,106424.65625,775847936
2025-11-10 10:15:00+00:00,106198.765625,106365.21875,106198.765625,106282.6640625,737714176
2025-11-10 10:30:00+00:00,106063.75,106146.234375,105999.8046875,106146.234375,0
2025-11-10 10:45:00+00:00,106005.2890625,106116.734375,105976.296875,106050.0703125,90546176
2025-11-10 11:00:00+00:00,106061.109375,106080.171875,105944.421875,106001.7890625,1419141120
2025-11-10 11:15:00+00:00,106192.546875,106215.3984375,106010.0625,106054.8203125,34471936
2025-11-10 11:30:00+00:00,106236.7734375,106259.921875,106162.4375,106166.265625,1590968320
2025-11-10 11:45:00+00:00,106184.1953125,106283.828125,106180.6171875,106269.578125,103489536
2025-11-10 12:00:00+00:00,105978.6953125,106184.328125,105883.9140625,106184.328125,859635712
2025-11-10 12:15:00+00:00,105939.046875,106023.28125,105926.640625,105966.7734375,98394112
2025-11-10 12:30:00+00:00,105942.0234375,105968.6875,105915.796875,105931.609375,1205731328
2025-11-10 12:45:00+00:00,105925.8203125,105941.5390625,105901.015625,105936.46875,64356352
2025-11-10 13:00:00+00:00,106320.4375,106493.5234375,105913.2109375,105929.4453125,187138048
2025-11-10 13:15:00+00:00,106314.1640625,106314.1640625,106081.53125,106276.171875,953229312
2025-11-10 13:30:00+00:00,106445.8203125,106498.0703125,106309.4921875,106309.4921875,753115136
2025-11-10 13:45:00+00:00,106535.1328125,106535.1328125,106424.5625,106429.4375,748716032
2025-11-10 14:00:00+00:00,106214.3515625,106491.734375,106214.3515625,106491.734375,1942577152
2025-11-10 14:15:00+00:00,106165.296875,106315.140625,106165.296875,106246.78125,0
2025-11-10 14:30:00+00:00,105643.109375,106158.0234375,105643.109375,106158.0234375,227393536
2025-11-10 14:45:00+00:00,104951.7890625,105660.09375,104727.78125,105660.09375,1067761664
2025-11-10 15:00:00+00:00,105198.75,105309.421875,104836.09375,104893.6796875,1009713152
2025-11-10 15:15:00+00:00,105321.3828125,105368.5078125,105012.625,105012.625,1039343616
2025-11-10 15:30:00+00:00,105396.28125,105489.78125,105275.6015625,105437.703125,580345856
2025-11-10 15:45:00+00:00,104979.7734375,105392.5234375,104737.09375,105382.34375,2115207168
2025-11-10 16:00:00+00:00,105270.0703125,105321.6875,104941.3203125,105024.46875,1715167232
2025-11-10 16:15:00+00:00,105104.5,105287.734375,105040.3203125,105265.078125,999047168
2025-11-10 16:30:00+00:00,104958.9921875,105303.703125,104958.9921875,105151.5625,915775488
2025-11-10 16:45:00+00:00,105167.859375,105167.859375,104823.875,104952.4375,889462784
2025-11-10 17:00:00+00:00,105287.65625,105440.5859375,105198.7265625,105237.1484375,780230656
2025-11-10 17:15:00+00:00,105414.6328125,105415.7421875,105296.5703125,105296.5703125,1746124800
2025-11-10 17:30:00+00:00,105641.5625,105689.0546875,105391.25,105401.5078125,678092800
2025-11-10 17:45:00+00:00,105847.9609375,105856.828125,105650.2109375,105650.2109375,924491776
2025-11-10 18:00:00+00:00,105754.5546875,106008.5078125,105754.5546875,105907.953125,978558976
2025-11-10 18:15:00+00:00,105998.1796875,106009.125,105719.6875,105740.1796875,56639488
2025-11-10 18:30:00+00:00,105871.59375,105911.7421875,105848.4375,105911.7421875,2825281536
2025-11-10 18:45:00+00:00,105577.453125,105909.234375,105577.453125,105866.84375,0
2025-11-10 19:00:00+00:00,105658.46875,105677.7265625,105395.484375,105521.9765625,798703616
2025-11-10 19:15:00+00:00,105727.3046875,105727.3046875,105581.65625,105642.2421875,1319075840
2025-11-10 19:30:00+00:00,105827.6484375,105855.78125,105486.4140625,105720.015625,151207936
2025-11-10 19:45:00+00:00,105806.75,105984.2890625,105777.3515625,105777.3515625,2244730880
2025-11-10 20:00:00+00:00,106163.1171875,106163.1171875,105769.5625,105769.5625,0
2025-11-10 20:15:00+00:00,106044.9375,106206.28125,105995.7265625,106206.28125,631414784
2025-11-10 20:30:00+00:00,106209.5,106241.0546875,105935.7890625,106021.2421875,0
2025-11-10 20:45:00+00:00,105895.2890625,106239.0859375,105837.59375,106239.0859375,2134089728
2025-11-10 21:00:00+00:00,105529.25,105993.203125,105529.25,105993.203125,155615232
2025-11-10 21:15:00+00:00,105523.5625,105672.0,105499.375,105556.3359375,336601088
2025-11-10 21:30:00+00:00,105446.8125,105600.1328125,105446.8125,105521.390625,243277824
2025-11-10 21:45:00+00:00,105504.109375,105504.109375,105280.71875,105461.234375,866533376
2025-11-10 22:00:00+00:00,105343.1484375,105754.09375,105343.1484375,105569.3125,0
2025-11-10 22:15:00+00:00,105614.609375,105622.4453125,105393.2421875,105393.2421875,934117376
2025-11-10 22:30:00+00:00,105669.8203125,105736.1171875,105593.875,105607.2265625,1383596032
2025-11-10 22:45:00+00:00,105965.234375,106021.6015625,105637.9453125,105644.6796875,0
2025-11-10 23:00:00+00:00,106108.609375,106145.8125,105996.4765625,106025.9296875,0
2025-11-10 23:15:00+00:00,106214.078125,106224.765625,106094.21875,106094.21875,0
2025-11-10 23:30:00+00:00,106082.2109375,106219.8203125,106018.046875,106169.5,1423228928
2025-11-10 23:45:00+00:00,106006.609375,106237.265625,105936.328125,106158.15625,62087168
2025-11-11 00:00:00+00:00,105872.0859375,106072.546875,105795.3359375,105986.1796875,0
2025-11-11 00:15:00+00:00,105639.9296875,105889.109375,105639.9296875,105887.8125,691015680
2025-11-11 00:30:00+00:00,105693.25,105790.40625,105649.6640625,105677.96875,423133184
2025-11-11 00:45:00+00:00,106081.7578125,106081.7578125,105563.3125,105655.1484375,946847744
2025-11-11 01:00:00+00:00,106143.1953125,106153.2578125,106065.4765625,106153.2578125,0
2025-11-11 01:15:00+00:00,106926.3203125,107341.21875,106191.6484375,106191.6484375,857251840
2025-11-11 01:30:00+00:00,106344.6328125,106734.6015625,106273.0234375,106734.6015625,647880704
2025-11-11 01:45:00+00:00,106045.328125,106618.703125,106045.328125,106418.265625,680251392
2025-11-11 02:00:00+00:00,106165.0703125,106179.515625,105700.6640625,106055.3671875,1375494144
2025-11-11 02:15:00+00:00,106342.765625,106367.3671875,105966.4609375,106177.0,2493767680
2025-11-11 02:30:00+00:00,106767.3515625,107036.6875,106358.6796875,106358.6796875,437493760
2025-11-11 02:45:00+00:00,106548.7734375,106815.375,106521.375,106760.6328125,532307968
2025-11-11 03:00:00+00:00,106842.7265625,106944.3671875,106643.1875,106662.78125,973131776
2025-11-11 03:15:00+00:00,106917.09375,107035.3515625,106874.1328125,106874.1328125,786272256
2025-11-11 03:30:00+00:00,106440.34375,106817.9453125,106440.34375,106814.1640625,0
2025-11-11 03:45:00+00:00,106437.6015625,106518.7890625,106399.75,106408.6640625,1472065536
2025-11-11 04:00:00+00:00,106256.0859375,106480.890625,106256.0859375,106446.6640625,605528064
2025-11-11 04:15:00+00:00,106046.875,106247.6640625,106046.875,106182.765625,1670041600
2025-11-11 04:30:00+00:00,105841.3359375,106030.1484375,105841.3359375,105990.109375,854315008
2025-11-11 04:45:00+00:00,105695.9296875,105837.5546875,105695.9296875,105837.5546875,223780864
2025-11-11 05:00:00+00:00,105418.109375,105716.9921875,105418.109375,105716.9921875,307646464
2025-11-11 05:15:00+00:00,105440.78125,105440.78125,105260.234375,105410.9375,1011113984
2025-11-11 05:30:00+00:00,105354.25,105498.40625,105265.6796875,105481.8359375,1186807808
2025-11-11 05:45:00+00:00,105264.28125,105392.234375,105264.28125,105319.859375,1223716864
2025-11-11 06:00:00+00:00,104963.0703125,105281.625,104963.0703125,105240.34375,258531328
2025-11-11 06:15:00+00:00,105077.7421875,105196.4375,105023.0546875,105023.203125,1350991872
2025-11-11 06:30:00+00:00,105032.0078125,105098.703125,104988.4921875,105061.71875,782270464
2025-11-11 06:45:00+00:00,105235.625,105235.625,104910.328125,105016.0234375,546004992
2025-11-11 07:00:00+00:00,105207.1640625,105281.671875,105083.1328125,105234.3828125,62365696
2025-11-11 07:15:00+00:00,105167.265625,105197.765625,104976.265625,105195.8671875,789151744
2025-11-11 07:30:00+00:00,104949.890625,105200.03125,104838.5390625,105167.1484375,782123008
2025-11-11 07:45:00+00:00,104788.7109375,104922.8515625,104773.1953125,104922.8515625,97910784
2025-11-11 08:00:00+00:00,105045.53125,105105.8828125,104765.2265625,104765.2265625,673693696
2025-11-11 08:15:00+00:00,105181.625,105217.59375,105030.453125,105030.453125,115507200
2025-11-11 08:30:00+00:00,104927.9296875,105090.6328125,104902.765625,105090.6328125,672358400
2025-11-11 08:45:00+00:00,105133.015625,105133.015625,104986.90625,104986.90625,75571200
2025-11-11 09:00:00+00:00,105249.5,105311.5234375,105128.796875,105128.796875,166658048
2025-11-11 09:15:00+00:00,105331.3671875,105349.6171875,105122.3203125,105217.140625,670146560
2025-11-11 09:30:00+00:00,105165.28125,105388.515625,105165.28125,105333.4296875,512819200
2025-11-11 09:45:00+00:00,104920.53125,105140.890625,104920.53125,105140.890625,919855104
2025-11-11 10:00:00+00:00,105159.2890625,105164.3515625,104944.6953125,104957.6640625,480059392
2025-11-11 10:15:00+00:00,105132.03125,105162.1171875,105101.125,105101.125,267206656
2025-11-11 10:30:00+00:00,105174.0625,105174.0625,105049.75,105130.171875,2095267840
2025-11-11 10:45:00+00:00,105095.609375,105204.5703125,105056.9375,105188.78125,0
2025-11-11 11:00:00+00:00,105314.6640625,105356.0625,105120.203125,105120.203125,0
2025-11-11 11:15:00+00:00,105304.078125,105325.5703125,105209.6953125,105303.1796875,669483008
2025-11-11 11:30:00+00:00,105457.5625,105457.5625,105293.1171875,105305.78125,708894720
2025-11-11 11:45:00+00:00,105250.3203125,105458.03125,105184.7109375,105448.0,1125580800
2025-11-11 12:00:00+00:00,105451.5546875,105466.7421875,105259.3984375,105307.4453125,498212864
2025-11-11 12:15:00+00:00,104951.1171875,105241.4609375,104951.1171875,105234.7734375,425984
2025-11-11 12:30:00+00:00,104760.734375,104999.7265625,104760.734375,104965.625,32542720
2025-11-11 12:45:00+00:00,104469.0625,104778.8984375,104415.8671875,104762.9296875,1367457792
2025-11-11 13:00:00+00:00,104544.8046875,104665.828125,104499.640625,104499.640625,2595397632
2025-11-11 13:15:00+00:00,104319.359375,104627.53125,104311.7109375,104614.15625,557088768
2025-11-11 13:30:00+00:00,104436.390625,104436.390625,104274.140625,104274.140625,1779367936
2025-11-11 13:45:00+00:00,104389.6875,104531.2890625,104287.8671875,104337.1015625,1590558720
2025-11-11 14:00:00+00:00,104315.7578125,104447.921875,104304.1328125,104366.1953125,6602752
2025-11-11 14:15:00+00:00,104481.8046875,104513.6328125,104364.609375,104364.609375,1458659328
2025-11-11 14:30:00+00:00,104141.890625,104467.0546875,104141.890625,104467.0546875,655900672
2025-11-11 14:45:00+00:00,104515.828125,104515.828125,103879.0234375,104096.5390625,366051328
2025-11-11 15:00:00+00:00,103972.7734375,104613.84375,103972.7734375,104613.84375,0
2025-11-11 15:15:00+00:00,103961.3359375,104222.3046875,103961.3359375,103974.4140625,0
2025-11-11 15:30:00+00:00,103510.7578125,103752.4140625,103428.6171875,103752.4140625,470933504
2025-11-11 15:45:00+00:00,103478.7421875,103524.859375,103238.3828125,103513.578125,577937408
2025-11-11 16:00:00+00:00,103519.921875,103532.8515625,103248.9140625,103497.59375,626974720
2025-11-11 16:15:00+00:00,103496.6015625,103711.1171875,103496.6015625,103523.609375,1607507968
2025-11-11 16:30:00+00:00,103541.34375,103541.34375,103353.7109375,103408.8828125,755597312
2025-11-11 16:45:00+00:00,103389.1171875,103603.515625,103389.1171875,103512.171875,729989120
2025-11-11 17:00:00+00:00,103580.8515625,103587.015625,103316.03125,103405.546875,89047040
2025-11-11 17:15:00+00:00,103397.28125,103574.953125,103349.8359375,103568.765625,686030848
2025-11-11 17:30:00+00:00,102920.3828125,103435.2265625,102898.46875,103382.3984375,351150080
2025-11-11 17:45:00+00:00,103355.859375,103355.859375,102935.53125,102962.5859375,283254784
2025-11-11 18:00:00+00:00,103250.90625,103449.859375,103200.4921875,103376.6796875,120856576
2025-11-11 18:15:00+00:00,103220.109375,103297.125,103109.84375,103225.3125,0
2025-11-11 18:30:00+00:00,103180.5703125,103384.2578125,103180.5703125,103337.0859375,819273728
2025-11-11 18:45:00+00:00,103397.5390625,103487.6875,103147.171875,103147.171875,532111360
2025-11-11 19:00:00+00:00,103121.2265625,103378.9140625,102975.734375,103378.9140625,385138688
2025-11-11 19:15:00+00:00,103361.390625,103404.4453125,103089.140625,103089.140625,697327616
2025-11-11 19:30:00+00:00,103149.2734375,103412.609375,103149.2734375,103378.609375,665001984
2025-11-11 19:45:00+00:00,103111.40625,103357.1171875,103111.40625,103177.703125,3647365120
2025-11-11 20:00:00+00:00,102947.5390625,103105.953125,102843.796875,103105.953125,239214592
2025-11-11 20:15:00+00:00,102961.7265625,103185.375,102961.7265625,102983.4609375,1509769216
2025-11-11 20:30:00+00:00,102834.1171875,102950.4140625,102757.9453125,102950.4140625,413351936
2025-11-11 20:45:00+00:00,102809.6015625,102850.4453125,102785.4765625,102805.375,909836288
2025-11-11 21:00:00+00:00,102931.546875,103017.953125,102678.0859375,102730.4921875,373923840
2025-11-11 21:15:00+00:00,102780.7109375,103007.7578125,102780.7109375,102964.7890625,995426304
2025-11-11 21:30:00+00:00,102489.0078125,102754.265625,102480.1875,102754.265625,46718976
2025-11-11 21:45:00+00:00,102681.2265625,102761.90625,102462.1171875,102503.640625,703889408
2025-11-11 22:00:00+00:00,102827.3984375,102827.3984375,102477.3828125,102698.890625,56827904
2025-11-11 22:15:00+00:00,102900.2890625,102949.359375,102643.2109375,102780.3203125,833978368
2025-11-11 22:30:00+00:00,103009.921875,103009.921875,102870.1875,102914.671875,198705152
2025-11-11 22:45:00+00:00,102972.3203125,103091.6953125,102917.953125,103004.671875,93863936
2025-11-11 23:00:00+00:00,102919.2109375,102954.2890625,102811.0859375,102954.2890625,13656064
2025-11-11 23:15:00+00:00,103120.4609375,103120.4609375,102947.9296875,102947.9296875,2140307456
2025-11-11 23:30:00+00:00,102986.1796875,103087.1171875,102845.25,103087.1171875,0
2025-11-11 23:45:00+00:00,103035.6015625,103037.375,102898.9453125,102967.1171875,1655971840
2025-11-12 00:00:00+00:00,102967.7265625,103226.8359375,102939.84375,103019.21875,374448128
2025-11-12 00:15:00+00:00,103052.03125,103122.4453125,102948.609375,102948.609375,2369712128
2025-11-12 00:30:00+00:00,102901.78125,103021.109375,102862.7109375,103020.640625,357482496
2025-11-12 00:45:00+00:00,102940.546875,103027.59375,102818.3359375,102934.4609375,838213632
2025-11-12 01:00:00+00:00,103105.5859375,103105.5859375,102724.78125,102848.8359375,0
2025-11-12 01:15:00+00:00,103106.515625,103216.9765625,103005.46875,103120.5859375,93020160
2025-11-12 01:30:00+00:00,103205.2109375,103240.8515625,103105.625,103105.625,436883456
2025-11-12 01:45:00+00:00,103197.296875,103304.5234375,103145.75,103163.1328125,0
2025-11-12 02:00:00+00:00,103298.7421875,103325.484375,103178.640625,103216.2265625,0
2025-11-12 02:15:00+00:00,103252.390625,103351.640625,103202.96875,103289.0078125,0
2025-11-12 02:30:00+00:00,102983.796875,103257.0625,102945.9140625,103257.0625,697049088
2025-11-12 02:45:00+00:00,103117.40625,103175.28125,102971.8984375,102993.0234375,23928832
2025-11-12 03:00:00+00:00,103191.96875,103217.1484375,103084.6953125,103112.3671875,357502976
2025-11-12 03:15:00+00:00,103280.4765625,103335.34375,103168.0078125,103168.0078125,236580864
2025-11-12 03:30:00+00:00,103301.796875,103332.2421875,103291.0078125,103291.4375,78135296
2025-11-12 03:45:00+00:00,103262.40625,103398.6484375,103262.203125,103306.5625,212021248
2025-11-12 04:00:00+00:00,103330.296875,103354.1015625,103213.546875,103260.1875,119017472
2025-11-12 04:15:00+00:00,103200.0078125,103411.2734375,103200.0078125,103411.2734375,0
2025-11-12 04:30:00+00:00,103062.640625,103213.6171875,103062.640625,103183.984375,35356672
2025-11-12 04:45:00+00:00,103222.21875,103222.21875,103038.0390625,103043.453125,689106944
2025-11-12 05:00:00+00:00,103293.9609375,103315.8359375,103210.8359375,103210.8359375,0
2025-11-12 05:15:00+00:00,103355.8515625,103422.5625,103262.2109375,103283.8515625,23687168
2025-11-12 05:30:00+00:00,103300.4296875,103348.625,103277.234375,103348.625,587804672
2025-11-12 05:45:00+00:00,103345.4921875,103421.75,103289.1015625,103358.5390625,1183744
2025-11-12 06:00:00+00:00,103554.6171875,103571.4921875,103358.7265625,103358.7265625,0
2025-11-12 06:15:00+00:00,103544.46875,103587.46875,103483.390625,103529.140625,79605760
2025-11-12 06:30:00+00:00,103437.515625,103540.65625,103405.5234375,103540.65625,723759104
2025-11-12 06:45:00+00:00,103345.796875,103454.8984375,103345.796875,103426.484375,607010816
2025-11-12 07:00:00+00:00,103502.9609375,103522.1640625,103343.3671875,103347.2109375,0
2025-11-12 07:15:00+00:00,103456.796875,103511.4140625,103456.7265625,103499.7578125,68263936
2025-11-12 07:30:00+00:00,103466.4296875,103504.15625,103405.1015625,103432.75,34344960
2025-11-12 07:45:00+00:00,103086.46875,103474.2734375,103086.46875,103474.2734375,0
2025-11-12 08:00:00+00:00,103301.8203125,103312.515625,103106.53125,103106.53125,642707456
2025-11-12 08:15:00+00:00,103767.2109375,103785.328125,103289.2578125,103289.2578125,318619648
2025-11-12 08:30:00+00:00,104020.7578125,104178.640625,103840.1171875,103860.8671875,1129996288
2025-11-12 08:45:00+00:00,104125.4140625,104158.203125,104019.2578125,104046.796875,259387392
2025-11-12 09:00:00+00:00,104740.328125,104858.1171875,104135.8203125,104135.8203125,744894464
2025-11-12 09:15:00+00:00,104775.7265625,104983.953125,104761.703125,104788.265625,1186873344
2025-11-12 09:30:00+00:00,104626.96875,104776.140625,104488.1328125,104776.140625,813416448
2025-11-12 09:45:00+00:00,104490.3515625,104604.5859375,104489.2421875,104604.5859375,2151632896
2025-11-12 10:00:00+00:00,104674.515625,104729.578125,104506.8671875,104506.8671875,1230864384
2025-11-12 10:15:00+00:00,104741.2421875,104823.0703125,104701.625,104763.1875,1303728128
2025-11-12 10:30:00+00:00,104843.2109375,104981.7421875,104728.5859375,104728.5859375,323964928
2025-11-12 10:45:00+00:00,104879.21875,104909.75,104826.203125,104845.0078125,1886941184
2025-11-12 11:00:00+00:00,105063.703125,105184.4140625,104905.140625,104917.75,1118265344
2025-11-12 11:15:00+00:00,104859.8828125,105140.2265625,104859.8828125,105090.8203125,656138240
2025-11-12 11:30:00+00:00,104782.6640625,104934.1328125,104770.03125,104810.40625,1112735744
2025-11-12 11:45:00+00:00,105011.9765625,105011.9765625,104776.0078125,104776.0078125,120193024
2025-11-12 12:00:00+00:00,105130.140625,105132.3046875,104860.015625,105008.5078125,1476608000
2025-11-12 12:15:00+00:00,105003.296875,105292.03125,105003.296875,105131.3828125,705822720
2025-11-12 12:30:00+00:00,104859.1640625,105011.453125,104842.2421875,104976.390625,2182483968
2025-11-12 12:45:00+00:00,105015.890625,105069.796875,104879.453125,104879.453125,456458240
2025-11-12 13:00:00+00:00,104868.578125,105014.3515625,104864.84375,105000.6015625,188588032
2025-11-12 13:15:00+00:00,104899.265625,104899.265625,104696.5625,104871.484375,12922880
2025-11-12 13:30:00+00:00,105085.9296875,105096.65625,104878.1875,104960.1484375,0
2025-11-12 13:45:00+00:00,105016.4453125,105157.3359375,105016.046875,105114.1171875,32169984
2025-11-12 14:00:00+00:00,104919.09375,105034.0625,104758.9453125,105034.0625,74158080
2025-11-12 14:15:00+00:00,104754.796875,104934.3203125,104754.796875,104922.9921875,0
2025-11-12 14:30:00+00:00,104650.96875,104835.1015625,104575.90625,104757.578125,672587776
2025-11-12 14:45:00+00:00,103953.8203125,104741.1015625,103834.953125,104670.421875,266678272
2025-11-12 15:00:00+00:00,103989.4765625,104243.09375,103961.9453125,104026.0078125,231927808
2025-11-12 15:15:00+00:00,103501.125,103838.46875,103393.453125,103759.4375,1462353920
2025-11-12 15:30:00+00:00,102698.015625,103631.3828125,102698.015625,103496.703125,686620672
2025-11-12 15:45:00+00:00,102100.9453125,102786.375,102035.890625,102786.375,819277824
2025-11-12 16:00:00+00:00,101561.1953125,102211.4375,101485.6640625,102173.4296875,475033600
2025-11-12 16:15:00+00:00,101713.8125,101816.0546875,101394.4140625,101394.4140625,4504571904
2025-11-12 16:30:00+00:00,101776.6484375,102054.125,101764.3046875,101789.1640625,1262010368
2025-11-12 16:45:00+00:00,101450.7890625,101735.7109375,101450.7890625,101697.03125,546070528
2025-11-12 17:00:00+00:00,101589.734375,101791.53125,101436.4765625,101436.4765625,797954048
2025-11-12 17:15:00+00:00,101589.6484375,101630.9765625,101431.9921875,101562.21875,374702080
2025-11-12 17:30:00+00:00,101869.4296875,102061.3984375,101579.078125,101579.078125,906285056
2025-11-12 17:45:00+00:00,101761.6171875,101858.734375,101593.84375,101858.734375,652636160
2025-11-12 18:00:00+00:00,101637.2421875,101874.1796875,101596.078125,101729.7578125,609882112
2025-11-12 18:15:00+00:00,101646.4453125,101776.7109375,101602.4609375,101643.71875,796643328
2025-11-12 18:30:00+00:00,101635.6796875,101806.53125,101531.421875,101619.4921875,0
2025-11-12 18:45:00+00:00,101577.359375,101577.359375,101423.9140625,101570.34375,1047691264
2025-11-12 19:00:00+00:00,101203.90625,101578.6953125,101108.2265625,101578.6953125,195862528
2025-11-12 19:15:00+00:00,100863.390625,101264.828125,100863.390625,101139.375,476553216
2025-11-12 19:30:00+00:00,101390.8671875,101390.8671875,100930.6328125,101091.8984375,700981248
2025-11-12 19:45:00+00:00,101276.109375,101381.34375,101223.8125,101362.59375,1919373312
2025-11-12 20:00:00+00:00,101417.328125,101496.2578125,101175.1875,101269.5234375,250310656
2025-11-12 20:15:00+00:00,101693.3359375,101717.0859375,101401.6875,101401.6875,221855744
2025-11-12 20:30:00+00:00,101640.84375,101783.0625,101640.84375,101705.25,769462272
2025-11-12 20:45:00+00:00,101512.3671875,101685.6640625,101512.3671875,101685.6640625,256745472
2025-11-12 21:00:00+00:00,101842.1171875,101842.1171875,101523.3828125,101523.3828125,790437888
2025-11-12 21:15:00+00:00,101729.71875,101868.375,101705.078125,101868.375,1014677504
2025-11-12 21:30:00+00:00,101801.7265625,101855.796875,101706.265625,101706.265625,852553728
2025-11-12 21:45:00+00:00,101850.125,101850.625,101736.3359375,101795.3828125,526970880
2025-11-12 22:00:00+00:00,101645.53125,101894.5625,101645.53125,101894.5625,124690432
2025-11-12 22:15:00+00:00,101694.8828125,101729.078125,101462.890625,101462.890625,661331968
2025-11-12 22:30:00+00:00,101795.1875,101795.1875,101632.6328125,101680.484375,325689344
2025-11-12 22:45:00+00:00,101944.15625,101954.2890625,101799.9296875,101803.0390625,810909696
2025-11-12 23:00:00+00:00,101791.34375,101964.8515625,101687.4921875,101964.8515625,2656137216
2025-11-12 23:15:00+00:00,101918.5390625,101965.5,101769.0234375,101769.0234375,2690580480
2025-11-12 23:30:00+00:00,101629.453125,101924.8359375,101629.453125,101924.8359375,97259520
2025-11-12 23:45:00+00:00,101650.5546875,101650.5546875,101509.7578125,101562.8828125,78684160
2025-11-13 00:00:00+00:00,101669.9609375,101772.7734375,101647.65625,101661.0625,1083588608
2025-11-13 00:15:00+00:00,101486.671875,101811.6953125,101470.484375,101701.5390625,818335744
2025-11-13 00:30:00+00:00,101739.9453125,101962.6796875,101482.8359375,101482.8359375,1221455872
2025-11-13 00:45:00+00:00,101831.203125,101939.2265625,101782.296875,101782.296875,133738496
2025-11-13 01:00:00+00:00,102480.59375,102522.2890625,101844.8125,101844.8125,0
2025-11-13 01:15:00+00:00,101878.265625,102433.734375,101878.265625,102433.734375,2845171712
2025-11-13 01:30:00+00:00,102407.6796875,102407.6796875,101978.2734375,101978.2734375,428367872
2025-11-13 01:45:00+00:00,102002.3984375,102404.5859375,101962.296875,102403.71875,2517946368
2025-11-13 02:00:00+00:00,102199.171875,102199.171875,101980.7578125,101980.7578125,697946112
2025-11-13 02:15:00+00:00,102078.28125,102302.1796875,102078.28125,102168.8828125,1984884736
2025-11-13 02:30:00+00:00,102217.5859375,102328.3984375,101994.328125,101994.328125,849100800
2025-11-13 02:45:00+00:00,102056.3984375,102152.296875,102009.96875,102140.6953125,141021184
2025-11-13 03:00:00+00:00,101663.234375,102061.3515625,101663.234375,102061.3515625,110718976
2025-11-13 03:15:00+00:00,102076.9921875,102076.9921875,101027.640625,101325.859375,3975254016
2025-11-13 03:30:00+00:00,102455.125,102455.125,102166.484375,102352.59375,2658717696
2025-11-13 03:45:00+00:00,102291.65625,102444.9453125,102253.125,102444.9453125,586489856
2025-11-13 04:00:00+00:00,101904.25,102245.1484375,101758.1640625,102245.1484375,1742929920
2025-11-13 04:15:00+00:00,102217.4140625,102351.6171875,101884.9453125,101947.1875,722051072
2025-11-13 04:30:00+00:00,101998.375,102222.09375,101959.4921875,102222.09375,1402404864
2025-11-13 04:45:00+00:00,102140.96875,102179.9375,101861.53125,101989.9140625,1657331712
2025-11-13 05:00:00+00:00,101836.5546875,102135.375,101836.5546875,102135.375,83681280
2025-11-13 05:15:00+00:00,102162.3203125,102162.3203125,101852.828125,101852.828125,52469760
2025-11-13 05:30:00+00:00,102485.890625,102528.4375,102215.21875,102327.40625,491888640
2025-11-13 05:45:00+00:00,103261.578125,103261.578125,102518.796875,102519.3046875,619118592
2025-11-13 06:00:00+00:00,103156.8359375,103228.1640625,102941.6328125,103133.265625,2388615168
2025-11-13 06:15:00+00:00,103534.8984375,103539.0390625,103172.7890625,103172.7890625,427171840
2025-11-13 06:30:00+00:00,103414.1015625,103570.7578125,103381.53125,103555.390625,1624227840
2025-11-13 06:45:00+00:00,103599.8046875,103618.5625,103420.6171875,103452.234375,225845248
2025-11-13 07:00:00+00:00,103744.4296875,103793.5546875,103563.421875,103563.421875,1364541440
2025-11-13 07:15:00+00:00,103976.2578125,103976.484375,103732.6796875,103774.1015625,1141473280
2025-11-13 07:30:00+00:00,103584.8203125,103951.34375,103584.8203125,103947.90625,1369341952
2025-11-13 07:45:00+00:00,103443.328125,103552.546875,103322.4296875,103552.546875,29376512
2025-11-13 08:00:00+00:00,103481.3046875,103554.640625,103382.9765625,103475.28125,687742976
2025-11-13 08:15:00+00:00,103708.6796875,103708.6796875,103406.7890625,103466.515625,2095972352
2025-11-13 08:30:00+00:00,103726.0078125,103726.0078125,103643.3203125,103701.765625,310829056
2025-11-13 08:45:00+00:00,103692.09375,103738.9296875,103569.09375,103731.3984375,682164224
2025-11-13 09:00:00+00:00,102735.15625,103699.8203125,102592.3125,103699.8203125,0
2025-11-13 09:15:00+00:00,103014.6171875,103119.0703125,102665.7734375,102823.140625,2033467392
2025-11-13 09:30:00+00:00,103069.7578125,103117.890625,102946.234375,102955.8203125,0
2025-11-13 09:45:00+00:00,102818.9453125,103075.8515625,102647.34375,103075.8515625,2000388096
2025-11-13 10:00:00+00:00,102833.546875,103014.4140625,102824.078125,102824.078125,0
2025-11-13 10:15:00+00:00,103099.9921875,103234.2421875,102798.9375,102819.0078125,92209152
2025-11-13 10:30:00+00:00,102949.4140625,103099.9140625,102909.875,103099.9140625,0
2025-11-13 10:45:00+00:00,102932.0703125,102986.2421875,102906.6015625,102961.59375,17571840
2025-11-13 11:00:00+00:00,103094.5546875,103109.9296875,102976.90625,102976.90625,14024704
2025-11-13 11:15:00+00:00,102897.9140625,103100.296875,102892.15625,103100.296875,712622080
2025-11-13 11:30:00+00:00,102882.9296875,102915.0625,102753.2265625,102906.890625,2079752192
2025-11-13 11:45:00+00:00,102957.8125,103036.7578125,102898.8359375,102944.109375,854016000
2025-11-13 12:00:00+00:00,102929.953125,103038.6640625,102779.6171875,102954.5234375,62496768
2025-11-13 12:15:00+00:00,102918.9609375,102978.609375,102883.171875,102891.8828125,705503232
2025-11-13 12:30:00+00:00,103141.2265625,103212.375,102938.703125,102938.703125,1256931328
2025-11-13 12:45:00+00:00,103139.96875,103233.0234375,103095.5234375,103150.9296875,2382184448
2025-11-13 13:00:00+00:00,102924.7109375,103143.9375,102924.7109375,103143.9375,2017665024
2025-11-13 13:15:00+00:00,102573.9140625,102944.703125,102573.9140625,102920.015625,95125504
2025-11-13 13:30:00+00:00,102509.5390625,102588.2734375,102219.0,102547.9921875,1743609856
2025-11-13 13:45:00+00:00,102305.640625,102599.203125,102277.953125,102528.578125,2555371520
2025-11-13 14:00:00+00:00,102232.875,102475.1640625,102232.875,102297.8046875,757350400
2025-11-13 14:15:00+00:00,102414.9765625,102486.984375,102182.7109375,102213.234375,851132416
2025-11-13 14:30:00+00:00,101961.796875,102524.7890625,101773.21875,102402.4140625,1214103552
2025-11-13 14:45:00+00:00,102881.2265625,103195.1328125,101815.1640625,101837.9453125,564912128
2025-11-13 15:00:00+00:00,102659.4296875,102913.03125,102126.65625,102913.03125,4519059456
2025-11-13 15:15:00+00:00,102115.4921875,102856.3359375,102115.4921875,102791.265625,2805817344
2025-11-13 15:30:00+00:00,101678.890625,102129.2890625,101678.890625,102129.2890625,249044992
2025-11-13 15:45:00+00:00,101301.1953125,101574.8671875,101250.6328125,101574.8671875,254992384
2025-11-13 16:00:00+00:00,101057.0078125,101422.4765625,101057.0078125,101378.4765625,754073600
2025-11-13 16:15:00+00:00,100926.671875,101183.4921875,100726.6328125,101151.4609375,85254144
2025-11-13 16:30:00+00:00,100856.1328125,101298.859375,100856.1328125,101003.2734375,2044092416
2025-11-13 16:45:00+00:00,100566.234375,101096.3671875,100566.234375,100915.625,2997288960
2025-11-13 17:00:00+00:00,100590.5078125,100703.8828125,100485.1953125,100584.7578125,890044416
2025-11-13 17:15:00+00:00,100401.59375,100683.6953125,100195.0546875,100502.21875,666181632
2025-11-13 17:30:00+00:00,99958.609375,100440.0,99876.2265625,100305.8515625,1277894656
2025-11-13 17:45:00+00:00,99718.5859375,100132.375,99718.5859375,99997.234375,669401088
2025-11-13 18:00:00+00:00,99286.828125,99835.4765625,99256.875,99614.265625,2602565632
2025-11-13 18:15:00+00:00,98743.0234375,99379.9375,98743.0234375,99304.1953125,1164034048
2025-11-13 18:30:00+00:00,98538.8515625,98995.3984375,98213.8359375,98915.1640625,3008937984
2025-11-13 18:45:00+00:00,98686.3671875,98686.3671875,98230.125,98589.203125,2086756352
2025-11-13 19:00:00+00:00,98683.0,98772.0234375,98322.21875,98508.6328125,4220035072
2025-11-13 19:15:00+00:00,99191.8125,99191.8125,98422.078125,98677.4921875,626098176
2025-11-13 19:30:00+00:00,98754.921875,99174.2890625,98576.1328125,99174.2890625,2368626688
2025-11-13 19:45:00+00:00,98650.9921875,98880.1953125,98356.0625,98880.1953125,1425768448
2025-11-13 20:00:00+00:00,98246.1328125,98644.015625,98145.3515625,98644.015625,924073984
2025-11-13 20:15:00+00:00,98363.8671875,98438.2734375,98035.65625,98246.9921875,1097170944
2025-11-13 20:30:00+00:00,98591.8125,98908.875,98366.4609375,98451.703125,4725858304
2025-11-13 20:45:00+00:00,98099.3203125,98550.671875,98099.3203125,98550.671875,4446797824
2025-11-13 21:00:00+00:00,98464.03125,98548.25,98051.3515625,98051.3515625,617193472
2025-11-13 21:15:00+00:00,98304.8046875,98538.78125,98197.625,98535.9609375,4720689152
2025-11-13 21:30:00+00:00,98710.484375,98710.484375,98421.28125,98421.28125,4069269504
2025-11-13 21:45:00+00:00,98778.46875,98825.7265625,98641.6171875,98765.4609375,1196515328
2025-11-13 22:00:00+00:00,99238.421875,99238.421875,98717.8828125,98765.1328125,364642304
2025-11-13 22:15:00+00:00,99364.5,99434.203125,99107.03125,99254.5625,3449544704
2025-11-13 22:30:00+00:00,99866.3671875,99866.3671875,99400.234375,99446.5703125,231981056
2025-11-13 22:45:00+00:00,99760.3359375,99810.9296875,99658.3046875,99798.40625,3522691072
2025-11-13 23:00:00+00:00,99914.421875,99914.421875,99583.7578125,99705.84375,312115200
2025-11-13 23:15:00+00:00,100225.2890625,100305.984375,100023.546875,100023.546875,1732485120
2025-11-13 23:30:00+00:00,100377.921875,100436.953125,100172.953125,100190.6640625,2001354752
2025-11-13 23:45:00+00:00,99735.015625,100360.609375,99596.90625,100360.609375,1122754560
2025-11-14 00:00:00+00:00,99255.59375,99690.40625,99124.640625,99690.40625,394084352
2025-11-14 00:15:00+00:00,99481.21875,99481.21875,98808.03125,99252.875,990093312
2025-11-14 00:30:00+00:00,99197.3515625,99658.1796875,99078.0390625,99426.7421875,1488297984
2025-11-14 00:45:00+00:00,98842.765625,99279.3984375,98744.25,99279.3984375,807485440
2025-11-14 01:00:00+00:00,98875.5625,99059.375,98757.9296875,98817.1328125,1640931328
2025-11-14 01:15:00+00:00,98958.28125,99338.6640625,98800.109375,98887.390625,924065792
2025-11-14 01:30:00+00:00,99050.5234375,99481.0859375,98988.75,99014.703125,1091764224
2025-11-14 01:45:00+00:00,99199.328125,99377.578125,99157.171875,99157.171875,1279139840
2025-11-14 02:00:00+00:00,99490.28125,99511.03125,99290.7890625,99290.7890625,2958123008
2025-11-14 02:15:00+00:00,99620.1640625,99764.6953125,99456.7890625,99456.7890625,1058422784
2025-11-14 02:30:00+00:00,99789.0625,99789.0625,99627.9765625,99635.6875,296542208
2025-11-14 02:45:00+00:00,99609.0625,99789.1640625,99587.21875,99782.65625,921804800
2025-11-14 03:00:00+00:00,99299.1484375,99611.859375,99299.1484375,99611.859375,227434496
2025-11-14 03:15:00+00:00,99280.4375,99304.2265625,99086.6796875,99304.2265625,157040640
2025-11-14 03:30:00+00:00,98919.21875,99272.8828125,98898.140625,99272.8828125,613720064
2025-11-14 03:45:00+00:00,99087.3515625,99087.3515625,98818.125,98868.6640625,5123629056
2025-11-14 04:00:00+00:00,98897.3203125,99102.75,98783.4453125,99102.328125,1586692096
2025-11-14 04:15:00+00:00,98872.296875,98930.9609375,98834.359375,98882.0,0
2025-11-14 04:30:00+00:00,97551.4296875,98953.1640625,96841.6015625,98953.1640625,3317358592
2025-11-14 04:45:00+00:00,97772.7109375,97810.6484375,97373.78125,97530.515625,2252840960
2025-11-14 05:00:00+00:00,97555.09375,97908.296875,97502.4140625,97774.09375,812474368
2025-11-14 05:15:00+00:00,97416.546875,97731.4375,97416.546875,97425.9765625,505929728
2025-11-14 05:30:00+00:00,97352.5234375,97453.09375,97162.734375,97375.3671875,3399122944
2025-11-14 05:45:00+00:00,97466.3203125,97586.7890625,97188.4296875,97313.34375,945790976
2025-11-14 06:00:00+00:00,97030.2265625,97479.46875,97030.2265625,97479.46875,4177846272
2025-11-14 06:15:00+00:00,96887.2109375,97181.5703125,96834.21875,97181.5703125,213704704
2025-11-14 06:30:00+00:00,96754.90625,96988.2890625,96754.90625,96928.96875,1774198784
2025-11-14 06:45:00+00:00,97249.4140625,97249.4140625,96120.90625,96771.8515625,1253859328
2025-11-14 07:00:00+00:00,97313.7578125,97646.6953125,96942.1953125,97364.8359375,1197948928
2025-11-14 07:15:00+00:00,97534.375,97534.375,97299.1328125,97385.4921875,466558976
2025-11-14 07:30:00+00:00,97082.9140625,97646.4921875,96874.671875,97646.4921875,6151766016
2025-11-14 07:45:00+00:00,97102.8359375,97519.625,97102.8359375,97113.6484375,734683136
2025-11-14 08:00:00+00:00,96896.9375,97102.5703125,96896.9375,97102.5703125,832061440
2025-11-14 08:15:00+00:00,96847.40625,97361.1796875,96847.40625,96928.859375,249913344
2025-11-14 08:30:00+00:00,97122.1015625,97175.6015625,96856.5234375,96885.203125,4433772544
2025-11-14 08:45:00+00:00,97375.03125,97375.03125,96963.390625,97156.4453125,777920512
2025-11-14 09:00:00+00:00,97299.671875,97473.7734375,97299.0859375,97343.140625,415301632
2025-11-14 09:15:00+00:00,97093.7734375,97309.8046875,96995.453125,97272.8046875,300498944
2025-11-14 09:30:00+00:00,97066.203125,97108.0078125,96718.8359375,97095.8203125,286359552
2025-11-14 09:45:00+00:00,96830.8046875,97089.6875,96777.3828125,97076.890625,263520256
2025-11-14 10:00:00+00:00,96917.8984375,96976.0703125,96729.0390625,96842.84375,720281600
2025-11-14 10:15:00+00:00,96977.5234375,97034.03125,96894.34375,96925.484375,923049984
2025-11-14 10:30:00+00:00,97142.4609375,97241.5859375,96928.84375,96971.5,449200128
2025-11-14 10:45:00+00:00,96725.859375,97176.140625,96719.5,97176.140625,844210176
2025-11-14 11:00:00+00:00,96704.9375,96883.15625,96670.71875,96670.71875,155893760
2025-11-14 11:15:00+00:00,96392.953125,96744.265625,96392.953125,96727.4609375,1663238144
2025-11-14 11:30:00+00:00,96006.8203125,96488.1484375,95987.0625,96488.1484375,673996800
2025-11-14 11:45:00+00:00,96073.0625,96153.7734375,95823.5390625,96153.7734375,5637382144
2025-11-14 12:00:00+00:00,95644.2578125,96152.84375,95644.2578125,96152.84375,3269804032
2025-11-14 12:15:00+00:00,95833.0703125,95833.0703125,95538.0390625,95610.140625,1173217280
2025-11-14 12:30:00+00:00,94612.328125,95766.5,94612.328125,95730.1640625,2414706688
2025-11-14 12:45:00+00:00,95309.578125,95401.328125,94714.53125,94714.53125,1752465408
2025-11-14 13:00:00+00:00,94967.3515625,95428.203125,94967.3515625,95297.5390625,1822556160
2025-11-14 13:15:00+00:00,94952.0234375,95086.8125,94816.7109375,94990.90625,4517085184
2025-11-14 13:30:00+00:00,94525.0625,95028.1953125,94525.0625,94967.09375,298139648
2025-11-14 13:45:00+00:00,95097.0390625,95341.4296875,94579.6875,94649.734375,1319174144
2025-11-14 14:00:00+00:00,95315.25,95656.4375,95061.875,95106.296875,448913408
2025-11-14 14:15:00+00:00,95383.828125,95640.53125,95252.6328125,95252.6328125,2847186944
2025-11-14 14:30:00+00:00,96272.3671875,96374.28125,94984.265625,95481.6953125,1224400896
2025-11-14 14:45:00+00:00,96388.0078125,96629.4609375,96241.0859375,96327.875,1416331264
2025-11-14 15:00:00+00:00,95830.3359375,96472.1953125,95830.3359375,96472.1953125,601202688
2025-11-14 15:15:00+00:00,96712.046875,96712.046875,95890.2890625,95991.1640625,3825745920
2025-11-14 15:30:00+00:00,96703.2421875,96767.0625,96464.3828125,96505.03125,801603584
2025-11-14 15:45:00+00:00,96787.4140625,97182.765625,96701.6953125,96701.6953125,3539435520
2025-11-14 16:00:00+00:00,96570.5859375,96718.0390625,96302.703125,96718.0390625,4748238848
2025-11-14 16:15:00+00:00,97042.9609375,97042.9609375,96332.7265625,96523.0,0
2025-11-14 16:30:00+00:00,97069.46875,97291.0625,96848.859375,96942.9375,829382656
2025-11-14 16:45:00+00:00,97009.90625,97176.21875,96909.375,97052.0625,1304150016
2025-11-14 17:00:00+00:00,96930.8515625,97038.953125,96917.703125,97010.5703125,405045248
2025-11-14 17:15:00+00:00,96531.5859375,97052.4765625,96531.5859375,96931.546875,0
2025-11-14 17:30:00+00:00,96301.2578125,96666.640625,96301.2578125,96666.640625,0
2025-11-14 17:45:00+00:00,95912.78125,96308.5078125,95721.7265625,96293.421875,54542336
2025-11-14 18:00:00+00:00,96201.453125,96201.453125,95738.0,95738.0,532889600
2025-11-14 18:15:00+00:00,95995.2890625,96231.4765625,95737.140625,96231.4765625,379674624
2025-11-14 18:30:00+00:00,95225.859375,96113.9609375,95225.859375,95985.671875,800694272
2025-11-14 18:45:00+00:00,95129.7421875,95382.7578125,95129.7421875,95314.96875,701579264
2025-11-14 19:00:00+00:00,95287.21875,95287.21875,94805.4921875,95020.125,0
2025-11-14 19:15:00+00:00,95711.59375,95801.828125,95321.09375,95321.09375,77144064
2025-11-14 19:30:00+00:00,95363.0,95663.4765625,95346.1328125,95663.4765625,530071552
2025-11-14 19:45:00+00:00,95615.3046875,95734.3046875,95318.3125,95339.8515625,453910528
2025-11-14 20:00:00+00:00,95431.1953125,95799.1796875,95431.1953125,95693.171875,4562804736
2025-11-14 20:15:00+00:00,94918.4375,95475.203125,94918.4375,95393.0859375,0
2025-11-14 20:30:00+00:00,94252.7734375,94976.9765625,94252.7734375,94895.2421875,4425138176
2025-11-14 20:45:00+00:00,94260.015625,94374.375,94183.953125,94256.8828125,4411498496
2025-11-14 21:00:00+00:00,94735.75,94853.859375,94269.0703125,94269.0703125,207126528
2025-11-14 21:15:00+00:00,94587.9609375,95019.5234375,94587.9609375,94804.875,812777472
2025-11-14 21:30:00+00:00,94898.9765625,94898.9765625,94611.8359375,94611.8359375,1649827840
2025-11-14 21:45:00+00:00,95006.015625,95006.015625,94884.796875,94933.234375,1750687744
2025-11-14 22:00:00+00:00,94976.640625,95246.7265625,94945.3984375,94978.234375,1735229440
2025-11-14 22:15:00+00:00,95166.6015625,95166.6015625,94718.390625,94718.390625,917266432
2025-11-14 22:30:00+00:00,95361.140625,95361.859375,95166.828125,95207.09375,0
2025-11-14 22:45:00+00:00,95019.3359375,95375.03125,94839.3046875,95338.921875,832929792
2025-11-14 23:00:00+00:00,94468.1484375,95066.1015625,94148.2421875,95066.1015625,0
2025-11-14 23:15:00+00:00,94275.515625,94627.109375,94171.21875,94565.0234375,1876344832
2025-11-14 23:30:00+00:00,94574.171875,94574.171875,94204.578125,94287.484375,706863104
2025-11-14 23:45:00+00:00,94406.3671875,94865.03125,94406.3671875,94592.78125,0
2025-11-15 00:00:00+00:00,95100.671875,95163.71875,94509.15625,94509.15625,163815424
2025-11-15 00:15:00+00:00,95197.6015625,95275.3671875,95071.9375,95115.7265625,1429987328
2025-11-15 00:30:00+00:00,94910.0390625,95286.453125,94860.0078125,95286.453125,915021824
2025-11-15 00:45:00+00:00,95022.5390625,95036.0,94665.109375,94859.921875,203980800
2025-11-15 01:00:00+00:00,95001.8984375,95056.53125,94692.9921875,95056.53125,531988480
2025-11-15 01:15:00+00:00,95022.359375,95187.0078125,94996.21875,94996.21875,847446016
2025-11-15 01:30:00+00:00,95323.9921875,95323.9921875,95052.6796875,95052.6796875,312770560
2025-11-15 01:45:00+00:00,95574.4296875,95672.140625,95299.4765625,95338.8828125,2075942912
2025-11-15 02:00:00+00:00,95406.765625,95572.75,95377.8671875,95572.75,4831535104
2025-11-15 02:15:00+00:00,95768.2421875,95768.2421875,95402.6875,95422.296875,1225457664
2025-11-15 02:30:00+00:00,95898.2109375,95898.2109375,95629.640625,95786.6015625,947093504
2025-11-15 02:45:00+00:00,96241.234375,96241.234375,95870.484375,96040.6640625,1068810240
2025-11-15 03:00:00+00:00,96339.2578125,96339.2578125,96162.15625,96312.6640625,3661471744
2025-11-15 03:15:00+00:00,96706.703125,96706.703125,96378.234375,96386.8203125,1440129024
2025-11-15 03:30:00+00:00,96223.3671875,96627.28125,96079.5625,96627.28125,6036922368
2025-11-15 03:45:00+00:00,96333.921875,96333.921875,96172.078125,96243.53125,522903552
2025-11-15 04:00:00+00:00,96135.296875,96349.6484375,96088.546875,96349.6484375,2166546432
2025-11-15 04:15:00+00:00,96045.46875,96407.0,96045.46875,96204.6953125,855121920
2025-11-15 04:30:00+00:00,95933.234375,96085.7578125,95933.234375,96020.0078125,3034292224
2025-11-15 04:45:00+00:00,96067.6796875,96112.1484375,95929.453125,95933.7265625,920109056
2025-11-15 05:00:00+00:00,95966.0234375,96132.828125,95966.0234375,96057.34375,492150784
2025-11-15 05:15:00+00:00,96018.140625,96147.578125,95942.1796875,95942.1796875,0
2025-11-15 05:30:00+00:00,96033.59375,96033.59375,95960.7578125,96032.8984375,278167552
2025-11-15 05:45:00+00:00,96261.109375,96343.625,96049.796875,96049.796875,0
2025-11-15 06:00:00+00:00,96418.203125,96418.203125,96218.0234375,96282.5390625,1582006272
2025-11-15 06:15:00+00:00,96361.6875,96447.6328125,96350.5,96371.1640625,0
2025-11-15 06:30:00+00:00,96132.9453125,96495.3828125,96132.9453125,96350.4375,104923136
2025-11-15 06:45:00+00:00,96075.21875,96237.546875,95982.140625,96051.6328125,205504512
2025-11-15 07:00:00+00:00,96075.1015625,96075.1015625,95942.15625,96067.0546875,777379840
2025-11-15 07:15:00+00:00,96245.671875,96288.3125,95983.359375,96097.6171875,0
2025-11-15 07:30:00+00:00,96077.5,96251.9375,96077.5,96229.4453125,0
2025-11-15 07:45:00+00:00,96275.25,96275.25,96080.5,96080.5,388980736
2025-11-15 08:00:00+00:00,96152.1953125,96259.34375,96013.421875,96259.34375,26746880
2025-11-15 08:15:00+00:00,95837.9921875,96090.796875,95787.96875,96090.796875,464543744
2025-11-15 08:30:00+00:00,96015.890625,96190.6953125,95908.703125,95908.703125,388685824
2025-11-15 08:45:00+00:00,95836.65625,95860.921875,95645.6953125,95827.9375,3065028608
2025-11-15 09:00:00+00:00,95971.4609375,95971.4609375,95643.515625,95842.9921875,706592768
2025-11-15 09:15:00+00:00,95914.3359375,96035.0703125,95883.5,95986.71875,1461084160
2025-11-15 09:30:00+00:00,95986.984375,95988.8203125,95819.5078125,95882.453125,348749824
2025-11-15 09:45:00+00:00,95783.796875,95958.0,95728.2890625,95958.0,0
2025-11-15 10:00:00+00:00,95771.21875,95778.875,95652.7578125,95778.875,514777088
2025-11-15 10:15:00+00:00,95835.546875,95835.546875,95690.2890625,95773.5859375,597737472
2025-11-15 10:30:00+00:00,95920.1953125,95920.1953125,95772.6484375,95861.1640625,498966528
2025-11-15 10:45:00+00:00,95912.6171875,95972.9921875,95910.078125,95972.9921875,1023369216
2025-11-15 11:00:00+00:00,95793.40625,95893.65625,95730.0,95893.65625,953999360
2025-11-15 11:15:00+00:00,95750.7109375,95776.9140625,95674.703125,95771.828125,374587392
2025-11-15 11:30:00+00:00,95754.125,95797.84375,95689.0390625,95760.78125,150265856
2025-11-15 11:45:00+00:00,95620.6328125,95730.1796875,95592.90625,95730.1796875,0
2025-11-15 12:00:00+00:00,95654.2890625,95654.2890625,95530.0625,95616.5625,1127448576
2025-11-15 12:15:00+00:00,95783.484375,95792.078125,95627.2578125,95687.734375,0
2025-11-15 12:30:00+00:00,95617.53125,95786.46875,95617.53125,95786.46875,0
2025-11-15 12:45:00+00:00,95719.859375,95779.046875,95611.4765625,95619.3515625,0
2025-11-15 13:00:00+00:00,95857.7734375,95857.7734375,95686.1328125,95706.1875,0
2025-11-15 13:15:00+00:00,96027.4453125,96093.234375,95828.9296875,95828.9296875,2172297216
2025-11-15 13:30:00+00:00,96040.7265625,96143.78125,95953.25,96007.3828125,109920256
2025-11-15 13:45:00+00:00,96270.3984375,96297.6640625,95965.6484375,96033.9375,2204114944
2025-11-15 14:00:00+00:00,96408.375,96408.375,96276.484375,96276.484375,391847936
2025-11-15 14:15:00+00:00,96088.765625,96393.390625,96073.2421875,96388.921875,1272700928
2025-11-15 14:30:00+00:00,96130.0703125,96253.5234375,96035.4453125,96090.9140625,142647296
2025-11-15 14:45:00+00:00,96163.390625,96239.3671875,96073.125,96124.8984375,3340181504
2025-11-15 15:00:00+00:00,96272.109375,96316.71875,96110.9375,96163.3515625,0
2025-11-15 15:15:00+00:00,96323.9140625,96327.125,96105.0,96271.3125,450560
2025-11-15 15:30:00+00:00,96158.03125,96322.171875,96100.3359375,96322.171875,534224896
2025-11-15 15:45:00+00:00,96280.296875,96297.25,96142.5,96142.5,2247729152
2025-11-15 16:00:00+00:00,95832.15625,96210.2109375,95710.1875,96209.8671875,240590848
2025-11-15 16:15:00+00:00,95768.9375,95947.6328125,95711.71875,95828.8046875,250896384
2025-11-15 16:30:00+00:00,95962.9375,95979.65625,95697.15625,95750.59375,0
2025-11-15 16:45:00+00:00,96059.578125,96106.1171875,95936.78125,95980.875,254386176
2025-11-15 17:00:00+00:00,95884.96875,96136.0078125,95866.0,96116.171875,40976384
2025-11-15 17:15:00+00:00,95947.2265625,96237.546875,95829.0703125,95861.578125,1172619264
2025-11-15 17:30:00+00:00,96003.5859375,96003.5859375,95826.125,95965.25,1341767680
2025-11-15 17:45:00+00:00,96131.8359375,96150.1953125,96013.2890625,96013.2890625,341745664
2025-11-15 18:00:00+00:00,96222.2265625,96237.46875,96115.90625,96149.2734375,52817920
2025-11-15 18:15:00+00:00,95984.90625,96220.296875,95928.8515625,96220.296875,0
2025-11-15 18:30:00+00:00,96040.8125,96096.4140625,95963.5625,95987.9609375,446361600
2025-11-15 18:45:00+00:00,95954.25,96055.1875,95944.8046875,96054.875,0
2025-11-15 19:00:00+00:00,96047.1171875,96073.984375,95981.453125,95996.34375,0
2025-11-15 19:15:00+00:00,95947.0390625,96058.90625,95932.0703125,96058.90625,0
2025-11-15 19:30:00+00:00,95932.859375,95983.0,95896.2421875,95977.53125,159776768
2025-11-15 19:45:00+00:00,95983.578125,96003.125,95882.5,95926.0859375,0
2025-11-15 20:00:00+00:00,95880.921875,95975.7578125,95844.8046875,95962.9296875,0
2025-11-15 20:15:00+00:00,95630.7734375,95862.4453125,95621.4140625,95843.375,56885248
2025-11-15 20:30:00+00:00,95497.21875,95651.046875,95497.21875,95632.09375,0
2025-11-15 20:45:00+00:00,95168.140625,95479.859375,95107.578125,95417.8359375,213987328
2025-11-15 21:00:00+00:00,95483.6953125,95594.5703125,95190.1875,95205.5234375,0
2025-11-15 21:15:00+00:00,95424.0234375,95593.515625,95415.2109375,95518.578125,0
2025-11-15 21:30:00+00:00,95167.984375,95429.5625,95159.0,95394.34375,273899520
2025-11-15 21:45:00+00:00,95201.5,95230.5625,95084.671875,95166.9296875,216453120
2025-11-15 22:00:00+00:00,95330.1484375,95330.1484375,95185.5,95204.7890625,345001984
2025-11-15 22:15:00+00:00,95615.421875,95615.421875,95415.5390625,95481.2890625,173318144
2025-11-15 22:30:00+00:00,95440.5859375,95581.453125,95358.34375,95577.765625,154537984
2025-11-15 22:45:00+00:00,95560.59375,95589.5625,95381.703125,95453.6640625,259063808
2025-11-15 23:00:00+00:00,95510.2265625,95569.3359375,95442.0546875,95560.6796875,0
2025-11-15 23:15:00+00:00,95591.890625,95599.9453125,95494.7734375,95497.765625,0
2025-11-15 23:30:00+00:00,95532.296875,95612.2734375,95532.296875,95574.0859375,0
2025-11-15 23:45:00+00:00,95522.75,95570.515625,95511.5703125,95515.1171875,0
